server,login,trade_mode,symbol,probe_month_start,probe_to_plus7d,ticks_found,first_tick_in_probe,last_tick_in_probe,err
XMGlobal-MT5 10,345277936,DEMO,GOLD,2023.09.08,2023.09.15,0,-,-,0
XMGlobal-MT5 10,345277936,DEMO,GOLD,2023.10.08,2023.10.15,0,-,-,0
XMGlobal-MT5 10,345277936,DEMO,GOLD,2023.11.07,2023.11.14,0,-,-,0
XMGlobal-MT5 10,345277936,DEMO,GOLD,2023.12.07,2023.12.14,0,-,-,0
XMGlobal-MT5 10,345277936,DEMO,GOLD,2024.01.06,2024.01.13,756050,2024.01.08 01:00:05,2024.01.12 23:57:59,0
XMGlobal-MT5 10,345277936,DEMO,GOLD,2024.02.05,2024.02.12,591336,2024.02.05 01:00:05,2024.02.09 23:57:58,0
XMGlobal-MT5 10,345277936,DEMO,GOLD,2024.03.06,2024.03.13,922480,2024.03.06 01:00:05,2024.03.13 00:44:28,0
XMGlobal-MT5 10,345277936,DEMO,GOLD,2024.04.05,2024.04.12,1236291,2024.04.05 01:00:05,2024.04.11 23:58:57,0
XMGlobal-MT5 10,345277936,DEMO,GOLD,2024.05.05,2024.05.12,806241,2024.05.06 01:00:05,2024.05.10 23:57:58,0
XMGlobal-MT5 10,345277936,DEMO,GOLD,2024.06.04,2024.06.11,1046579,2024.06.04 01:00:05,2024.06.10 23:58:59,0
XMGlobal-MT5 10,345277936,DEMO,GOLD,2024.07.04,2024.07.11,819992,2024.07.04 01:00:06,2024.07.10 23:58:59,0
XMGlobal-MT5 10,345277936,DEMO,GOLD,2024.08.03,2024.08.10,1599639,2024.08.05 01:00:05,2024.08.09 23:57:59,0
XMGlobal-MT5 10,345277936,DEMO,GOLD,2024.09.02,2024.09.09,1063317,2024.09.02 01:00:08,2024.09.06 23:57:54,0
XMGlobal-MT5 10,345277936,DEMO,GOLD,2024.10.02,2024.10.09,1274488,2024.10.02 01:00:05,2024.10.08 23:58:55,0
XMGlobal-MT5 10,345277936,DEMO,GOLD,2024.11.01,2024.11.08,1432075,2024.11.01 00:44:30,2024.11.07 23:58:59,0
XMGlobal-MT5 10,345277936,DEMO,GOLD,2024.12.01,2024.12.08,1232256,2024.12.02 01:00:05,2024.12.06 23:57:59,0
XMGlobal-MT5 10,345277936,DEMO,GOLD,2024.12.31,2025.01.07,773786,2024.12.31 01:00:05,2025.01.06 23:58:55,0
XMGlobal-MT5 10,345277936,DEMO,GOLD,2025.01.30,2025.02.06,1178801,2025.01.30 01:00:05,2025.02.05 23:58:59,0
XMGlobal-MT5 10,345277936,DEMO,GOLD,2025.03.01,2025.03.08,1139070,2025.03.03 01:00:05,2025.03.07 23:57:58,0
XMGlobal-MT5 10,345277936,DEMO,GOLD,2025.03.31,2025.04.07,1312944,2025.03.31 01:00:05,2025.04.04 23:57:59,0
XMGlobal-MT5 10,345277936,DEMO,GOLD,2025.04.30,2025.05.07,1157072,2025.04.30 01:00:12,2025.05.06 23:58:59,0
XMGlobal-MT5 10,345277936,DEMO,GOLD,2025.05.30,2025.06.06,1337865,2025.05.30 01:00:05,2025.06.05 23:58:59,0
XMGlobal-MT5 10,345277936,DEMO,GOLD,2025.06.29,2025.07.06,1006316,2025.06.30 01:00:05,2025.07.04 19:55:00,0
XMGlobal-MT5 10,345277936,DEMO,GOLD,2025.07.29,2025.08.05,1168182,2025.07.29 01:00:05,2025.08.04 23:58:55,0
XMGlobal-MT5 10,345277936,DEMO,GOLD,2025.08.28,2025.09.04,1161309,2025.08.28 01:00:05,2025.09.03 23:58:58,0
XMGlobal-MT5 10,345277936,DEMO,GOLD,2025.09.27,2025.10.04,1489420,2025.09.29 01:00:00,2025.10.03 23:57:59,0
XMGlobal-MT5 10,345277936,DEMO,GOLD,2025.10.27,2025.11.03,1853554,2025.10.27 00:44:29,2025.10.31 22:57:58,0
XMGlobal-MT5 10,345277936,DEMO,GOLD,2025.11.26,2025.12.03,1365330,2025.11.26 01:00:00,2025.12.02 23:58:57,0
XMGlobal-MT5 10,345277936,DEMO,GOLD,2025.12.26,2026.01.02,1414780,2025.12.26 08:00:00,2025.12.31 19:59:59,0
XMGlobal-MT5 10,345277936,DEMO,GOLD,2026.01.25,2026.02.01,2596682,2026.01.26 01:00:01,2026.01.30 23:57:59,0
XMGlobal-MT5 10,345277936,DEMO,GOLD,2026.02.24,2026.03.03,1741007,2026.02.24 01:00:00,2026.03.02 23:58:57,0
XMGlobal-MT5 10,345277936,DEMO,GOLD,2026.03.26,2026.04.02,2129622,2026.03.26 00:44:29,2026.04.01 23:58:59,0
XMGlobal-MT5 10,345277936,DEMO,GOLD,2026.04.25,2026.05.02,1732813,2026.04.27 01:00:01,2026.05.01 23:57:59,0
XMGlobal-MT5 10,345277936,DEMO,GOLD,2026.05.25,2026.06.01,1542840,2026.05.25 01:00:02,2026.05.29 23:57:59,0
XMGlobal-MT5 10,345277936,DEMO,GOLD,2026.06.24,2026.07.01,2293159,2026.06.24 01:00:02,2026.06.30 23:58:58,0
XMGlobal-MT5 10,345277936,DEMO,GOLD,2026.07.24,2026.07.31,2133154,2026.07.24 01:00:02,2026.07.30 23:58:59,0
XMGlobal-MT5 10,345277936,DEMO,GOLD,2026.08.23,2026.08.30,1743292,2026.08.24 01:00:02,2026.08.28 23:57:59,0
XMGlobal-MT5 10,345277936,DEMO,XAUEUR,2023.09.08,2023.09.15,0,-,-,0
XMGlobal-MT5 10,345277936,DEMO,XAUEUR,2023.10.08,2023.10.15,0,-,-,0
XMGlobal-MT5 10,345277936,DEMO,XAUEUR,2023.11.07,2023.11.14,0,-,-,0
XMGlobal-MT5 10,345277936,DEMO,XAUEUR,2023.12.07,2023.12.14,0,-,-,0
XMGlobal-MT5 10,345277936,DEMO,XAUEUR,2024.01.06,2024.01.13,511168,2024.01.08 01:00:10,2024.01.12 23:57:59,0
XMGlobal-MT5 10,345277936,DEMO,XAUEUR,2024.02.05,2024.02.12,360170,2024.02.05 01:00:31,2024.02.09 23:57:56,0
XMGlobal-MT5 10,345277936,DEMO,XAUEUR,2024.03.06,2024.03.13,606039,2024.03.06 01:00:05,2024.03.13 00:44:28,0
XMGlobal-MT5 10,345277936,DEMO,XAUEUR,2024.04.05,2024.04.12,759227,2024.04.05 01:00:05,2024.04.11 23:58:57,0
XMGlobal-MT5 10,345277936,DEMO,XAUEUR,2024.05.05,2024.05.12,547806,2024.05.06 01:01:25,2024.05.10 23:57:57,0
XMGlobal-MT5 10,345277936,DEMO,XAUEUR,2024.06.04,2024.06.11,615880,2024.06.04 01:00:05,2024.06.10 23:58:59,0
XMGlobal-MT5 10,345277936,DEMO,XAUEUR,2024.07.04,2024.07.11,533493,2024.07.04 01:00:21,2024.07.10 23:58:59,0
XMGlobal-MT5 10,345277936,DEMO,XAUEUR,2024.08.03,2024.08.10,1213745,2024.08.05 01:00:18,2024.08.09 23:57:59,0
XMGlobal-MT5 10,345277936,DEMO,XAUEUR,2024.09.02,2024.09.09,751885,2024.09.02 01:00:20,2024.09.06 23:57:55,0
XMGlobal-MT5 10,345277936,DEMO,XAUEUR,2024.10.02,2024.10.09,864397,2024.10.02 01:00:09,2024.10.08 23:58:58,0
XMGlobal-MT5 10,345277936,DEMO,XAUEUR,2024.11.01,2024.11.08,1048979,2024.11.01 00:44:30,2024.11.07 23:58:58,0
XMGlobal-MT5 10,345277936,DEMO,XAUEUR,2024.12.01,2024.12.08,999370,2024.12.02 01:00:17,2024.12.06 23:57:53,0
XMGlobal-MT5 10,345277936,DEMO,XAUEUR,2024.12.31,2025.01.07,691015,2024.12.31 01:00:11,2025.01.06 23:58:58,0
XMGlobal-MT5 10,345277936,DEMO,XAUEUR,2025.01.30,2025.02.06,1286954,2025.01.30 01:00:08,2025.02.05 23:58:59,0
XMGlobal-MT5 10,345277936,DEMO,XAUEUR,2025.03.01,2025.03.08,1273921,2025.03.03 01:00:05,2025.03.07 23:57:59,0
XMGlobal-MT5 10,345277936,DEMO,XAUEUR,2025.03.31,2025.04.07,1350639,2025.03.31 01:00:05,2025.04.04 23:57:59,0
XMGlobal-MT5 10,345277936,DEMO,XAUEUR,2025.04.30,2025.05.07,1156168,2025.04.30 01:03:02,2025.05.06 23:58:59,0
XMGlobal-MT5 10,345277936,DEMO,XAUEUR,2025.05.30,2025.06.06,1166596,2025.05.30 01:00:19,2025.06.05 23:58:59,0
XMGlobal-MT5 10,345277936,DEMO,XAUEUR,2025.06.29,2025.07.06,823359,2025.06.30 01:00:05,2025.07.04 19:55:00,0
XMGlobal-MT5 10,345277936,DEMO,XAUEUR,2025.07.29,2025.08.05,974586,2025.07.29 01:00:14,2025.08.04 23:58:59,0
XMGlobal-MT5 10,345277936,DEMO,XAUEUR,2025.08.28,2025.09.04,943622,2025.08.28 01:00:16,2025.09.03 23:58:59,0
XMGlobal-MT5 10,345277936,DEMO,XAUEUR,2025.09.27,2025.10.04,1200269,2025.09.29 01:00:04,2025.10.03 23:57:59,0
XMGlobal-MT5 10,345277936,DEMO,XAUEUR,2025.10.27,2025.11.03,1572650,2025.10.27 00:44:29,2025.10.31 22:57:59,0
XMGlobal-MT5 10,345277936,DEMO,XAUEUR,2025.11.26,2025.12.03,1178908,2025.11.26 01:00:00,2025.12.02 23:58:57,0
XMGlobal-MT5 10,345277936,DEMO,XAUEUR,2025.12.26,2026.01.02,1304996,2025.12.26 08:00:00,2025.12.31 19:59:59,0
XMGlobal-MT5 10,345277936,DEMO,XAUEUR,2026.01.25,2026.02.01,2456945,2026.01.26 01:00:17,2026.01.30 23:57:59,0
XMGlobal-MT5 10,345277936,DEMO,XAUEUR,2026.02.24,2026.03.03,1197295,2026.02.24 01:00:08,2026.03.02 23:58:52,0
XMGlobal-MT5 10,345277936,DEMO,XAUEUR,2026.03.26,2026.04.02,1480715,2026.03.26 00:44:29,2026.04.01 23:58:59,0
XMGlobal-MT5 10,345277936,DEMO,XAUEUR,2026.04.25,2026.05.02,1324844,2026.04.27 01:00:14,2026.05.01 23:57:59,0
XMGlobal-MT5 10,345277936,DEMO,XAUEUR,2026.05.25,2026.06.01,1323238,2026.05.25 01:00:54,2026.05.29 23:57:59,0
XMGlobal-MT5 10,345277936,DEMO,XAUEUR,2026.06.24,2026.07.01,1428923,2026.06.24 01:00:06,2026.06.30 23:58:59,0
XMGlobal-MT5 10,345277936,DEMO,XAUEUR,2026.07.24,2026.07.31,1485789,2026.07.24 01:00:10,2026.07.30 23:58:59,0
XMGlobal-MT5 10,345277936,DEMO,XAUEUR,2026.08.23,2026.08.30,1646132,2026.08.24 01:00:10,2026.08.28 23:57:59,0
XMGlobal-MT5 10,345277936,DEMO,XAUCNH,2023.09.08,2023.09.15,0,-,-,0
XMGlobal-MT5 10,345277936,DEMO,XAUCNH,2023.10.08,2023.10.15,0,-,-,0
XMGlobal-MT5 10,345277936,DEMO,XAUCNH,2023.11.07,2023.11.14,0,-,-,0
XMGlobal-MT5 10,345277936,DEMO,XAUCNH,2023.12.07,2023.12.14,0,-,-,0
XMGlobal-MT5 10,345277936,DEMO,XAUCNH,2024.01.06,2024.01.13,0,-,-,0
XMGlobal-MT5 10,345277936,DEMO,XAUCNH,2024.02.05,2024.02.12,0,-,-,0
XMGlobal-MT5 10,345277936,DEMO,XAUCNH,2024.03.06,2024.03.13,0,-,-,0
XMGlobal-MT5 10,345277936,DEMO,XAUCNH,2024.04.05,2024.04.12,0,-,-,0
XMGlobal-MT5 10,345277936,DEMO,XAUCNH,2024.05.05,2024.05.12,0,-,-,0
XMGlobal-MT5 10,345277936,DEMO,XAUCNH,2024.06.04,2024.06.11,0,-,-,0
XMGlobal-MT5 10,345277936,DEMO,XAUCNH,2024.07.04,2024.07.11,0,-,-,0
XMGlobal-MT5 10,345277936,DEMO,XAUCNH,2024.08.03,2024.08.10,0,-,-,0
XMGlobal-MT5 10,345277936,DEMO,XAUCNH,2024.09.02,2024.09.09,0,-,-,0
XMGlobal-MT5 10,345277936,DEMO,XAUCNH,2024.10.02,2024.10.09,0,-,-,0
XMGlobal-MT5 10,345277936,DEMO,XAUCNH,2024.11.01,2024.11.08,0,-,-,0
XMGlobal-MT5 10,345277936,DEMO,XAUCNH,2024.12.01,2024.12.08,0,-,-,0
XMGlobal-MT5 10,345277936,DEMO,XAUCNH,2024.12.31,2025.01.07,0,-,-,0
XMGlobal-MT5 10,345277936,DEMO,XAUCNH,2025.01.30,2025.02.06,0,-,-,0
XMGlobal-MT5 10,345277936,DEMO,XAUCNH,2025.03.01,2025.03.08,0,-,-,0
XMGlobal-MT5 10,345277936,DEMO,XAUCNH,2025.03.31,2025.04.07,0,-,-,0
XMGlobal-MT5 10,345277936,DEMO,XAUCNH,2025.04.30,2025.05.07,0,-,-,0
XMGlobal-MT5 10,345277936,DEMO,XAUCNH,2025.05.30,2025.06.06,0,-,-,0
XMGlobal-MT5 10,345277936,DEMO,XAUCNH,2025.06.29,2025.07.06,0,-,-,0
XMGlobal-MT5 10,345277936,DEMO,XAUCNH,2025.07.29,2025.08.05,0,-,-,0
XMGlobal-MT5 10,345277936,DEMO,XAUCNH,2025.08.28,2025.09.04,0,-,-,0
XMGlobal-MT5 10,345277936,DEMO,XAUCNH,2025.09.27,2025.10.04,1669576,2025.09.29 01:00:00,2025.10.03 23:57:59,0
XMGlobal-MT5 10,345277936,DEMO,XAUCNH,2025.10.27,2025.11.03,2040842,2025.10.27 00:44:29,2025.10.31 22:57:58,0
XMGlobal-MT5 10,345277936,DEMO,XAUCNH,2025.11.26,2025.12.03,1502642,2025.11.26 01:00:00,2025.12.02 23:58:57,0
XMGlobal-MT5 10,345277936,DEMO,XAUCNH,2025.12.26,2026.01.02,1038889,2025.12.26 08:00:00,2025.12.31 19:59:59,0
XMGlobal-MT5 10,345277936,DEMO,XAUCNH,2026.01.25,2026.02.01,2859909,2026.01.26 01:00:01,2026.01.30 23:55:08,0
XMGlobal-MT5 10,345277936,DEMO,XAUCNH,2026.02.24,2026.03.03,1636469,2026.02.24 01:03:00,2026.03.02 23:58:58,0
XMGlobal-MT5 10,345277936,DEMO,XAUCNH,2026.03.26,2026.04.02,2153843,2026.03.26 00:44:29,2026.04.01 23:58:59,0
XMGlobal-MT5 10,345277936,DEMO,XAUCNH,2026.04.25,2026.05.02,1221831,2026.04.27 01:00:02,2026.05.01 23:57:59,0
XMGlobal-MT5 10,345277936,DEMO,XAUCNH,2026.05.25,2026.06.01,573152,2026.05.25 01:01:16,2026.05.29 23:57:59,0
XMGlobal-MT5 10,345277936,DEMO,XAUCNH,2026.06.24,2026.07.01,2582108,2026.06.24 01:00:05,2026.06.30 23:58:59,0
XMGlobal-MT5 10,345277936,DEMO,XAUCNH,2026.07.24,2026.07.31,2402851,2026.07.24 01:00:02,2026.07.30 23:58:59,0
XMGlobal-MT5 10,345277936,DEMO,XAUCNH,2026.08.23,2026.08.30,1930371,2026.08.24 01:00:03,2026.08.28 23:57:59,0
XMGlobal-MT5 10,345277936,DEMO,XAUJPY,2023.09.08,2023.09.15,0,-,-,0
XMGlobal-MT5 10,345277936,DEMO,XAUJPY,2023.10.08,2023.10.15,0,-,-,0
XMGlobal-MT5 10,345277936,DEMO,XAUJPY,2023.11.07,2023.11.14,0,-,-,0
XMGlobal-MT5 10,345277936,DEMO,XAUJPY,2023.12.07,2023.12.14,0,-,-,0
XMGlobal-MT5 10,345277936,DEMO,XAUJPY,2024.01.06,2024.01.13,0,-,-,0
XMGlobal-MT5 10,345277936,DEMO,XAUJPY,2024.02.05,2024.02.12,0,-,-,0
XMGlobal-MT5 10,345277936,DEMO,XAUJPY,2024.03.06,2024.03.13,0,-,-,0
XMGlobal-MT5 10,345277936,DEMO,XAUJPY,2024.04.05,2024.04.12,0,-,-,0
XMGlobal-MT5 10,345277936,DEMO,XAUJPY,2024.05.05,2024.05.12,0,-,-,0
XMGlobal-MT5 10,345277936,DEMO,XAUJPY,2024.06.04,2024.06.11,0,-,-,0
XMGlobal-MT5 10,345277936,DEMO,XAUJPY,2024.07.04,2024.07.11,0,-,-,0
XMGlobal-MT5 10,345277936,DEMO,XAUJPY,2024.08.03,2024.08.10,0,-,-,0
XMGlobal-MT5 10,345277936,DEMO,XAUJPY,2024.09.02,2024.09.09,0,-,-,0
XMGlobal-MT5 10,345277936,DEMO,XAUJPY,2024.10.02,2024.10.09,0,-,-,0
XMGlobal-MT5 10,345277936,DEMO,XAUJPY,2024.11.01,2024.11.08,0,-,-,0
XMGlobal-MT5 10,345277936,DEMO,XAUJPY,2024.12.01,2024.12.08,0,-,-,0
XMGlobal-MT5 10,345277936,DEMO,XAUJPY,2024.12.31,2025.01.07,0,-,-,0
XMGlobal-MT5 10,345277936,DEMO,XAUJPY,2025.01.30,2025.02.06,0,-,-,0
XMGlobal-MT5 10,345277936,DEMO,XAUJPY,2025.03.01,2025.03.08,0,-,-,0
XMGlobal-MT5 10,345277936,DEMO,XAUJPY,2025.03.31,2025.04.07,0,-,-,0
XMGlobal-MT5 10,345277936,DEMO,XAUJPY,2025.04.30,2025.05.07,0,-,-,0
XMGlobal-MT5 10,345277936,DEMO,XAUJPY,2025.05.30,2025.06.06,0,-,-,0
XMGlobal-MT5 10,345277936,DEMO,XAUJPY,2025.06.29,2025.07.06,0,-,-,0
XMGlobal-MT5 10,345277936,DEMO,XAUJPY,2025.07.29,2025.08.05,0,-,-,0
XMGlobal-MT5 10,345277936,DEMO,XAUJPY,2025.08.28,2025.09.04,0,-,-,0
XMGlobal-MT5 10,345277936,DEMO,XAUJPY,2025.09.27,2025.10.04,1897843,2025.09.29 01:00:00,2025.10.03 23:57:59,0
XMGlobal-MT5 10,345277936,DEMO,XAUJPY,2025.10.27,2025.11.03,2295100,2025.10.27 00:44:29,2025.10.31 22:57:59,0
XMGlobal-MT5 10,345277936,DEMO,XAUJPY,2025.11.26,2025.12.03,1969487,2025.11.26 01:00:00,2025.12.02 23:58:57,0
XMGlobal-MT5 10,345277936,DEMO,XAUJPY,2025.12.26,2026.01.02,1321912,2025.12.26 08:00:00,2025.12.31 19:59:59,0
XMGlobal-MT5 10,345277936,DEMO,XAUJPY,2026.01.25,2026.02.01,3151636,2026.01.26 01:00:01,2026.01.30 23:57:59,0
XMGlobal-MT5 10,345277936,DEMO,XAUJPY,2026.02.24,2026.03.03,1980020,2026.02.24 01:00:15,2026.03.02 23:58:59,0
XMGlobal-MT5 10,345277936,DEMO,XAUJPY,2026.03.26,2026.04.02,2321421,2026.03.26 00:44:29,2026.04.01 23:58:58,0
XMGlobal-MT5 10,345277936,DEMO,XAUJPY,2026.04.25,2026.05.02,1446025,2026.04.27 01:00:09,2026.05.01 23:55:00,0
XMGlobal-MT5 10,345277936,DEMO,XAUJPY,2026.05.25,2026.06.01,1094636,2026.05.25 01:00:05,2026.05.29 23:54:14,0
XMGlobal-MT5 10,345277936,DEMO,XAUJPY,2026.06.24,2026.07.01,2721681,2026.06.24 01:00:02,2026.06.30 23:58:58,0
XMGlobal-MT5 10,345277936,DEMO,XAUJPY,2026.07.24,2026.07.31,2606606,2026.07.24 01:00:02,2026.07.30 23:58:59,0
XMGlobal-MT5 10,345277936,DEMO,XAUJPY,2026.08.23,2026.08.30,2187258,2026.08.24 01:00:07,2026.08.28 23:57:59,0
XMGlobal-MT5 10,345277936,DEMO,GOLD24-7,2023.09.08,2023.09.15,0,-,-,0
XMGlobal-MT5 10,345277936,DEMO,GOLD24-7,2023.10.08,2023.10.15,0,-,-,0
XMGlobal-MT5 10,345277936,DEMO,GOLD24-7,2023.11.07,2023.11.14,0,-,-,0
XMGlobal-MT5 10,345277936,DEMO,GOLD24-7,2023.12.07,2023.12.14,0,-,-,0
XMGlobal-MT5 10,345277936,DEMO,GOLD24-7,2024.01.06,2024.01.13,0,-,-,0
XMGlobal-MT5 10,345277936,DEMO,GOLD24-7,2024.02.05,2024.02.12,0,-,-,0
XMGlobal-MT5 10,345277936,DEMO,GOLD24-7,2024.03.06,2024.03.13,0,-,-,0
XMGlobal-MT5 10,345277936,DEMO,GOLD24-7,2024.04.05,2024.04.12,0,-,-,0
XMGlobal-MT5 10,345277936,DEMO,GOLD24-7,2024.05.05,2024.05.12,0,-,-,0
XMGlobal-MT5 10,345277936,DEMO,GOLD24-7,2024.06.04,2024.06.11,0,-,-,0
XMGlobal-MT5 10,345277936,DEMO,GOLD24-7,2024.07.04,2024.07.11,0,-,-,0
XMGlobal-MT5 10,345277936,DEMO,GOLD24-7,2024.08.03,2024.08.10,0,-,-,0
XMGlobal-MT5 10,345277936,DEMO,GOLD24-7,2024.09.02,2024.09.09,0,-,-,0
XMGlobal-MT5 10,345277936,DEMO,GOLD24-7,2024.10.02,2024.10.09,0,-,-,0
XMGlobal-MT5 10,345277936,DEMO,GOLD24-7,2024.11.01,2024.11.08,0,-,-,0
XMGlobal-MT5 10,345277936,DEMO,GOLD24-7,2024.12.01,2024.12.08,0,-,-,0
XMGlobal-MT5 10,345277936,DEMO,GOLD24-7,2024.12.31,2025.01.07,0,-,-,0
XMGlobal-MT5 10,345277936,DEMO,GOLD24-7,2025.01.30,2025.02.06,0,-,-,0
XMGlobal-MT5 10,345277936,DEMO,GOLD24-7,2025.03.01,2025.03.08,0,-,-,0
XMGlobal-MT5 10,345277936,DEMO,GOLD24-7,2025.03.31,2025.04.07,0,-,-,0
XMGlobal-MT5 10,345277936,DEMO,GOLD24-7,2025.04.30,2025.05.07,0,-,-,0
XMGlobal-MT5 10,345277936,DEMO,GOLD24-7,2025.05.30,2025.06.06,0,-,-,0
XMGlobal-MT5 10,345277936,DEMO,GOLD24-7,2025.06.29,2025.07.06,0,-,-,0
XMGlobal-MT5 10,345277936,DEMO,GOLD24-7,2025.07.29,2025.08.05,0,-,-,0
XMGlobal-MT5 10,345277936,DEMO,GOLD24-7,2025.08.28,2025.09.04,0,-,-,0
XMGlobal-MT5 10,345277936,DEMO,GOLD24-7,2025.09.27,2025.10.04,0,-,-,0
XMGlobal-MT5 10,345277936,DEMO,GOLD24-7,2025.10.27,2025.11.03,0,-,-,0
XMGlobal-MT5 10,345277936,DEMO,GOLD24-7,2025.11.26,2025.12.03,0,-,-,0
XMGlobal-MT5 10,345277936,DEMO,GOLD24-7,2025.12.26,2026.01.02,0,-,-,0
XMGlobal-MT5 10,345277936,DEMO,GOLD24-7,2026.01.25,2026.02.01,0,-,-,0
XMGlobal-MT5 10,345277936,DEMO,GOLD24-7,2026.02.24,2026.03.03,0,-,-,0
XMGlobal-MT5 10,345277936,DEMO,GOLD24-7,2026.03.26,2026.04.02,0,-,-,0
XMGlobal-MT5 10,345277936,DEMO,GOLD24-7,2026.04.25,2026.05.02,0,-,-,0
XMGlobal-MT5 10,345277936,DEMO,GOLD24-7,2026.05.25,2026.06.01,0,-,-,0
XMGlobal-MT5 10,345277936,DEMO,GOLD24-7,2026.06.24,2026.07.01,0,-,-,0
XMGlobal-MT5 10,345277936,DEMO,GOLD24-7,2026.07.24,2026.07.31,3132964,2026.07.24 01:00:02,2026.07.30 23:58:59,0
XMGlobal-MT5 10,345277936,DEMO,GOLD24-7,2026.08.23,2026.08.30,2435370,2026.08.23 00:45:16,2026.08.30 00:44:12,0
XMGlobal-MT5 10,345277936,DEMO,XAUUSD_DSC,2023.09.08,2023.09.15,0,-,-,0
XMGlobal-MT5 10,345277936,DEMO,XAUUSD_DSC,2023.10.08,2023.10.15,0,-,-,0
XMGlobal-MT5 10,345277936,DEMO,XAUUSD_DSC,2023.11.07,2023.11.14,0,-,-,0
XMGlobal-MT5 10,345277936,DEMO,XAUUSD_DSC,2023.12.07,2023.12.14,0,-,-,0
XMGlobal-MT5 10,345277936,DEMO,XAUUSD_DSC,2024.01.06,2024.01.13,0,-,-,0
XMGlobal-MT5 10,345277936,DEMO,XAUUSD_DSC,2024.02.05,2024.02.12,0,-,-,0
XMGlobal-MT5 10,345277936,DEMO,XAUUSD_DSC,2024.03.06,2024.03.13,0,-,-,0
XMGlobal-MT5 10,345277936,DEMO,XAUUSD_DSC,2024.04.05,2024.04.12,0,-,-,0
XMGlobal-MT5 10,345277936,DEMO,XAUUSD_DSC,2024.05.05,2024.05.12,0,-,-,0
XMGlobal-MT5 10,345277936,DEMO,XAUUSD_DSC,2024.06.04,2024.06.11,0,-,-,0
XMGlobal-MT5 10,345277936,DEMO,XAUUSD_DSC,2024.07.04,2024.07.11,0,-,-,0
XMGlobal-MT5 10,345277936,DEMO,XAUUSD_DSC,2024.08.03,2024.08.10,0,-,-,0
XMGlobal-MT5 10,345277936,DEMO,XAUUSD_DSC,2024.09.02,2024.09.09,0,-,-,0
XMGlobal-MT5 10,345277936,DEMO,XAUUSD_DSC,2024.10.02,2024.10.09,0,-,-,0
XMGlobal-MT5 10,345277936,DEMO,XAUUSD_DSC,2024.11.01,2024.11.08,0,-,-,0
XMGlobal-MT5 10,345277936,DEMO,XAUUSD_DSC,2024.12.01,2024.12.08,0,-,-,0
XMGlobal-MT5 10,345277936,DEMO,XAUUSD_DSC,2024.12.31,2025.01.07,0,-,-,0
XMGlobal-MT5 10,345277936,DEMO,XAUUSD_DSC,2025.01.30,2025.02.06,0,-,-,0
XMGlobal-MT5 10,345277936,DEMO,XAUUSD_DSC,2025.03.01,2025.03.08,0,-,-,0
XMGlobal-MT5 10,345277936,DEMO,XAUUSD_DSC,2025.03.31,2025.04.07,0,-,-,0
XMGlobal-MT5 10,345277936,DEMO,XAUUSD_DSC,2025.04.30,2025.05.07,0,-,-,0
XMGlobal-MT5 10,345277936,DEMO,XAUUSD_DSC,2025.05.30,2025.06.06,0,-,-,0
XMGlobal-MT5 10,345277936,DEMO,XAUUSD_DSC,2025.06.29,2025.07.06,0,-,-,0
XMGlobal-MT5 10,345277936,DEMO,XAUUSD_DSC,2025.07.29,2025.08.05,0,-,-,0
XMGlobal-MT5 10,345277936,DEMO,XAUUSD_DSC,2025.08.28,2025.09.04,0,-,-,0
XMGlobal-MT5 10,345277936,DEMO,XAUUSD_DSC,2025.09.27,2025.10.04,0,-,-,0
XMGlobal-MT5 10,345277936,DEMO,XAUUSD_DSC,2025.10.27,2025.11.03,0,-,-,0
XMGlobal-MT5 10,345277936,DEMO,XAUUSD_DSC,2025.11.26,2025.12.03,0,-,-,0
XMGlobal-MT5 10,345277936,DEMO,XAUUSD_DSC,2025.12.26,2026.01.02,0,-,-,0
XMGlobal-MT5 10,345277936,DEMO,XAUUSD_DSC,2026.01.25,2026.02.01,0,-,-,0
XMGlobal-MT5 10,345277936,DEMO,XAUUSD_DSC,2026.02.24,2026.03.03,0,-,-,0
XMGlobal-MT5 10,345277936,DEMO,XAUUSD_DSC,2026.03.26,2026.04.02,0,-,-,0
XMGlobal-MT5 10,345277936,DEMO,XAUUSD_DSC,2026.04.25,2026.05.02,0,-,-,0
XMGlobal-MT5 10,345277936,DEMO,XAUUSD_DSC,2026.05.25,2026.06.01,0,-,-,0
XMGlobal-MT5 10,345277936,DEMO,XAUUSD_DSC,2026.06.24,2026.07.01,0,-,-,0
XMGlobal-MT5 10,345277936,DEMO,XAUUSD_DSC,2026.07.24,2026.07.31,0,-,-,0
XMGlobal-MT5 10,345277936,DEMO,XAUUSD_DSC,2026.08.23,2026.08.30,0,-,-,0
