close_time_srv,tf,canonical_tf,side,op,pre_active,pre_lo,pre_hi,pre_bars_waited,post_active,post_lo,post_hi,post_bars_waited,signal_dir,would_be_kept_by_router
2023.10.03 00:00:00,PERIOD_D1,PERIOD_D1,SELL_SIDE,ZONE_CREATED,0,0.00,0.00,0,1,1919.63,1925.17,0,NONE,1
2023.10.13 00:00:00,PERIOD_D1,PERIOD_D1,SELL_SIDE,RETEST_SIGNAL_FIRED,1,1919.63,1925.17,2,0,1919.63,1925.17,2,SELL,1
2023.10.19 00:00:00,PERIOD_D1,PERIOD_D1,BUY_SIDE,ZONE_CREATED,0,0.00,0.00,0,1,1868.60,1873.86,0,NONE,1
2024.01.08 00:00:00,PERIOD_D1,PERIOD_D1,BUY_SIDE,ZONE_EXPIRED,1,1868.60,1873.86,20,0,1868.60,1873.86,21,NONE,1
2024.02.16 00:00:00,PERIOD_D1,PERIOD_D1,SELL_SIDE,ZONE_CREATED,0,1919.63,1925.17,2,1,2024.85,2035.73,0,NONE,1
2024.03.01 00:00:00,PERIOD_D1,PERIOD_D1,SELL_SIDE,ZONE_INVALIDATED,1,2024.85,2035.73,0,0,2024.85,2035.73,1,NONE,1
2024.03.06 00:00:00,PERIOD_D1,PERIOD_D1,BUY_SIDE,ZONE_CREATED,0,1868.60,1873.86,21,1,2030.12,2030.89,0,NONE,1
2024.04.16 00:00:00,PERIOD_D1,PERIOD_D1,BUY_SIDE,ZONE_EXPIRED,1,2030.12,2030.89,20,0,2030.12,2030.89,21,NONE,1
2024.05.06 00:00:00,PERIOD_D1,PERIOD_D1,SELL_SIDE,ZONE_CREATED,0,2024.85,2035.73,1,1,2331.84,2337.52,0,NONE,1
2024.05.09 00:00:00,PERIOD_D1,PERIOD_D1,SELL_SIDE,RETEST_SIGNAL_FIRED,1,2331.84,2337.52,2,0,2331.84,2337.52,2,SELL,1
2024.05.10 00:00:00,PERIOD_D1,PERIOD_D1,SELL_SIDE,ZONE_CREATED,0,2331.84,2337.52,2,1,2331.84,2337.52,0,NONE,1
2024.05.13 00:00:00,PERIOD_D1,PERIOD_D1,SELL_SIDE,ZONE_INVALIDATED,1,2331.84,2337.52,0,0,2331.84,2337.52,1,NONE,1
2024.05.14 00:00:00,PERIOD_D1,PERIOD_D1,SELL_SIDE,ZONE_CREATED,0,2331.84,2337.52,1,1,2331.84,2337.52,0,NONE,1
2024.05.15 00:00:00,PERIOD_D1,PERIOD_D1,SELL_SIDE,ZONE_INVALIDATED,1,2331.84,2337.52,0,0,2331.84,2337.52,1,NONE,1
2024.06.12 00:00:00,PERIOD_D1,PERIOD_D1,SELL_SIDE,ZONE_CREATED,0,2331.84,2337.52,1,1,2357.02,2375.56,0,NONE,1
2024.06.20 00:00:00,PERIOD_D1,PERIOD_D1,SELL_SIDE,RETEST_SIGNAL_FIRED,1,2357.02,2375.56,4,0,2357.02,2375.56,4,SELL,1
2024.06.21 00:00:00,PERIOD_D1,PERIOD_D1,SELL_SIDE,ZONE_CREATED,0,2357.02,2375.56,4,1,2357.02,2375.56,0,NONE,1
2024.07.03 00:00:00,PERIOD_D1,PERIOD_D1,SELL_SIDE,RETEST_SIGNAL_FIRED,1,2357.02,2375.56,6,0,2357.02,2375.56,7,SELL,1
2024.07.11 00:00:00,PERIOD_D1,PERIOD_D1,BUY_SIDE,ZONE_CREATED,0,2030.12,2030.89,21,1,2356.32,2356.79,0,NONE,1
2024.08.12 00:00:00,PERIOD_D1,PERIOD_D1,BUY_SIDE,ZONE_EXPIRED,1,2356.32,2356.79,20,0,2356.32,2356.79,21,NONE,1
2024.08.21 00:00:00,PERIOD_D1,PERIOD_D1,BUY_SIDE,ZONE_CREATED,0,2356.32,2356.79,21,1,2447.78,2465.87,0,NONE,1
2024.09.20 00:00:00,PERIOD_D1,PERIOD_D1,BUY_SIDE,ZONE_EXPIRED,1,2447.78,2465.87,20,0,2447.78,2465.87,21,NONE,1
2024.09.23 00:00:00,PERIOD_D1,PERIOD_D1,BUY_SIDE,ZONE_CREATED,0,2447.78,2465.87,21,1,2511.28,2516.27,0,NONE,1
2024.10.22 00:00:00,PERIOD_D1,PERIOD_D1,BUY_SIDE,ZONE_EXPIRED,1,2511.28,2516.27,20,0,2511.28,2516.27,21,NONE,1
2024.11.14 00:00:00,PERIOD_D1,PERIOD_D1,SELL_SIDE,ZONE_CREATED,0,2357.02,2375.56,7,1,2658.46,2706.39,0,NONE,1
2024.11.25 00:00:00,PERIOD_D1,PERIOD_D1,SELL_SIDE,ZONE_INVALIDATED,1,2658.46,2706.39,6,0,2658.46,2706.39,7,NONE,1
2024.12.23 00:00:00,PERIOD_D1,PERIOD_D1,SELL_SIDE,ZONE_CREATED,0,2658.46,2706.39,7,1,2649.62,2652.48,0,NONE,1
2025.01.03 00:00:00,PERIOD_D1,PERIOD_D1,SELL_SIDE,ZONE_INVALIDATED,1,2649.62,2652.48,2,0,2649.62,2652.48,3,NONE,1
2025.01.24 00:00:00,PERIOD_D1,PERIOD_D1,BUY_SIDE,ZONE_CREATED,0,2511.28,2516.27,21,1,2702.18,2713.82,0,NONE,1
2025.02.25 00:00:00,PERIOD_D1,PERIOD_D1,BUY_SIDE,ZONE_EXPIRED,1,2702.18,2713.82,20,0,2702.18,2713.82,21,NONE,1
2025.03.18 00:00:00,PERIOD_D1,PERIOD_D1,BUY_SIDE,ZONE_CREATED,0,2702.18,2713.82,21,1,2889.15,2910.96,0,NONE,1
2025.04.16 00:00:00,PERIOD_D1,PERIOD_D1,BUY_SIDE,ZONE_EXPIRED,1,2889.15,2910.96,20,0,2889.15,2910.96,21,NONE,1
2025.04.17 00:00:00,PERIOD_D1,PERIOD_D1,BUY_SIDE,ZONE_CREATED,0,2889.15,2910.96,21,1,2981.87,3007.97,0,NONE,1
2025.05.19 00:00:00,PERIOD_D1,PERIOD_D1,BUY_SIDE,ZONE_EXPIRED,1,2981.87,3007.97,20,0,2981.87,3007.97,21,NONE,1
2025.06.05 00:00:00,PERIOD_D1,PERIOD_D1,BUY_SIDE,ZONE_CREATED,0,2981.87,3007.97,21,1,3289.49,3318.51,0,NONE,1
2025.06.10 00:00:00,PERIOD_D1,PERIOD_D1,BUY_SIDE,RETEST_SIGNAL_FIRED,1,3289.49,3318.51,2,0,3289.49,3318.51,3,BUY,1
2025.06.11 00:00:00,PERIOD_D1,PERIOD_D1,BUY_SIDE,ZONE_CREATED,0,3289.49,3318.51,3,1,3289.49,3318.51,0,NONE,1
2025.06.26 00:00:00,PERIOD_D1,PERIOD_D1,BUY_SIDE,RETEST_SIGNAL_FIRED,1,3289.49,3318.51,11,0,3289.49,3318.51,11,BUY,1
2025.09.05 00:00:00,PERIOD_D1,PERIOD_D1,BUY_SIDE,ZONE_CREATED,0,3289.49,3318.51,11,1,3365.56,3370.63,0,NONE,1
2025.10.06 00:00:00,PERIOD_D1,PERIOD_D1,BUY_SIDE,ZONE_EXPIRED,1,3365.56,3370.63,20,0,3365.56,3370.63,21,NONE,1
2025.10.07 00:00:00,PERIOD_D1,PERIOD_D1,BUY_SIDE,ZONE_CREATED,0,3365.56,3370.63,21,1,3735.95,3765.18,0,NONE,1
2025.11.05 00:00:00,PERIOD_D1,PERIOD_D1,BUY_SIDE,ZONE_EXPIRED,1,3735.95,3765.18,20,0,3735.95,3765.18,21,NONE,1
2025.12.26 00:00:00,PERIOD_D1,PERIOD_D1,BUY_SIDE,ZONE_CREATED,0,3735.95,3765.18,21,1,4332.58,4340.28,0,NONE,1
2025.12.29 00:00:00,PERIOD_D1,PERIOD_D1,BUY_SIDE,RETEST_SIGNAL_FIRED,1,4332.58,4340.28,1,0,4332.58,4340.28,1,BUY,1
2025.12.30 00:00:00,PERIOD_D1,PERIOD_D1,BUY_SIDE,ZONE_CREATED,0,4332.58,4340.28,1,1,4332.58,4340.28,0,NONE,1
2025.12.31 00:00:00,PERIOD_D1,PERIOD_D1,BUY_SIDE,RETEST_SIGNAL_FIRED,1,4332.58,4340.28,1,0,4332.58,4340.28,1,BUY,1
2026.02.02 00:00:00,PERIOD_D1,PERIOD_D1,BUY_SIDE,ZONE_CREATED,0,4332.58,4340.28,1,1,5008.08,5009.67,0,NONE,1
2026.02.03 00:00:00,PERIOD_D1,PERIOD_D1,BUY_SIDE,ZONE_INVALIDATED,1,5008.08,5009.67,0,0,5008.08,5009.67,1,NONE,1
2026.06.10 00:00:00,PERIOD_D1,PERIOD_D1,SELL_SIDE,ZONE_CREATED,0,2649.62,2652.48,3,1,4438.44,4475.17,0,NONE,1
2026.07.09 00:00:00,PERIOD_D1,PERIOD_D1,SELL_SIDE,ZONE_EXPIRED,1,4438.44,4475.17,20,0,4438.44,4475.17,21,NONE,1
2026.08.10 00:00:00,PERIOD_D1,PERIOD_D1,BUY_SIDE,ZONE_CREATED,0,5008.08,5009.67,1,1,4055.17,4081.14,0,NONE,1
