time,action,ticket,strategy,price,lots,sl,tp,score_or_pnl,reason,hold_sec,r_multiple,resolved_tf
2024.04.08 17:15:00,OPEN,0,ORDER_BLOCK,2320.43,0.00,2286.36,2422.65,70.0,OB_retest_bull,0,0.000,
2024.04.12 17:53:57,CLOSE,2,ORDER_BLOCK,2422.66,0.01,0.00,0.00,97.0,tp,347937,2.847,PERIOD_D1
2024.05.15 17:00:00,OPEN,0,ORDER_BLOCK,2358.39,0.00,2323.79,2462.20,70.0,OB_retest_bull,0,0.000,
2024.05.30 08:49:40,CLOSE,4,ORDER_BLOCK,2323.79,0.01,0.00,0.00,-49.4,sl,1266580,-1.427,PERIOD_D1
2024.10.02 18:00:00,OPEN,0,ORDER_BLOCK,2648.34,0.00,2613.68,2752.33,70.0,OB_retest_bull,0,0.000,
2024.10.08 18:07:46,CLOSE,6,ORDER_BLOCK,2613.34,0.01,0.00,0.00,-40.2,sl,518866,-1.160,PERIOD_D1
2024.12.12 16:15:00,OPEN,0,ORDER_BLOCK,2690.69,0.00,2650.97,2809.85,70.0,OB_retest_bull,0,0.000,
2024.12.13 22:14:05,CLOSE,8,ORDER_BLOCK,2650.93,0.01,0.00,0.00,-40.6,sl,107945,-1.023,PERIOD_D1
2025.03.19 11:45:00,OPEN,0,ORDER_BLOCK,3030.23,0.00,2990.73,3148.72,70.0,OB_retest_bull,0,0.000,
2025.04.01 08:38:08,CLOSE,10,ORDER_BLOCK,3148.73,0.01,0.00,0.00,107.2,tp,1111988,2.714,PERIOD_D1
2025.04.09 02:30:00,OPEN,0,ORDER_BLOCK,2981.32,0.00,2927.55,3142.65,70.0,OB_retest_bull,0,0.000,
2025.04.10 17:09:08,CLOSE,12,ORDER_BLOCK,3142.69,0.01,0.00,0.00,158.8,tp,139148,2.953,PERIOD_D1
2025.05.20 05:00:00,OPEN,0,ORDER_BLOCK,3221.37,0.00,3135.10,3480.18,70.0,OB_retest_bull,0,0.000,
2025.06.10 04:15:00,OPEN,0,ORDER_BLOCK,3313.68,0.00,3253.71,3493.59,70.0,OB_retest_bull,0,0.000,
2025.06.30 01:25:08,CLOSE,2,ORDER_BLOCK,3253.71,0.01,0.00,0.00,-77.6,sl,1717808,-1.293,PERIOD_D1
2025.09.01 05:57:02,CLOSE,14,ORDER_BLOCK,3480.20,0.01,0.00,0.00,168.3,tp,8989022,1.951,PERIOD_D1
2025.09.04 01:15:01,OPEN,0,ORDER_BLOCK,3560.43,0.00,3520.99,3678.75,70.0,OB_retest_bull,0,0.000,
2025.09.04 06:12:08,CLOSE,16,ORDER_BLOCK,3520.94,0.01,0.00,0.00,-39.5,sl,17827,-1.001,PERIOD_D1
2026.01.07 04:00:00,OPEN,0,ORDER_BLOCK,4465.93,0.00,4375.60,4736.93,70.0,OB_retest_bull,0,0.000,
2026.01.20 11:49:29,CLOSE,18,ORDER_BLOCK,4736.94,0.01,0.00,0.00,259.7,tp,1151369,2.875,PERIOD_D1
2026.03.30 04:00:00,OPEN,0,ORDER_BLOCK,4432.60,0.00,4249.83,4980.90,70.0,OB_retest_bull,0,0.000,
2026.06.09 19:38:12,CLOSE,20,ORDER_BLOCK,4249.71,0.01,0.00,0.00,-244.7,sl,6190692,-1.339,PERIOD_D1
2026.07.24 11:00:00,OPEN,0,ORDER_BLOCK,4048.27,0.00,4136.51,3783.54,70.0,OB_retest_bear,0,0.000,
2026.08.05 06:13:28,CLOSE,22,ORDER_BLOCK,4136.51,0.01,0.00,0.00,-86.3,sl,1019608,-0.977,PERIOD_D1
2026.08.17 15:45:00,OPEN,0,ORDER_BLOCK,4378.67,0.00,4281.76,4669.41,70.0,OB_retest_bull,0,0.000,
2026.08.24 14:38:32,CLOSE,24,ORDER_BLOCK,4669.48,0.01,0.00,0.00,284.7,tp,600812,2.938,PERIOD_D1
