episode_id,window_id,true_break_event_id,sweep_event_id,timestamp,direction,side,tb_source_tf,tb_regime_at_event,tb_structure_trend_at_event,tb_atr_at_event,tb_penetration_pips,tb_penetration_per_atr,sweep_penetration_per_atr,sweep_source_tf,sweep_regime_at_event,sweep_structure_trend_at_event,regime_changed_sweep_to_break,direction_trend_aligned_at_break,regime_category_same_sweep_to_break,plus1r_before_minus1r,continuation_1atr_before_failure,retest_outcome,period
wA__SELL__seq15,wA,85,80,2025-05-02 16:00:00,SELL,Equal-High,PERIOD_H1,STRONG_TREND,UP,10.80857,130.1,0.12036744916302526,0.011733561691773746,PERIOD_M15,RANGING,UP,True,False,False,PLUS_1R_FIRST,CONTINUATION_FIRST,N/A_NO_RETEST,DISCOVERY
wA__SELL__seq21,wA,105,99,2025-05-02 20:00:00,SELL,Asia-High,PERIOD_H4,WEAK_TREND,DOWN,29.21286,373.6,0.12788888181437902,0.21820113314447595,PERIOD_H1,STRONG_TREND,UP,True,True,True,AMBIGUOUS_SAME_BAR,FAILURE_FIRST,N/A_NO_RETEST,DISCOVERY
wA__SELL__seq24,wA,132,128,2025-05-05 06:30:00,SELL,Equal-High,PERIOD_M30,STRONG_TREND,DOWN,8.38857,116.1,0.13840261212578545,0.027725437415881564,PERIOD_M5,STRONG_TREND,DOWN,False,True,True,PLUS_1R_FIRST,FAILURE_FIRST,N/A_NO_RETEST,DISCOVERY
wA__BUY__seq84,wA,189,188,2025-05-06 04:15:00,BUY,Equal-Low,PERIOD_M15,STRONG_TREND,UP,7.27143,333.9,0.4591944088026702,0.020912845715480737,PERIOD_M5,RANGING,UP,True,True,False,MINUS_1R_FIRST,FAILURE_FIRST,N/A_NO_RETEST,DISCOVERY
wA__SELL__seq59,wA,213,212,2025-05-06 00:00:00,SELL,Equal-High,PERIOD_D1,STRONG_TREND,UP,84.97,499.5,0.058785453689537484,0.04814023230940121,PERIOD_M15,WEAK_TREND,UP,True,False,True,MINUS_1R_FIRST,FAILURE_FIRST,N/A_NO_RETEST,DISCOVERY
wA__SELL__seq60,wA,218,217,2025-05-06 00:00:00,SELL,Equal-High,PERIOD_D1,STRONG_TREND,UP,84.97,637.2,0.07499117335530188,0.06495575903849238,PERIOD_M5,WEAK_TREND,UP,True,False,True,MINUS_1R_FIRST,FAILURE_FIRST,N/A_NO_RETEST,DISCOVERY
wA__SELL__seq61,wA,224,223,2025-05-06 00:00:00,SELL,Equal-High,PERIOD_D1,STRONG_TREND,UP,84.97,642.9,0.07566199835235966,0.04261850668597852,PERIOD_M5,STRONG_TREND,UP,False,False,True,MINUS_1R_FIRST,FAILURE_FIRST,N/A_NO_RETEST,DISCOVERY
wA__SELL__seq62,wA,228,226,2025-05-07 01:30:00,SELL,Daily-High,PERIOD_M30,STRONG_TREND,UP,11.40714,472.5,0.414214255282218,0.3151562649813866,PERIOD_M15,STRONG_TREND,UP,False,False,True,MINUS_1R_FIRST,FAILURE_FIRST,N/A_NO_RETEST,DISCOVERY
wA__BUY__seq93,wA,250,249,2025-05-07 00:00:00,BUY,Equal-Low,PERIOD_D1,STRONG_TREND,UP,91.30071,429.3,0.047020444857438684,0.01289610382911115,PERIOD_M5,RANGING,UP,True,True,False,AMBIGUOUS_SAME_BAR,FAILURE_FIRST,N/A_NO_RETEST,DISCOVERY
wA__BUY__seq96,wA,255,254,2025-05-07 00:00:00,BUY,Equal-Low,PERIOD_D1,STRONG_TREND,UP,91.30071,463.8,0.05079916684109029,0.051505765052260385,PERIOD_M5,WEAK_TREND,UP,True,True,True,AMBIGUOUS_SAME_BAR,FAILURE_FIRST,N/A_NO_RETEST,DISCOVERY
wA__BUY__seq97,wA,260,259,2025-05-07 00:00:00,BUY,Equal-Low,PERIOD_D1,STRONG_TREND,UP,91.30071,459.7,0.05035010132998966,0.05334851509981945,PERIOD_M5,RANGING,UP,True,True,False,AMBIGUOUS_SAME_BAR,FAILURE_FIRST,N/A_NO_RETEST,DISCOVERY
wA__BUY__seq99,wA,273,270,2025-05-07 00:00:00,BUY,Equal-Low,PERIOD_D1,STRONG_TREND,UP,91.30071,522.3,0.05720656498728214,0.06574328801470825,PERIOD_M30,RANGING,UP,True,True,False,AMBIGUOUS_SAME_BAR,FAILURE_FIRST,N/A_NO_RETEST,DISCOVERY
wA__SELL__seq72,wA,286,284,2025-05-08 00:00:00,SELL,Equal-High,PERIOD_D1,STRONG_TREND,DOWN,88.72286,336.7,0.03794963327376958,0.01099276654193686,PERIOD_M15,STRONG_TREND,DOWN,False,True,True,AMBIGUOUS_SAME_BAR,FAILURE_FIRST,AMBIGUOUS,DISCOVERY
wA__SELL__seq74,wA,294,292,2025-05-08 09:00:00,SELL,Equal-High,PERIOD_H1,WEAK_TREND,DOWN,15.24571,427.5,0.28040675048915403,0.1105988749805211,PERIOD_H1,WEAK_TREND,DOWN,False,True,True,AMBIGUOUS_SAME_BAR,FAILURE_FIRST,N/A_NO_RETEST,DISCOVERY
wA__SELL__seq75,wA,298,296,2025-05-08 09:45:00,SELL,Weekly-High,PERIOD_M15,STRONG_TREND,DOWN,9.82786,225.5,0.22944974796140769,0.09946976675824319,PERIOD_M30,STRONG_TREND,DOWN,False,True,True,PLUS_1R_FIRST,FAILURE_FIRST,N/A_NO_RETEST,DISCOVERY
wA__SELL__seq135,wA,368,363,2025-05-12 02:00:00,SELL,Asia-High,PERIOD_H1,WEAK_TREND,UP,13.59286,578.4,0.4255175143420884,0.004090261088348641,PERIOD_D1,WEAK_TREND,UP,False,False,True,PLUS_1R_FIRST,FAILURE_FIRST,N/A_NO_RETEST,DISCOVERY
wA__SELL__seq139,wA,451,447,2025-05-13 15:00:00,SELL,Equal-High,PERIOD_M30,RANGING,UP,7.52786,74.6,0.09909854859149878,0.018575734917208656,PERIOD_M15,WEAK_TREND,UP,True,False,False,AMBIGUOUS_SAME_BAR,FAILURE_FIRST,N/A_NO_RETEST,DISCOVERY
wA__SELL__seq144,wA,499,498,2025-05-14 15:00:00,SELL,Equal-High,PERIOD_H1,WEAK_TREND,DOWN,10.72857,165.7,0.1544474240276197,0.11109824781611718,PERIOD_M15,RANGING,DOWN,True,True,False,PLUS_1R_FIRST,FAILURE_FIRST,N/A_NO_RETEST,DISCOVERY
wA__SELL__seq145,wA,522,521,2025-05-15 03:15:00,SELL,Asia-High,PERIOD_M5,WEAK_TREND,UP,2.18429,710.7,3.2536888416831102,0.09297874815469939,PERIOD_D1,WEAK_TREND,DOWN,False,False,True,AMBIGUOUS_SAME_BAR,FAILURE_FIRST,FAIL,DISCOVERY
wA__BUY__seq329,wA,576,573,2025-05-16 01:30:00,BUY,Weekly-Low,PERIOD_M30,STRONG_TREND,DOWN,7.13071,91.8,0.12873893343019138,0.01812906540530497,PERIOD_H1,STRONG_TREND,DOWN,False,False,True,MINUS_1R_FIRST,FAILURE_FIRST,N/A_NO_RETEST,DISCOVERY
wA__SELL__seq196,wA,673,672,2025-05-19 16:00:00,SELL,Equal-High,PERIOD_H1,STRONG_TREND,UP,15.01143,131.5,0.08759991553103201,0.02954898911353033,PERIOD_M5,RANGING,UP,True,False,False,AMBIGUOUS_SAME_BAR,FAILURE_FIRST,N/A_NO_RETEST,DISCOVERY
wA__BUY__seq482,wA,893,892,2025-05-23 15:00:00,BUY,Equal-Low,PERIOD_H1,STRONG_TREND,UP,11.27929,226.2,0.20054453782108628,0.24246097893620247,PERIOD_M5,RANGING,UP,True,True,False,PLUS_1R_FIRST,FAILURE_FIRST,N/A_NO_RETEST,DISCOVERY
wA__SELL__seq424,wA,983,982,2025-05-28 05:00:00,SELL,Equal-High,PERIOD_M30,RANGING,UP,5.30429,39.5,0.07446802493830466,0.14659311292930213,PERIOD_M5,WEAK_TREND,UP,True,False,False,MINUS_1R_FIRST,FAILURE_FIRST,N/A_NO_RETEST,DISCOVERY
wA__BUY__seq541,wA,1061,1060,2025-05-30 09:00:00,BUY,Equal-Low,PERIOD_H1,WEAK_TREND,DOWN,9.325,125.3,0.13436997319034852,0.05317033927299965,PERIOD_M5,WEAK_TREND,UP,False,False,True,MINUS_1R_FIRST,FAILURE_FIRST,N/A_NO_RETEST,DISCOVERY
wA__BUY__seq547,wA,1074,1072,2025-05-30 15:30:00,BUY,Asia-Low,PERIOD_M30,RANGING,DOWN,8.77357,111.4,0.12697225872706325,0.22648092966220917,PERIOD_M15,WEAK_TREND,UP,True,False,False,PLUS_1R_FIRST,FAILURE_FIRST,N/A_NO_RETEST,DISCOVERY
wA__BUY__seq577,wA,1159,1157,2025-06-03 03:15:00,BUY,Asia-Low,PERIOD_M15,STRONG_TREND,UP,3.79,806.6,2.1282321899736147,0.11136568770395056,PERIOD_D1,RANGING,DOWN,True,True,False,MINUS_1R_FIRST,FAILURE_FIRST,N/A_NO_RETEST,DISCOVERY
wA__BUY__seq581,wA,1174,1173,2025-06-03 00:00:00,BUY,Equal-Low,PERIOD_D1,RANGING,DOWN,72.015,223.7,0.031062972991737832,0.09480803129367316,PERIOD_M5,WEAK_TREND,UP,True,False,False,PLUS_1R_FIRST,FAILURE_FIRST,N/A_NO_RETEST,DISCOVERY
wA__SELL__seq666,wA,1401,1398,2025-06-06 16:45:00,SELL,Weekly-High,PERIOD_M15,WEAK_TREND,DOWN,6.90429,98.8,0.1430994352786456,0.036377128971473056,PERIOD_H1,RANGING,UP,True,True,False,MINUS_1R_FIRST,FAILURE_FIRST,N/A_NO_RETEST,DISCOVERY
wA__SELL__seq667,wA,1404,1402,2025-06-06 17:30:00,SELL,Weekly-High,PERIOD_M30,WEAK_TREND,DOWN,9.80143,326.8,0.3334207355457316,0.1289186286470464,PERIOD_H1,RANGING,DOWN,True,True,False,MINUS_1R_FIRST,FAILURE_FIRST,N/A_NO_RETEST,DISCOVERY
wA__SELL__seq671,wA,1411,1408,2025-06-06 20:00:00,SELL,Weekly-High,PERIOD_H4,RANGING,DOWN,22.99071,341.2,0.14840776992098112,0.14840776992098112,PERIOD_H4,RANGING,DOWN,False,True,True,MINUS_1R_FIRST,FAILURE_FIRST,N/A_NO_RETEST,DISCOVERY
wA__BUY__seq739,wA,1597,1595,2025-06-13 03:30:00,BUY,Asia-Low,PERIOD_M30,WEAK_TREND,UP,6.45929,560.0,0.8669683510107149,0.050672375442256466,PERIOD_D1,RANGING,UP,True,True,False,AMBIGUOUS_SAME_BAR,FAILURE_FIRST,N/A_NO_RETEST,DISCOVERY
wA__BUY__seq915,wA,1999,1997,2025-06-25 18:00:00,BUY,Asia-Low,PERIOD_H1,WEAK_TREND,UP,7.51857,19.9,0.026467799062853705,0.009765625,PERIOD_M15,RANGING,DOWN,True,True,False,MINUS_1R_FIRST,FAILURE_FIRST,N/A_NO_RETEST,DISCOVERY
wA__SELL__seq890,wA,2020,2018,2025-06-26 16:00:00,SELL,Daily-High,PERIOD_M30,RANGING,UP,7.12,150.5,0.21137640449438203,0.1685330347144457,PERIOD_H1,WEAK_TREND,UP,True,False,False,AMBIGUOUS_SAME_BAR,FAILURE_FIRST,N/A_NO_RETEST,DISCOVERY
wA__SELL__seq895,wA,2067,2066,2025-06-30 00:00:00,SELL,Asia-High,PERIOD_D1,RANGING,UP,49.95714,490.8,0.09824421494104747,0.09824421494104747,PERIOD_D1,RANGING,UP,False,False,True,AMBIGUOUS_SAME_BAR,FAILURE_FIRST,N/A_NO_RETEST,DISCOVERY
wA__BUY__seq970,wA,2116,2115,2025-07-01 16:00:00,BUY,Equal-Low,PERIOD_H1,STRONG_TREND,UP,6.88143,76.6,0.11131407280172871,0.040645855210549246,PERIOD_H4,STRONG_TREND,UP,False,True,True,AMBIGUOUS_SAME_BAR,FAILURE_FIRST,N/A_NO_RETEST,DISCOVERY
wA__BUY__seq1077,wA,2343,2340,2025-07-16 18:15:00,BUY,Daily-Low,PERIOD_M15,WEAK_TREND,DOWN,7.22143,284.4,0.3938278152665054,0.22286071205496563,PERIOD_H1,WEAK_TREND,DOWN,False,False,True,PLUS_1R_FIRST,CONTINUATION_FIRST,N/A_NO_RETEST,DISCOVERY
wA__BUY__seq1090,wA,2377,2375,2025-07-21 16:00:00,BUY,Daily-Low,PERIOD_H1,STRONG_TREND,UP,6.99071,675.6,0.9664254417648566,0.10325437294401132,PERIOD_H4,WEAK_TREND,DOWN,True,True,True,AMBIGUOUS_SAME_BAR,FAILURE_FIRST,N/A_NO_RETEST,DISCOVERY
wA__BUY__seq1091,wA,2380,2378,2025-07-21 17:30:00,BUY,Asia-Low,PERIOD_M30,STRONG_TREND,UP,5.68143,521.6,0.9180787231383649,0.012051891241221621,PERIOD_D1,RANGING,UP,True,True,False,PLUS_1R_FIRST,FAILURE_FIRST,N/A_NO_RETEST,DISCOVERY
wA__BUY__seq1094,wA,2388,2384,2025-07-22 16:30:00,BUY,Asia-Low,PERIOD_M30,STRONG_TREND,DOWN,4.69571,313.1,0.6667788257792752,0.11185145509385948,PERIOD_D1,RANGING,UP,True,False,False,AMBIGUOUS_SAME_BAR,FAILURE_FIRST,N/A_NO_RETEST,DISCOVERY
wA__BUY__seq1098,wA,2401,2400,2025-07-23 04:00:00,BUY,Asia-Low,PERIOD_M30,STRONG_TREND,UP,4.25,444.7,1.0463529411764707,0.1110271261530798,PERIOD_D1,WEAK_TREND,UP,True,True,True,AMBIGUOUS_SAME_BAR,FAILURE_FIRST,N/A_NO_RETEST,DISCOVERY
wA__BUY__seq1119,wA,2429,2427,2025-07-23 00:00:00,BUY,Daily-Low,PERIOD_D1,WEAK_TREND,DOWN,42.71929,484.0,0.11329776314166269,0.09445954639709328,PERIOD_M15,STRONG_TREND,DOWN,True,False,True,AMBIGUOUS_SAME_BAR,FAILURE_FIRST,N/A_NO_RETEST,DISCOVERY
wA__SELL__seq1006,wA,2463,2461,2025-07-25 17:15:00,SELL,Weekly-High,PERIOD_M15,WEAK_TREND,DOWN,4.47,372.9,0.8342281879194631,0.05896722143135351,PERIOD_H4,STRONG_TREND,UP,True,True,True,PLUS_1R_FIRST,CONTINUATION_FIRST,N/A_NO_RETEST,DISCOVERY
wA__SELL__seq1014,wA,2515,2513,2025-07-29 19:00:00,SELL,Equal-High,PERIOD_H1,RANGING,UP,8.79571,38.9,0.04422610568106498,0.0687658470012801,PERIOD_M5,STRONG_TREND,UP,True,False,False,PLUS_1R_FIRST,FAILURE_FIRST,HOLD,DISCOVERY
wA__SELL__seq1022,wA,2546,2545,2025-07-31 00:00:00,SELL,Asia-High,PERIOD_H4,STRONG_TREND,DOWN,17.03786,587.0,0.3445268361167424,0.12710343187927298,PERIOD_D1,WEAK_TREND,UP,True,True,True,AMBIGUOUS_SAME_BAR,FAILURE_FIRST,N/A_NO_RETEST,DISCOVERY
wA__BUY__seq1236,wA,2589,2583,2025-08-05 18:45:00,BUY,Asia-Low,PERIOD_M5,STRONG_TREND,UP,2.48786,208.8,0.839275521934514,0.0027087281108270217,PERIOD_H4,STRONG_TREND,UP,False,True,True,PLUS_1R_FIRST,CONTINUATION_FIRST,N/A_NO_RETEST,DISCOVERY
wA__SELL__seq1110,wA,2876,2869,2025-08-19 17:45:00,SELL,Daily-High,PERIOD_M15,VOLATILE,DOWN,4.81143,225.8,0.46929914807032425,0.0002664130414512051,PERIOD_M15,WEAK_TREND,UP,True,True,False,AMBIGUOUS_SAME_BAR,FAILURE_FIRST,N/A_NO_RETEST,DISCOVERY
wA__BUY__seq1369,wA,2925,2922,2025-08-22 17:15:00,BUY,Weekly-Low,PERIOD_M15,WEAK_TREND,DOWN,5.37857,291.4,0.5417796923717642,0.07217799345178204,PERIOD_H1,STRONG_TREND,DOWN,True,False,True,AMBIGUOUS_SAME_BAR,FAILURE_FIRST,N/A_NO_RETEST,DISCOVERY
wA__BUY__seq1381,wA,2934,2933,2025-08-26 04:00:00,BUY,Daily-Low,PERIOD_M30,VOLATILE,UP,5.50357,233.4,0.42408836446161313,0.3119724437707765,PERIOD_H1,WEAK_TREND,UP,True,True,False,AMBIGUOUS_SAME_BAR,FAILURE_FIRST,N/A_NO_RETEST,DISCOVERY
wA__BUY__seq1384,wA,2964,2958,2025-08-28 17:15:00,BUY,Asia-Low,PERIOD_M15,WEAK_TREND,UP,4.74786,376.5,0.7929888412884963,0.05540845070422535,PERIOD_D1,RANGING,DOWN,True,True,False,MINUS_1R_FIRST,FAILURE_FIRST,N/A_NO_RETEST,DISCOVERY
wA__BUY__seq1385,wA,2973,2962,2025-08-28 19:00:00,BUY,Asia-Low,PERIOD_M30,WEAK_TREND,UP,5.91643,263.8,0.4458769900091779,0.03706298486532292,PERIOD_D1,WEAK_TREND,UP,False,True,True,AMBIGUOUS_SAME_BAR,FAILURE_FIRST,AMBIGUOUS,DISCOVERY
wA__BUY__seq1387,wA,2982,2979,2025-08-29 18:00:00,BUY,Asia-Low,PERIOD_H1,WEAK_TREND,UP,6.49143,339.8,0.523459391844324,0.08223034395207543,PERIOD_H4,RANGING,UP,True,True,False,AMBIGUOUS_SAME_BAR,FAILURE_FIRST,N/A_NO_RETEST,DISCOVERY
w0__BUY__seq1,w0,2,1,2025-09-01 05:00:00,BUY,Asia-Low,PERIOD_H1,VOLATILE,UP,9.94286,501.0,0.5038791655519639,0.1217505960858809,PERIOD_D1,STRONG_TREND,UP,True,True,False,AMBIGUOUS_SAME_BAR,FAILURE_FIRST,N/A_NO_RETEST,DISCOVERY
w0__BUY__seq3,w0,7,6,2025-09-02 00:00:00,BUY,Asia-Low,PERIOD_D1,STRONG_TREND,UP,35.92929,385.5,0.10729407678248025,0.10729407678248025,PERIOD_D1,STRONG_TREND,UP,False,True,True,MINUS_1R_FIRST,FAILURE_FIRST,N/A_NO_RETEST,DISCOVERY
w0__BUY__seq13,w0,58,54,2025-09-03 00:00:00,BUY,Asia-Low,PERIOD_D1,STRONG_TREND,UP,38.90429,566.5,0.1456137613615362,0.1456137613615362,PERIOD_D1,STRONG_TREND,UP,False,True,True,MINUS_1R_FIRST,FAILURE_FIRST,N/A_NO_RETEST,DISCOVERY
w0__BUY__seq14,w0,74,73,2025-09-04 04:30:00,BUY,Asia-Low,PERIOD_M30,WEAK_TREND,UP,6.36786,255.0,0.4004485023226013,0.08197114098605222,PERIOD_D1,STRONG_TREND,UP,True,True,True,MINUS_1R_FIRST,FAILURE_FIRST,N/A_NO_RETEST,DISCOVERY
w0__BUY__seq23,w0,109,108,2025-09-05 15:45:00,BUY,Asia-Low,PERIOD_M15,RANGING,UP,5.70571,427.1,0.7485483839872689,0.011619932675678412,PERIOD_D1,STRONG_TREND,UP,True,True,False,MINUS_1R_FIRST,FAILURE_FIRST,N/A_NO_RETEST,DISCOVERY
w0__BUY__seq32,w0,127,122,2025-09-08 00:00:00,BUY,Asia-Low,PERIOD_D1,STRONG_TREND,UP,43.87786,457.0,0.10415275494292567,0.10415275494292567,PERIOD_D1,STRONG_TREND,UP,False,True,True,AMBIGUOUS_SAME_BAR,FAILURE_FIRST,N/A_NO_RETEST,DISCOVERY
w0__BUY__seq37,w0,143,142,2025-09-09 06:00:00,BUY,Asia-Low,PERIOD_M30,STRONG_TREND,DOWN,5.63429,680.5,1.2077830569601493,0.1205901840619759,PERIOD_D1,STRONG_TREND,UP,False,False,True,AMBIGUOUS_SAME_BAR,FAILURE_FIRST,FAIL,DISCOVERY
w0__SELL__seq59,w0,208,202,2025-09-10 00:00:00,SELL,Daily-High,PERIOD_H4,STRONG_TREND,UP,21.50929,200.7,0.09330851924912445,0.027759421431969755,PERIOD_H1,WEAK_TREND,UP,True,False,True,PLUS_1R_FIRST,FAILURE_FIRST,N/A_NO_RETEST,DISCOVERY
w0__BUY__seq69,w0,296,292,2025-09-16 17:15:00,BUY,Asia-Low,PERIOD_M15,RANGING,UP,4.71857,247.5,0.5245233195650377,0.00840251819547767,PERIOD_D1,STRONG_TREND,UP,True,True,False,AMBIGUOUS_SAME_BAR,FAILURE_FIRST,N/A_NO_RETEST,DISCOVERY
w0__SELL__seq127,w0,339,334,2025-09-17 22:00:00,SELL,Daily-High,PERIOD_H1,WEAK_TREND,DOWN,12.44214,526.8,0.42339983314767393,0.20669118458012964,PERIOD_M5,WEAK_TREND,UP,False,True,True,AMBIGUOUS_SAME_BAR,FAILURE_FIRST,N/A_NO_RETEST,DISCOVERY
w0__SELL__seq129,w0,360,359,2025-09-18 09:15:00,SELL,Equal-High,PERIOD_M5,VOLATILE,DOWN,3.56714,204.1,0.5721670582034907,0.02122571648673208,PERIOD_H4,WEAK_TREND,UP,True,True,False,MINUS_1R_FIRST,FAILURE_FIRST,N/A_NO_RETEST,DISCOVERY
w0__BUY__seq101,w0,409,408,2025-09-22 10:00:00,BUY,Asia-Low,PERIOD_H1,STRONG_TREND,UP,8.515,710.8,0.8347621843805049,0.08386673054225816,PERIOD_D1,STRONG_TREND,UP,False,True,True,MINUS_1R_FIRST,FAILURE_FIRST,N/A_NO_RETEST,DISCOVERY
w0__SELL__seq150,w0,412,410,2025-09-22 00:00:00,SELL,Asia-High,PERIOD_D1,STRONG_TREND,UP,49.97214,346.2,0.06927860203705503,0.03130507548586832,PERIOD_M30,STRONG_TREND,UP,False,False,True,AMBIGUOUS_SAME_BAR,FAILURE_FIRST,N/A_NO_RETEST,DISCOVERY
w0__SELL__seq155,w0,428,426,2025-09-22 00:00:00,SELL,Equal-High,PERIOD_D1,STRONG_TREND,UP,49.97214,415.2,0.08308629568395509,0.025116401805201638,PERIOD_M15,WEAK_TREND,UP,True,False,True,AMBIGUOUS_SAME_BAR,FAILURE_FIRST,N/A_NO_RETEST,DISCOVERY
w0__BUY__seq105,w0,433,431,2025-09-23 04:45:00,BUY,Asia-Low,PERIOD_M15,WEAK_TREND,UP,5.02143,715.2,1.424295469617221,0.12359873584784402,PERIOD_D1,STRONG_TREND,UP,True,True,True,PLUS_1R_FIRST,FAILURE_FIRST,AMBIGUOUS,DISCOVERY
w0__SELL__seq172,w0,459,458,2025-09-23 00:00:00,SELL,Equal-High,PERIOD_D1,STRONG_TREND,UP,49.63643,411.2,0.08284238008253213,0.09239365333901267,PERIOD_M5,RANGING,UP,True,False,False,PLUS_1R_FIRST,FAILURE_FIRST,N/A_NO_RETEST,DISCOVERY
w0__SELL__seq173,w0,464,463,2025-09-23 00:00:00,SELL,Equal-High,PERIOD_D1,STRONG_TREND,UP,49.63643,332.8,0.06704752940531784,0.019698260619854423,PERIOD_M5,RANGING,DOWN,True,False,False,PLUS_1R_FIRST,FAILURE_FIRST,N/A_NO_RETEST,DISCOVERY
w0__BUY__seq112,w0,477,476,2025-09-24 08:45:00,BUY,Asia-Low,PERIOD_M5,STRONG_TREND,UP,1.96643,354.4,1.8022507793310723,0.05017222717068222,PERIOD_D1,STRONG_TREND,UP,False,True,True,AMBIGUOUS_SAME_BAR,FAILURE_FIRST,N/A_NO_RETEST,DISCOVERY
w0__SELL__seq190,w0,523,522,2025-09-25 16:45:00,SELL,Asia-High,PERIOD_M15,RANGING,DOWN,8.43429,251.6,0.29830608148403714,0.1097427881765128,PERIOD_H1,WEAK_TREND,UP,True,True,False,AMBIGUOUS_SAME_BAR,FAILURE_FIRST,N/A_NO_RETEST,DISCOVERY
w0__BUY__seq172,w0,638,637,2025-09-30 05:00:00,BUY,Equal-Low,PERIOD_H1,STRONG_TREND,UP,10.73357,199.9,0.18623812953192648,0.029367303118711306,PERIOD_M5,RANGING,DOWN,True,True,False,PLUS_1R_FIRST,FAILURE_FIRST,N/A_NO_RETEST,DISCOVERY
w0__BUY__seq173,w0,641,639,2025-09-30 06:30:00,BUY,Asia-Low,PERIOD_M30,STRONG_TREND,UP,6.88857,702.0,1.0190794315801395,0.12493016029007349,PERIOD_D1,STRONG_TREND,UP,False,True,True,PLUS_1R_FIRST,FAILURE_FIRST,N/A_NO_RETEST,DISCOVERY
w0__SELL__seq239,w0,647,646,2025-09-30 00:00:00,SELL,Equal-High,PERIOD_D1,STRONG_TREND,UP,49.59571,361.5,0.07288936885871783,0.008797395970792645,PERIOD_M5,STRONG_TREND,UP,False,False,True,AMBIGUOUS_SAME_BAR,FAILURE_FIRST,N/A_NO_RETEST,DISCOVERY
w0__SELL__seq242,w0,661,659,2025-09-30 12:15:00,SELL,Daily-High,PERIOD_M15,VOLATILE,UP,10.79786,345.1,0.31960036525756036,0.1414030270021455,PERIOD_H1,STRONG_TREND,UP,True,False,False,MINUS_1R_FIRST,FAILURE_FIRST,N/A_NO_RETEST,DISCOVERY
w0__BUY__seq220,w0,692,691,2025-10-01 01:30:00,BUY,Asia-Low,PERIOD_M5,STRONG_TREND,UP,2.32429,266.5,1.1465866995942848,0.05769900113361791,PERIOD_D1,STRONG_TREND,UP,False,True,True,PLUS_1R_FIRST,CONTINUATION_FIRST,N/A_NO_RETEST,DISCOVERY
w0__SELL__seq292,w0,822,820,2025-10-02 17:00:00,SELL,Daily-High,PERIOD_H1,STRONG_TREND,UP,10.20357,202.0,0.1979699262121003,0.20330102348683696,PERIOD_M15,STRONG_TREND,UP,False,False,True,AMBIGUOUS_SAME_BAR,FAILURE_FIRST,N/A_NO_RETEST,DISCOVERY
w0__SELL__seq293,w0,826,824,2025-10-02 17:45:00,SELL,Monthly-High,PERIOD_M15,VOLATILE,UP,9.295,339.0,0.36471221086605704,0.08544241775616758,PERIOD_M30,STRONG_TREND,DOWN,True,False,False,PLUS_1R_FIRST,CONTINUATION_FIRST,N/A_NO_RETEST,DISCOVERY
w0__SELL__seq294,w0,829,828,2025-10-02 18:00:00,SELL,Monthly-High,PERIOD_M30,VOLATILE,DOWN,11.42714,319.6,0.27968503055007643,0.23978566342825977,PERIOD_H1,STRONG_TREND,UP,True,True,False,MINUS_1R_FIRST,FAILURE_FIRST,N/A_NO_RETEST,DISCOVERY
w0__BUY__seq271,w0,874,873,2025-10-06 07:45:00,BUY,Asia-Low,PERIOD_M15,STRONG_TREND,UP,5.96643,1007.4,1.6884468601827223,0.0847838279115901,PERIOD_D1,STRONG_TREND,UP,False,True,True,AMBIGUOUS_SAME_BAR,FAILURE_FIRST,FAIL,DISCOVERY
w0__BUY__seq280,w0,913,912,2025-10-07 01:30:00,BUY,Asia-Low,PERIOD_M30,STRONG_TREND,UP,9.09071,748.4,0.8232580293508428,0.10375463213988172,PERIOD_D1,STRONG_TREND,UP,False,True,True,MINUS_1R_FIRST,FAILURE_FIRST,FAIL,DISCOVERY
w0__SELL__seq377,w0,981,980,2025-10-07 00:00:00,SELL,Equal-High,PERIOD_D1,STRONG_TREND,UP,60.36357,255.6,0.04234342004622987,0.017144337079553373,PERIOD_M5,WEAK_TREND,UP,True,False,True,PLUS_1R_FIRST,FAILURE_FIRST,N/A_NO_RETEST,DISCOVERY
w0__SELL__seq380,w0,992,991,2025-10-07 00:00:00,SELL,Daily-High,PERIOD_D1,STRONG_TREND,UP,60.36357,91.3,0.015125016628406835,0.05254523751895456,PERIOD_M15,WEAK_TREND,UP,True,False,True,PLUS_1R_FIRST,FAILURE_FIRST,N/A_NO_RETEST,DISCOVERY
w0__BUY__seq316,w0,1012,1011,2025-10-08 04:30:00,BUY,Asia-Low,PERIOD_M5,WEAK_TREND,DOWN,4.16143,401.9,0.96577378449235,0.051524782681763366,PERIOD_D1,STRONG_TREND,UP,True,False,True,PLUS_1R_FIRST,FAILURE_FIRST,N/A_NO_RETEST,DISCOVERY
w0__SELL__seq418,w0,1048,1046,2025-10-08 16:45:00,SELL,Equal-High,PERIOD_M15,WEAK_TREND,DOWN,7.70714,106.4,0.13805380465386644,0.028669441341334416,PERIOD_M15,WEAK_TREND,DOWN,False,True,True,AMBIGUOUS_SAME_BAR,FAILURE_FIRST,HOLD,DISCOVERY
w0__BUY__seq320,w0,1074,1073,2025-10-09 00:00:00,BUY,Asia-Low,PERIOD_D1,STRONG_TREND,UP,61.78643,571.4,0.09247985358597348,0.09247985358597348,PERIOD_D1,STRONG_TREND,UP,False,True,True,AMBIGUOUS_SAME_BAR,FAILURE_FIRST,N/A_NO_RETEST,DISCOVERY
w0__BUY__seq360,w0,1143,1142,2025-10-10 00:00:00,BUY,Equal-Low,PERIOD_D1,STRONG_TREND,UP,66.09857,154.1,0.023313666241190998,0.07627861122554902,PERIOD_M5,WEAK_TREND,DOWN,True,True,True,AMBIGUOUS_SAME_BAR,FAILURE_FIRST,N/A_NO_RETEST,DISCOVERY
w0__SELL__seq486,w0,1172,1171,2025-10-10 00:00:00,SELL,Equal-High,PERIOD_D1,STRONG_TREND,UP,66.09857,236.5,0.03577989659988106,0.020270178492504735,PERIOD_M5,STRONG_TREND,UP,False,False,True,AMBIGUOUS_SAME_BAR,FAILURE_FIRST,FAIL,DISCOVERY
w0__BUY__seq365,w0,1194,1193,2025-10-13 08:15:00,BUY,Asia-Low,PERIOD_M15,STRONG_TREND,UP,6.49,1151.0,1.773497688751926,0.09333233220447079,PERIOD_D1,STRONG_TREND,UP,False,True,True,PLUS_1R_FIRST,FAILURE_FIRST,N/A_NO_RETEST,DISCOVERY
w0__BUY__seq367,w0,1227,1225,2025-10-14 00:00:00,BUY,Asia-Low,PERIOD_D1,STRONG_TREND,UP,71.30571,860.3,0.12064952442097553,0.12064952442097553,PERIOD_D1,STRONG_TREND,UP,False,True,True,AMBIGUOUS_SAME_BAR,FAILURE_FIRST,N/A_NO_RETEST,DISCOVERY
w0__SELL__seq523,w0,1242,1240,2025-10-14 09:00:00,SELL,Equal-High,PERIOD_H1,STRONG_TREND,UP,18.70429,288.1,0.15402883509611967,0.3280467436648628,PERIOD_M5,VOLATILE,UP,True,False,False,AMBIGUOUS_SAME_BAR,FAILURE_FIRST,N/A_NO_RETEST,DISCOVERY
w0__SELL__seq548,w0,1292,1290,2025-10-14 00:00:00,SELL,Equal-High,PERIOD_D1,STRONG_TREND,UP,71.30571,344.9,0.048369197922578704,0.06929056394951486,PERIOD_M15,RANGING,UP,True,False,False,AMBIGUOUS_SAME_BAR,FAILURE_FIRST,N/A_NO_RETEST,DISCOVERY
w0__BUY__seq391,w0,1361,1360,2025-10-16 00:00:00,BUY,Asia-Low,PERIOD_D1,STRONG_TREND,UP,76.02,543.7,0.07152065245987899,0.07152065245987899,PERIOD_D1,STRONG_TREND,UP,False,True,True,AMBIGUOUS_SAME_BAR,FAILURE_FIRST,N/A_NO_RETEST,DISCOVERY
w0__SELL__seq613,w0,1397,1396,2025-10-16 00:00:00,SELL,Asia-High,PERIOD_D1,STRONG_TREND,UP,76.02,340.8,0.04483030781373323,0.05,PERIOD_M15,RANGING,DOWN,True,False,False,AMBIGUOUS_SAME_BAR,FAILURE_FIRST,N/A_NO_RETEST,DISCOVERY
w0__BUY__seq396,w0,1422,1421,2025-10-17 00:00:00,BUY,Asia-Low,PERIOD_H4,STRONG_TREND,UP,37.29714,1225.0,0.3284434141599061,0.1496496487936528,PERIOD_D1,STRONG_TREND,UP,False,True,True,PLUS_1R_FIRST,CONTINUATION_FIRST,N/A_NO_RETEST,DISCOVERY
w0__BUY__seq420,w0,1468,1467,2025-10-17 00:00:00,BUY,Daily-Low,PERIOD_D1,STRONG_TREND,UP,81.85786,1264.6,0.1544873027464925,0.03085388224340135,PERIOD_M15,STRONG_TREND,DOWN,False,True,True,PLUS_1R_FIRST,FAILURE_FIRST,N/A_NO_RETEST,DISCOVERY
w0__BUY__seq433,w0,1508,1507,2025-10-21 00:00:00,BUY,Daily-Low,PERIOD_D1,VOLATILE,UP,96.115,1373.8,0.14293294490974354,0.04245604618062915,PERIOD_M15,STRONG_TREND,DOWN,True,True,False,AMBIGUOUS_SAME_BAR,FAILURE_FIRST,N/A_NO_RETEST,DISCOVERY
w0__BUY__seq434,w0,1512,1511,2025-10-21 00:00:00,BUY,Equal-Low,PERIOD_D1,VOLATILE,UP,96.115,2554.3,0.26575456484419707,0.04740276455173443,PERIOD_M5,WEAK_TREND,DOWN,True,True,False,AMBIGUOUS_SAME_BAR,FAILURE_FIRST,N/A_NO_RETEST,DISCOVERY
w0__BUY__seq444,w0,1532,1531,2025-10-22 00:00:00,BUY,Equal-Low,PERIOD_D1,VOLATILE,DOWN,114.06357,112.3,0.009845387094231751,0.015026841695979443,PERIOD_M5,WEAK_TREND,UP,True,False,False,AMBIGUOUS_SAME_BAR,FAILURE_FIRST,N/A_NO_RETEST,DISCOVERY
w0__BUY__seq487,w0,1615,1611,2025-10-24 16:15:00,BUY,Asia-Low,PERIOD_M15,STRONG_TREND,DOWN,12.76286,309.2,0.2422654483399489,0.02714570858283433,PERIOD_M5,WEAK_TREND,UP,True,False,True,AMBIGUOUS_SAME_BAR,FAILURE_FIRST,N/A_NO_RETEST,DISCOVERY
w0__BUY__seq586,w0,1722,1720,2025-10-28 16:00:00,BUY,Asia-Low,PERIOD_H1,STRONG_TREND,DOWN,26.56643,170.8,0.06429166432975753,0.008352830094427924,PERIOD_M15,WEAK_TREND,DOWN,True,False,True,PLUS_1R_FIRST,FAILURE_FIRST,N/A_NO_RETEST,DISCOVERY
w0__BUY__seq588,w0,1726,1725,2025-10-28 00:00:00,BUY,Equal-Low,PERIOD_D1,VOLATILE,UP,129.805,268.0,0.020646354146604522,0.035315336525727645,PERIOD_M5,WEAK_TREND,DOWN,True,True,False,AMBIGUOUS_SAME_BAR,FAILURE_FIRST,N/A_NO_RETEST,DISCOVERY
w0__BUY__seq589,w0,1729,1728,2025-10-28 00:00:00,BUY,Equal-Low,PERIOD_D1,VOLATILE,DOWN,129.805,305.5,0.023535302954431646,0.005937675064604487,PERIOD_M5,RANGING,UP,True,False,False,AMBIGUOUS_SAME_BAR,FAILURE_FIRST,N/A_NO_RETEST,DISCOVERY
w0__SELL__seq760,w0,1876,1874,2025-10-31 04:45:00,SELL,Daily-High,PERIOD_M15,STRONG_TREND,UP,9.82071,240.4,0.2447888187310286,0.02950080625989924,PERIOD_M15,WEAK_TREND,UP,True,False,True,MINUS_1R_FIRST,FAILURE_FIRST,AMBIGUOUS,DISCOVERY
w0__SELL__seq921,w0,2233,2232,2025-11-11 00:00:00,SELL,Equal-High,PERIOD_D1,WEAK_TREND,UP,96.57786,283.2,0.029323490911892226,0.0728425286662,PERIOD_M5,WEAK_TREND,UP,False,False,True,AMBIGUOUS_SAME_BAR,FAILURE_FIRST,N/A_NO_RETEST,DISCOVERY
w0__SELL__seq922,w0,2236,2235,2025-11-11 00:00:00,SELL,Equal-High,PERIOD_D1,WEAK_TREND,DOWN,96.57786,283.2,0.029323490911892226,0.06788732394366198,PERIOD_M5,WEAK_TREND,DOWN,False,True,True,AMBIGUOUS_SAME_BAR,FAILURE_FIRST,N/A_NO_RETEST,DISCOVERY
w0__SELL__seq925,w0,2246,2245,2025-11-11 00:00:00,SELL,Daily-High,PERIOD_D1,WEAK_TREND,DOWN,96.57786,6.9,0.0007144494607770353,0.07847498014297061,PERIOD_H1,STRONG_TREND,DOWN,True,True,True,AMBIGUOUS_SAME_BAR,FAILURE_FIRST,N/A_NO_RETEST,DISCOVERY
w0__SELL__seq944,w0,2278,2277,2025-11-12 04:45:00,SELL,Equal-High,PERIOD_M15,WEAK_TREND,UP,6.50143,65.3,0.10043944178434591,0.005946599536165237,PERIOD_M5,WEAK_TREND,DOWN,False,False,True,AMBIGUOUS_SAME_BAR,FAILURE_FIRST,N/A_NO_RETEST,DISCOVERY
w0__BUY__seq824,w0,2281,2280,2025-11-12 10:30:00,BUY,Equal-Low,PERIOD_M30,WEAK_TREND,DOWN,9.65286,150.4,0.15580874476579998,0.14836679597876615,PERIOD_M5,WEAK_TREND,UP,False,False,True,AMBIGUOUS_SAME_BAR,FAILURE_FIRST,N/A_NO_RETEST,DISCOVERY
w0__SELL__seq1003,w0,2504,2503,2025-11-19 15:15:00,SELL,Equal-High,PERIOD_M15,STRONG_TREND,UP,7.57929,166.3,0.21941369178379508,0.06982464956206214,PERIOD_M5,RANGING,UP,True,False,False,AMBIGUOUS_SAME_BAR,FAILURE_FIRST,N/A_NO_RETEST,DISCOVERY
w0__SELL__seq1023,w0,2549,2548,2025-11-20 04:30:00,SELL,Equal-High,PERIOD_M30,WEAK_TREND,UP,14.66,270.7,0.18465211459754433,0.0040202371078414244,PERIOD_H1,RANGING,UP,True,False,False,MINUS_1R_FIRST,FAILURE_FIRST,N/A_NO_RETEST,DISCOVERY
w0__SELL__seq1061,w0,2680,2676,2025-11-21 22:30:00,SELL,Equal-High,PERIOD_M30,WEAK_TREND,UP,14.60714,191.2,0.13089489112858507,0.07800269905533062,PERIOD_M5,STRONG_TREND,DOWN,True,False,True,PLUS_1R_FIRST,FAILURE_FIRST,N/A_NO_RETEST,DISCOVERY
w0__BUY__seq1024,w0,2800,2796,2025-11-25 15:30:00,BUY,Asia-Low,PERIOD_M30,WEAK_TREND,DOWN,11.68857,192.1,0.1643485901183806,0.0901330074176036,PERIOD_M15,WEAK_TREND,DOWN,False,False,True,PLUS_1R_FIRST,FAILURE_FIRST,N/A_NO_RETEST,DISCOVERY
w0__SELL__seq1417,w0,3368,3364,2025-12-10 21:45:00,SELL,Asia-High,PERIOD_M15,RANGING,DOWN,9.315,311.1,0.3339774557165862,0.12241979994077071,PERIOD_M5,VOLATILE,DOWN,True,True,False,MINUS_1R_FIRST,FAILURE_FIRST,N/A_NO_RETEST,DISCOVERY
w0__BUY__seq1189,w0,3371,3370,2025-12-10 22:00:00,BUY,Asia-Low,PERIOD_M30,CHOPPY,UP,11.45786,147.3,0.1285580378884015,0.12955954153689458,PERIOD_H1,RANGING,DOWN,True,True,False,MINUS_1R_FIRST,FAILURE_FIRST,N/A_NO_RETEST,DISCOVERY
w0__BUY__seq1198,w0,3397,3396,2025-12-11 16:15:00,BUY,Equal-Low,PERIOD_M15,RANGING,UP,6.37857,184.4,0.2890930098752542,0.07273867266892808,PERIOD_M15,RANGING,UP,False,True,True,PLUS_1R_FIRST,FAILURE_FIRST,N/A_NO_RETEST,DISCOVERY
w0__BUY__seq1203,w0,3420,3419,2025-12-12 00:00:00,BUY,Asia-Low,PERIOD_D1,STRONG_TREND,UP,58.23143,690.3,0.11854422946508439,0.11854422946508439,PERIOD_D1,STRONG_TREND,UP,False,True,True,PLUS_1R_FIRST,FAILURE_FIRST,N/A_NO_RETEST,DISCOVERY
w0__SELL__seq1435,w0,3428,3427,2025-12-12 00:00:00,SELL,Equal-High,PERIOD_D1,STRONG_TREND,UP,58.23143,595.6,0.1022815342161441,0.07314471005343756,PERIOD_M5,STRONG_TREND,DOWN,False,False,True,MINUS_1R_FIRST,FAILURE_FIRST,N/A_NO_RETEST,DISCOVERY
w0__BUY__seq1217,w0,3462,3457,2025-12-15 02:00:00,BUY,Asia-Low,PERIOD_M5,RANGING,UP,3.67286,379.4,1.0329824714255376,0.06278800114398359,PERIOD_D1,STRONG_TREND,DOWN,True,True,False,PLUS_1R_FIRST,CONTINUATION_FIRST,AMBIGUOUS,DISCOVERY
w0__SELL__seq1452,w0,3499,3497,2025-12-16 05:00:00,SELL,Equal-High,PERIOD_H1,RANGING,UP,15.02643,198.9,0.13236676975169753,0.005379438709365065,PERIOD_M5,RANGING,UP,False,False,True,AMBIGUOUS_SAME_BAR,FAILURE_FIRST,N/A_NO_RETEST,DISCOVERY
w0__BUY__seq1245,w0,3525,3523,2025-12-16 14:15:00,BUY,Equal-Low,PERIOD_M15,WEAK_TREND,DOWN,5.19357,113.6,0.21873200900344075,0.03447283339915525,PERIOD_M5,RANGING,DOWN,True,False,False,PLUS_1R_FIRST,FAILURE_FIRST,N/A_NO_RETEST,DISCOVERY
w0__SELL__seq1490,w0,3621,3615,2025-12-18 16:45:00,SELL,Asia-High,PERIOD_M15,WEAK_TREND,DOWN,8.10071,287.3,0.3546602705194977,0.10851531016868272,PERIOD_M15,STRONG_TREND,DOWN,True,True,True,AMBIGUOUS_SAME_BAR,FAILURE_FIRST,FAIL,DISCOVERY
w0__BUY__seq1293,w0,3665,3664,2025-12-19 11:45:00,BUY,Equal-Low,PERIOD_M15,WEAK_TREND,DOWN,4.27071,83.2,0.19481538198566514,0.04530669930552269,PERIOD_M15,WEAK_TREND,DOWN,False,False,True,AMBIGUOUS_SAME_BAR,FAILURE_FIRST,HOLD,DISCOVERY
w0__BUY__seq1294,w0,3671,3670,2025-12-19 15:30:00,BUY,Equal-Low,PERIOD_M30,RANGING,UP,5.99786,137.4,0.229081705808405,0.07611419471181996,PERIOD_M30,RANGING,UP,False,True,True,AMBIGUOUS_SAME_BAR,FAILURE_FIRST,N/A_NO_RETEST,DISCOVERY
w0__BUY__seq1295,w0,3701,3700,2025-12-22 04:00:00,BUY,Asia-Low,PERIOD_H4,WEAK_TREND,UP,24.97071,703.7,0.2818101687937588,0.04401602328427835,PERIOD_D1,STRONG_TREND,UP,True,True,True,PLUS_1R_FIRST,FAILURE_FIRST,N/A_NO_RETEST,DISCOVERY
w0__BUY__seq1301,w0,3720,3719,2025-12-23 01:15:00,BUY,Asia-Low,PERIOD_M15,STRONG_TREND,UP,5.23214,998.1,1.907632441027954,0.13974131688090566,PERIOD_D1,STRONG_TREND,UP,False,True,True,PLUS_1R_FIRST,FAILURE_FIRST,N/A_NO_RETEST,DISCOVERY
w0__SELL__seq1518,w0,3723,3722,2025-12-23 00:00:00,SELL,Equal-High,PERIOD_D1,STRONG_TREND,UP,63.39571,449.3,0.0708723035044485,0.01796376786125723,PERIOD_M5,STRONG_TREND,UP,False,False,True,MINUS_1R_FIRST,FAILURE_FIRST,N/A_NO_RETEST,DISCOVERY
w0__SELL__seq1519,w0,3730,3729,2025-12-23 00:00:00,SELL,Daily-High,PERIOD_D1,STRONG_TREND,UP,63.39571,51.9,0.008186673830137717,0.018703317123791825,PERIOD_H1,STRONG_TREND,UP,False,False,True,MINUS_1R_FIRST,FAILURE_FIRST,N/A_NO_RETEST,DISCOVERY
w0__SELL__seq1523,w0,3742,3741,2025-12-23 00:00:00,SELL,Equal-High,PERIOD_D1,STRONG_TREND,UP,63.39571,360.5,0.056865046546524994,0.05000778630005988,PERIOD_M5,STRONG_TREND,DOWN,False,False,True,MINUS_1R_FIRST,FAILURE_FIRST,N/A_NO_RETEST,DISCOVERY
w0__BUY__seq1330,w0,3778,3751,2025-12-24 08:00:00,BUY,Asia-Low,PERIOD_H4,STRONG_TREND,UP,32.61857,188.7,0.057850482102679554,0.041025808263800714,PERIOD_D1,STRONG_TREND,UP,False,True,True,AMBIGUOUS_SAME_BAR,FAILURE_FIRST,N/A_NO_RETEST,DISCOVERY
w0__BUY__seq1353,w0,3878,3875,2025-12-29 01:15:00,BUY,Asia-Low,PERIOD_M5,RANGING,UP,5.31714,265.5,0.4993285864205193,0.03748082643223108,PERIOD_D1,STRONG_TREND,UP,True,True,False,PLUS_1R_FIRST,CONTINUATION_FIRST,N/A_NO_RETEST,DISCOVERY
w0__SELL__seq1594,w0,3886,3880,2025-12-29 02:30:00,SELL,Equal-High,PERIOD_M30,WEAK_TREND,UP,15.72286,488.8,0.31088491533983004,0.035786891218629886,PERIOD_M15,WEAK_TREND,UP,False,False,True,PLUS_1R_FIRST,FAILURE_FIRST,N/A_NO_RETEST,DISCOVERY
w1__SELL__seq96,w1,147,146,2026-01-06 00:00:00,SELL,Equal-High,PERIOD_D1,STRONG_TREND,UP,90.00786,419.4,0.04659593062205901,0.039884550396015864,PERIOD_M5,STRONG_TREND,UP,False,False,True,MINUS_1R_FIRST,FAILURE_FIRST,N/A_NO_RETEST,VALIDATION
w1__BUY__seq54,w1,263,262,2026-01-09 07:45:00,BUY,Equal-Low,PERIOD_M5,WEAK_TREND,UP,3.56857,69.1,0.19363498544234806,0.1331904623611765,PERIOD_M5,STRONG_TREND,UP,True,True,True,AMBIGUOUS_SAME_BAR,FAILURE_FIRST,N/A_NO_RETEST,VALIDATION
w1__BUY__seq57,w1,280,278,2026-01-09 16:00:00,BUY,Equal-Low,PERIOD_H1,RANGING,UP,12.90429,221.4,0.17157084969417147,0.3166824343346105,PERIOD_M15,CHOPPY,UP,True,True,False,PLUS_1R_FIRST,FAILURE_FIRST,N/A_NO_RETEST,VALIDATION
w1__BUY__seq59,w1,286,285,2026-01-12 04:00:00,BUY,Asia-Low,PERIOD_H4,STRONG_TREND,UP,32.98929,1139.4,0.34538482034623974,0.057148786850418305,PERIOD_D1,STRONG_TREND,UP,False,True,True,AMBIGUOUS_SAME_BAR,FAILURE_FIRST,N/A_NO_RETEST,VALIDATION
w1__BUY__seq64,w1,308,306,2026-01-13 01:00:00,BUY,Asia-Low,PERIOD_M5,RANGING,DOWN,3.63857,611.9,1.6817046257183452,0.062341992747178,PERIOD_D1,STRONG_TREND,UP,True,False,False,PLUS_1R_FIRST,CONTINUATION_FIRST,N/A_NO_RETEST,VALIDATION
w1__SELL__seq221,w1,556,553,2026-01-16 17:30:00,SELL,Asia-High,PERIOD_M30,RANGING,DOWN,14.54071,509.9,0.350670634377551,0.0035010625194282444,PERIOD_M15,WEAK_TREND,DOWN,True,True,False,AMBIGUOUS_SAME_BAR,FAILURE_FIRST,N/A_NO_RETEST,VALIDATION
w1__SELL__seq222,w1,566,558,2026-01-16 18:00:00,SELL,Asia-High,PERIOD_H1,RANGING,DOWN,19.20857,451.9,0.23525957424212213,0.23525957424212213,PERIOD_H1,RANGING,UP,False,True,True,MINUS_1R_FIRST,FAILURE_FIRST,N/A_NO_RETEST,VALIDATION
w1__BUY__seq151,w1,597,593,2026-01-19 02:00:00,BUY,Asia-Low,PERIOD_H1,RANGING,DOWN,27.11929,814.0,0.30015535067474114,0.005851900321414283,PERIOD_D1,STRONG_TREND,UP,True,False,False,MINUS_1R_FIRST,FAILURE_FIRST,N/A_NO_RETEST,VALIDATION
w1__BUY__seq156,w1,618,617,2026-01-20 03:15:00,BUY,Asia-Low,PERIOD_M15,RANGING,UP,5.885,170.8,0.2902293967714529,0.020591097056677207,PERIOD_D1,STRONG_TREND,UP,True,True,False,AMBIGUOUS_SAME_BAR,FAILURE_FIRST,N/A_NO_RETEST,VALIDATION
w1__BUY__seq159,w1,648,647,2026-01-21 03:30:00,BUY,Asia-Low,PERIOD_M30,STRONG_TREND,UP,12.475,1680.1,1.3467735470941884,0.12366238147286729,PERIOD_D1,STRONG_TREND,UP,False,True,True,AMBIGUOUS_SAME_BAR,FAILURE_FIRST,N/A_NO_RETEST,VALIDATION
w1__SELL__seq242,w1,667,666,2026-01-21 00:00:00,SELL,Equal-High,PERIOD_D1,STRONG_TREND,UP,84.05143,1077.8,0.12823101284534957,0.07385642617037376,PERIOD_M5,RANGING,UP,True,False,False,AMBIGUOUS_SAME_BAR,FAILURE_FIRST,N/A_NO_RETEST,VALIDATION
w1__SELL__seq243,w1,672,671,2026-01-21 00:00:00,SELL,Equal-High,PERIOD_D1,STRONG_TREND,UP,84.05143,873.1,0.1038768763363098,0.37732960603554877,PERIOD_M5,STRONG_TREND,UP,False,False,True,AMBIGUOUS_SAME_BAR,FAILURE_FIRST,N/A_NO_RETEST,VALIDATION
w1__BUY__seq174,w1,677,676,2026-01-22 01:15:00,BUY,Asia-Low,PERIOD_M15,WEAK_TREND,DOWN,21.56786,440.4,0.20419272009369496,0.06997455544301087,PERIOD_D1,STRONG_TREND,UP,True,False,True,MINUS_1R_FIRST,FAILURE_FIRST,N/A_NO_RETEST,VALIDATION
w1__BUY__seq184,w1,709,708,2026-01-23 00:00:00,BUY,Asia-Low,PERIOD_D1,STRONG_TREND,UP,91.88643,1615.7,0.17583662788945004,0.17583662788945004,PERIOD_D1,STRONG_TREND,UP,False,True,True,PLUS_1R_FIRST,FAILURE_FIRST,N/A_NO_RETEST,VALIDATION
w1__BUY__seq189,w1,750,749,2026-01-23 20:15:00,BUY,Asia-Low,PERIOD_M15,STRONG_TREND,UP,13.27714,444.2,0.33456000313320494,0.05788759030325411,PERIOD_H4,STRONG_TREND,UP,False,True,True,AMBIGUOUS_SAME_BAR,FAILURE_FIRST,FAIL,VALIDATION
w1__SELL__seq276,w1,756,754,2026-01-23 00:00:00,SELL,Asia-High,PERIOD_D1,STRONG_TREND,UP,91.88643,310.4,0.03378083140241709,0.02447939690371279,PERIOD_M15,STRONG_TREND,UP,False,False,True,MINUS_1R_FIRST,FAILURE_FIRST,N/A_NO_RETEST,VALIDATION
w1__SELL__seq279,w1,762,759,2026-01-23 00:00:00,SELL,Equal-High,PERIOD_D1,STRONG_TREND,UP,91.88643,516.7,0.056232460005247786,0.03721998807826778,PERIOD_M15,WEAK_TREND,DOWN,True,False,True,MINUS_1R_FIRST,FAILURE_FIRST,N/A_NO_RETEST,VALIDATION
w1__BUY__seq193,w1,767,766,2026-01-26 02:00:00,BUY,Asia-Low,PERIOD_H1,STRONG_TREND,UP,23.98643,1033.0,0.43066016910394755,0.05785595186957104,PERIOD_D1,STRONG_TREND,UP,False,True,True,MINUS_1R_FIRST,FAILURE_FIRST,N/A_NO_RETEST,VALIDATION
w1__BUY__seq246,w1,849,848,2026-01-28 00:00:00,BUY,Asia-Low,PERIOD_H4,STRONG_TREND,UP,57.545,1673.1,0.29074637240420537,0.16593158969127558,PERIOD_D1,STRONG_TREND,UP,False,True,True,AMBIGUOUS_SAME_BAR,FAILURE_FIRST,N/A_NO_RETEST,VALIDATION
w1__SELL__seq317,w1,868,867,2026-01-28 00:00:00,SELL,Equal-High,PERIOD_D1,STRONG_TREND,UP,100.83071,995.7,0.0987496765618332,0.06863738390629989,PERIOD_M5,STRONG_TREND,UP,False,False,True,AMBIGUOUS_SAME_BAR,FAILURE_FIRST,N/A_NO_RETEST,VALIDATION
w1__SELL__seq320,w1,881,880,2026-01-28 00:00:00,SELL,Equal-High,PERIOD_D1,STRONG_TREND,UP,100.83071,1042.9,0.10343079008369574,0.007660389403127993,PERIOD_M5,STRONG_TREND,UP,False,False,True,AMBIGUOUS_SAME_BAR,FAILURE_FIRST,N/A_NO_RETEST,VALIDATION
w1__BUY__seq259,w1,905,904,2026-01-29 03:15:00,BUY,Asia-Low,PERIOD_M15,VOLATILE,UP,41.87857,3195.3,0.7629916685311844,0.22506198274317907,PERIOD_D1,STRONG_TREND,UP,True,True,False,PLUS_1R_FIRST,CONTINUATION_FIRST,FAIL,VALIDATION
w1__SELL__seq333,w1,922,921,2026-01-29 00:00:00,SELL,Equal-High,PERIOD_D1,STRONG_TREND,UP,114.39071,1129.9,0.0987755037100478,0.013501320734036324,PERIOD_M5,RANGING,UP,True,False,False,MINUS_1R_FIRST,FAILURE_FIRST,N/A_NO_RETEST,VALIDATION
w1__SELL__seq334,w1,925,924,2026-01-29 00:00:00,SELL,Equal-High,PERIOD_D1,STRONG_TREND,UP,114.39071,1129.9,0.0987755037100478,0.07392203540558649,PERIOD_M5,RANGING,UP,True,False,False,MINUS_1R_FIRST,FAILURE_FIRST,FAIL,VALIDATION
w1__BUY__seq347,w1,1027,1025,2026-02-02 00:00:00,BUY,Weekly-Low,PERIOD_D1,VOLATILE,UP,191.11357,2054.2,0.10748582635968758,0.001783094458864688,PERIOD_M15,STRONG_TREND,UP,True,True,False,MINUS_1R_FIRST,FAILURE_FIRST,N/A_NO_RETEST,VALIDATION
w1__BUY__seq360,w1,1042,1041,2026-02-02 00:00:00,BUY,Equal-Low,PERIOD_D1,VOLATILE,UP,191.11357,2412.5,0.12623384095645326,0.04166838883191058,PERIOD_M5,RANGING,DOWN,True,True,False,MINUS_1R_FIRST,FAILURE_FIRST,N/A_NO_RETEST,VALIDATION
w1__BUY__seq366,w1,1050,1049,2026-02-02 00:00:00,BUY,Equal-Low,PERIOD_D1,VOLATILE,UP,191.11357,2407.6,0.12597744890642773,0.014080459770114942,PERIOD_M5,RANGING,UP,True,True,False,MINUS_1R_FIRST,FAILURE_FIRST,N/A_NO_RETEST,VALIDATION
w1__SELL__seq399,w1,1142,1141,2026-02-04 00:00:00,SELL,Equal-High,PERIOD_D1,VOLATILE,UP,241.04571,1433.9,0.059486642595713485,0.06346226019745516,PERIOD_M5,WEAK_TREND,UP,True,False,False,MINUS_1R_FIRST,FAILURE_FIRST,N/A_NO_RETEST,VALIDATION
w1__SELL__seq402,w1,1157,1156,2026-02-04 00:00:00,SELL,Equal-High,PERIOD_D1,VOLATILE,UP,241.04571,1163.7,0.04827715042097202,0.07538275073729271,PERIOD_M5,WEAK_TREND,UP,True,False,False,MINUS_1R_FIRST,FAILURE_FIRST,N/A_NO_RETEST,VALIDATION
w1__SELL__seq406,w1,1167,1166,2026-02-04 18:00:00,SELL,Daily-High,PERIOD_M30,STRONG_TREND,DOWN,35.96429,730.9,0.2032293700223194,0.17545611628642774,PERIOD_H1,WEAK_TREND,UP,True,True,True,AMBIGUOUS_SAME_BAR,FAILURE_FIRST,N/A_NO_RETEST,VALIDATION
w1__BUY__seq430,w1,1222,1219,2026-02-05 18:45:00,BUY,Equal-Low,PERIOD_M5,STRONG_TREND,DOWN,18.23,763.8,0.4189797037849698,0.04382685243062176,PERIOD_M15,WEAK_TREND,DOWN,True,False,True,MINUS_1R_FIRST,FAILURE_FIRST,N/A_NO_RETEST,VALIDATION
w1__BUY__seq481,w1,1524,1520,2026-02-13 02:15:00,BUY,Equal-Low,PERIOD_M15,WEAK_TREND,DOWN,17.60643,306.4,0.17402732978803767,0.020632812572372747,PERIOD_M5,RANGING,UP,True,False,False,AMBIGUOUS_SAME_BAR,FAILURE_FIRST,N/A_NO_RETEST,VALIDATION
w1__SELL__seq622,w1,1568,1564,2026-02-16 01:45:00,SELL,Daily-High,PERIOD_M15,RANGING,UP,11.82571,272.2,0.23017645452154667,0.2028887000849618,PERIOD_M15,WEAK_TREND,UP,True,False,False,AMBIGUOUS_SAME_BAR,FAILURE_FIRST,N/A_NO_RETEST,VALIDATION
w1__SELL__seq657,w1,1709,1706,2026-02-20 02:00:00,SELL,Equal-High,PERIOD_M5,WEAK_TREND,DOWN,6.18357,141.1,0.22818533630249194,0.06121269384908404,PERIOD_M5,STRONG_TREND,DOWN,True,True,True,AMBIGUOUS_SAME_BAR,FAILURE_FIRST,N/A_NO_RETEST,VALIDATION
w1__BUY__seq575,w1,1779,1778,2026-02-24 01:15:00,BUY,Asia-Low,PERIOD_M15,STRONG_TREND,UP,8.045,1193.0,1.4829086389061528,0.0641313429896664,PERIOD_D1,WEAK_TREND,UP,True,True,True,PLUS_1R_FIRST,FAILURE_FIRST,N/A_NO_RETEST,VALIDATION
w2__BUY__seq1,w2,5,4,2026-03-02 04:45:00,BUY,Asia-Low,PERIOD_M15,STRONG_TREND,UP,24.00929,1781.1,0.7418378469334161,0.08480930514108531,PERIOD_D1,STRONG_TREND,UP,False,True,True,MINUS_1R_FIRST,FAILURE_FIRST,N/A_NO_RETEST,VALIDATION
w2__SELL__seq5,w2,13,12,2026-03-02 16:15:00,SELL,Equal-High,PERIOD_M15,RANGING,UP,17.14714,234.2,0.13658254379447535,0.04920790861190381,PERIOD_M5,RANGING,UP,False,False,True,PLUS_1R_FIRST,FAILURE_FIRST,N/A_NO_RETEST,VALIDATION
w2__SELL__seq8,w2,29,28,2026-03-02 20:00:00,SELL,Equal-High,PERIOD_H4,STRONG_TREND,DOWN,56.29429,274.1,0.04869055103101932,0.022131895982618242,PERIOD_M5,WEAK_TREND,UP,True,True,True,PLUS_1R_FIRST,FAILURE_FIRST,N/A_NO_RETEST,VALIDATION
w2__BUY__seq38,w2,39,30,2026-03-03 08:00:00,BUY,Asia-Low,PERIOD_M30,STRONG_TREND,UP,22.30786,138.4,0.062040912933826915,0.014429723344254942,PERIOD_D1,STRONG_TREND,UP,False,True,True,PLUS_1R_FIRST,FAILURE_FIRST,N/A_NO_RETEST,VALIDATION
w2__SELL__seq47,w2,106,105,2026-03-04 00:00:00,SELL,Equal-High,PERIOD_D1,STRONG_TREND,DOWN,149.62571,796.1,0.05320609673297457,0.003699042388383598,PERIOD_M5,WEAK_TREND,DOWN,True,True,True,MINUS_1R_FIRST,FAILURE_FIRST,N/A_NO_RETEST,VALIDATION
w2__SELL__seq49,w2,113,112,2026-03-04 00:00:00,SELL,Equal-High,PERIOD_D1,STRONG_TREND,UP,149.62571,874.7,0.058459204638026445,0.06048002037221739,PERIOD_M5,RANGING,UP,True,False,False,MINUS_1R_FIRST,FAILURE_FIRST,N/A_NO_RETEST,VALIDATION
w2__SELL__seq51,w2,121,119,2026-03-04 00:00:00,SELL,Asia-High,PERIOD_D1,STRONG_TREND,UP,149.62571,1024.3,0.06845748635044072,0.0029004879993088737,PERIOD_H1,WEAK_TREND,UP,True,False,True,MINUS_1R_FIRST,FAILURE_FIRST,N/A_NO_RETEST,VALIDATION
w2__BUY__seq176,w2,189,185,2026-03-06 03:45:00,BUY,Equal-Low,PERIOD_M15,RANGING,UP,15.12143,463.6,0.30658476083280484,0.03800217980503361,PERIOD_M15,RANGING,UP,False,True,True,PLUS_1R_FIRST,CONTINUATION_FIRST,N/A_NO_RETEST,VALIDATION
w2__BUY__seq192,w2,206,201,2026-03-06 15:45:00,BUY,Asia-Low,PERIOD_M15,WEAK_TREND,DOWN,16.81357,558.2,0.33199374077010424,0.04765570328901329,PERIOD_M15,WEAK_TREND,DOWN,False,False,True,MINUS_1R_FIRST,FAILURE_FIRST,N/A_NO_RETEST,VALIDATION
w2__SELL__seq72,w2,244,237,2026-03-09 02:15:00,SELL,Daily-High,PERIOD_M15,WEAK_TREND,UP,31.37929,1393.7,0.4441464418092315,0.13033067274800456,PERIOD_H1,WEAK_TREND,UP,False,False,True,AMBIGUOUS_SAME_BAR,FAILURE_FIRST,N/A_NO_RETEST,VALIDATION
w2__BUY__seq223,w2,284,281,2026-03-09 16:45:00,BUY,Daily-Low,PERIOD_M15,WEAK_TREND,DOWN,17.39643,496.3,0.28528841837089564,0.056034250029959556,PERIOD_M15,WEAK_TREND,DOWN,False,False,True,MINUS_1R_FIRST,FAILURE_FIRST,N/A_NO_RETEST,VALIDATION
w2__BUY__seq233,w2,361,360,2026-03-11 02:30:00,BUY,Equal-Low,PERIOD_M30,WEAK_TREND,UP,17.475,248.0,0.14191702432045777,0.10369558958194873,PERIOD_M5,RANGING,UP,True,True,False,MINUS_1R_FIRST,FAILURE_FIRST,N/A_NO_RETEST,VALIDATION
w2__BUY__seq386,w2,593,591,2026-03-16 13:00:00,BUY,Asia-Low,PERIOD_H1,STRONG_TREND,UP,26.98857,159.9,0.05924730358073808,0.024866473125515702,PERIOD_M15,STRONG_TREND,UP,False,True,True,AMBIGUOUS_SAME_BAR,FAILURE_FIRST,N/A_NO_RETEST,VALIDATION
w2__SELL__seq194,w2,700,698,2026-03-17 17:30:00,SELL,Equal-High,PERIOD_M30,RANGING,UP,14.87286,166.6,0.1120161152596071,0.044365192582025675,PERIOD_M5,RANGING,DOWN,False,False,True,MINUS_1R_FIRST,FAILURE_FIRST,N/A_NO_RETEST,VALIDATION
w2__BUY__seq467,w2,731,727,2026-03-18 08:15:00,BUY,Equal-Low,PERIOD_M15,WEAK_TREND,DOWN,7.51929,128.5,0.17089379449389502,0.04014545454545455,PERIOD_M15,WEAK_TREND,DOWN,False,False,True,AMBIGUOUS_SAME_BAR,FAILURE_FIRST,N/A_NO_RETEST,VALIDATION
w2__SELL__seq197,w2,784,783,2026-03-19 09:45:00,SELL,Asia-High,PERIOD_M15,VOLATILE,DOWN,18.06429,2752.2,1.5235583574001523,0.1357839798179881,PERIOD_D1,STRONG_TREND,DOWN,True,True,False,MINUS_1R_FIRST,FAILURE_FIRST,N/A_NO_RETEST,VALIDATION
w2__SELL__seq210,w2,842,841,2026-03-23 00:00:00,SELL,Asia-High,PERIOD_D1,STRONG_TREND,DOWN,169.36786,2380.3,0.14054024181447414,0.14054024181447414,PERIOD_D1,STRONG_TREND,DOWN,False,True,True,PLUS_1R_FIRST,FAILURE_FIRST,N/A_NO_RETEST,VALIDATION
w2__BUY__seq581,w2,852,851,2026-03-23 00:00:00,BUY,Weekly-Low,PERIOD_D1,STRONG_TREND,DOWN,169.36786,202.6,0.011962127879516218,0.002059962713026924,PERIOD_M15,WEAK_TREND,UP,True,False,True,MINUS_1R_FIRST,FAILURE_FIRST,N/A_NO_RETEST,VALIDATION
w2__BUY__seq691,w2,965,962,2026-03-25 00:00:00,BUY,Monthly-Low,PERIOD_H1,RANGING,DOWN,43.60429,713.1,0.16353895453864747,0.16353895453864747,PERIOD_H1,RANGING,DOWN,False,False,True,AMBIGUOUS_SAME_BAR,FAILURE_FIRST,N/A_NO_RETEST,VALIDATION
w2__BUY__seq875,w2,1156,1154,2026-03-31 03:45:00,BUY,Equal-Low,PERIOD_M15,RANGING,DOWN,15.17786,436.0,0.2872605228932142,0.14342599407424184,PERIOD_M15,RANGING,DOWN,False,False,True,PLUS_1R_FIRST,FAILURE_FIRST,N/A_NO_RETEST,VALIDATION
w2__SELL__seq353,w2,1287,1286,2026-04-02 04:30:00,SELL,Daily-High,PERIOD_M30,WEAK_TREND,UP,23.84214,961.2,0.4031517305074125,0.03027027027027027,PERIOD_H1,STRONG_TREND,UP,True,False,True,PLUS_1R_FIRST,CONTINUATION_FIRST,N/A_NO_RETEST,VALIDATION
w2__BUY__seq900,w2,1325,1323,2026-04-02 17:00:00,BUY,Equal-Low,PERIOD_H1,STRONG_TREND,DOWN,48.90786,534.1,0.10920535063280218,0.037044203824437585,PERIOD_M5,WEAK_TREND,DOWN,True,False,True,MINUS_1R_FIRST,FAILURE_FIRST,N/A_NO_RETEST,VALIDATION
w2__BUY__seq901,w2,1332,1328,2026-04-02 17:45:00,BUY,Daily-Low,PERIOD_M15,WEAK_TREND,DOWN,25.45857,317.1,0.12455530691629577,0.012174513348039593,PERIOD_M30,WEAK_TREND,DOWN,False,False,True,MINUS_1R_FIRST,FAILURE_FIRST,N/A_NO_RETEST,VALIDATION
w2__BUY__seq934,w2,1422,1420,2026-04-07 12:00:00,BUY,Equal-Low,PERIOD_H1,RANGING,DOWN,22.88429,372.8,0.1629065179649445,0.16374007936507937,PERIOD_M30,RANGING,DOWN,False,False,True,PLUS_1R_FIRST,FAILURE_FIRST,N/A_NO_RETEST,VALIDATION
w2__SELL__seq458,w2,1533,1532,2026-04-09 06:15:00,SELL,Equal-High,PERIOD_M5,STRONG_TREND,UP,4.82214,73.6,0.15262933054618902,0.017560538442440793,PERIOD_M5,WEAK_TREND,UP,True,False,True,PLUS_1R_FIRST,CONTINUATION_FIRST,N/A_NO_RETEST,VALIDATION
w2__BUY__seq990,w2,1666,1663,2026-04-13 19:30:00,BUY,Equal-Low,PERIOD_M30,RANGING,DOWN,16.34643,267.8,0.16382782050882058,0.0009358288770053475,PERIOD_M5,STRONG_TREND,DOWN,True,False,False,AMBIGUOUS_SAME_BAR,FAILURE_FIRST,N/A_NO_RETEST,VALIDATION
w2__SELL__seq571,w2,1747,1741,2026-04-15 06:00:00,SELL,Daily-High,PERIOD_H1,STRONG_TREND,DOWN,20.775,224.0,0.10782190132370639,0.09451030380972897,PERIOD_M30,STRONG_TREND,UP,False,True,True,PLUS_1R_FIRST,FAILURE_FIRST,N/A_NO_RETEST,VALIDATION
w2__SELL__seq584,w2,1835,1832,2026-04-16 17:00:00,SELL,Equal-High,PERIOD_H1,RANGING,UP,15.43143,283.0,0.1833919474734357,0.12278510112395592,PERIOD_M5,WEAK_TREND,UP,True,False,False,AMBIGUOUS_SAME_BAR,FAILURE_FIRST,N/A_NO_RETEST,VALIDATION
w2__SELL__seq589,w2,1883,1880,2026-04-17 09:00:00,SELL,Equal-High,PERIOD_M30,RANGING,DOWN,10.23286,6.5,0.006352085340755175,0.015376826885317258,PERIOD_M5,WEAK_TREND,UP,True,True,False,PLUS_1R_FIRST,FAILURE_FIRST,N/A_NO_RETEST,VALIDATION
w2__SELL__seq731,w2,2062,2061,2026-04-22 00:00:00,SELL,Equal-High,PERIOD_D1,WEAK_TREND,DOWN,118.93286,274.4,0.023071840700711305,0.02307803848926667,PERIOD_M5,WEAK_TREND,DOWN,False,True,True,AMBIGUOUS_SAME_BAR,FAILURE_FIRST,N/A_NO_RETEST,VALIDATION
w2__SELL__seq733,w2,2078,2077,2026-04-22 00:00:00,SELL,Equal-High,PERIOD_D1,WEAK_TREND,DOWN,118.93286,406.9,0.034212580106120376,0.08952208887966352,PERIOD_M15,RANGING,DOWN,True,True,False,AMBIGUOUS_SAME_BAR,FAILURE_FIRST,N/A_NO_RETEST,VALIDATION
w2__SELL__seq741,w2,2116,2115,2026-04-23 12:00:00,SELL,Equal-High,PERIOD_H1,STRONG_TREND,UP,19.21929,41.4,0.021540858169058274,0.07007575757575757,PERIOD_M5,STRONG_TREND,DOWN,False,False,True,AMBIGUOUS_SAME_BAR,FAILURE_FIRST,N/A_NO_RETEST,VALIDATION
w2__BUY__seq1245,w2,2193,2191,2026-04-24 17:15:00,BUY,Equal-Low,PERIOD_M15,RANGING,UP,14.26786,387.6,0.2716595200681812,0.09434095650516243,PERIOD_H1,RANGING,DOWN,False,True,True,AMBIGUOUS_SAME_BAR,FAILURE_FIRST,N/A_NO_RETEST,VALIDATION
w2__SELL__seq794,w2,2235,2234,2026-04-27 15:45:00,SELL,Equal-High,PERIOD_M15,WEAK_TREND,DOWN,6.40643,120.6,0.18824836921655272,0.06135852064772105,PERIOD_M15,WEAK_TREND,DOWN,False,True,True,MINUS_1R_FIRST,FAILURE_FIRST,N/A_NO_RETEST,VALIDATION
w2__BUY__seq1298,w2,2297,2296,2026-04-28 16:00:00,BUY,Equal-Low,PERIOD_H4,STRONG_TREND,DOWN,34.795,231.9,0.06664750682569334,0.04106639552449065,PERIOD_M5,RANGING,DOWN,True,False,False,MINUS_1R_FIRST,FAILURE_FIRST,N/A_NO_RETEST,VALIDATION
w3__BUY__seq11,w3,23,22,2026-05-01 16:45:00,BUY,Asia-Low,PERIOD_M5,WEAK_TREND,DOWN,6.33429,170.7,0.2694856092790194,0.15898088317745693,PERIOD_M15,STRONG_TREND,UP,True,False,True,MINUS_1R_FIRST,FAILURE_FIRST,N/A_NO_RETEST,VALIDATION
w3__SELL__seq18,w3,110,109,2026-05-05 00:00:00,SELL,Equal-High,PERIOD_D1,WEAK_TREND,UP,101.035,188.8,0.018686593754639484,0.06910112359550562,PERIOD_M5,STRONG_TREND,DOWN,True,False,True,AMBIGUOUS_SAME_BAR,FAILURE_FIRST,HOLD,VALIDATION
w3__SELL__seq19,w3,114,112,2026-05-05 00:00:00,SELL,Equal-High,PERIOD_D1,WEAK_TREND,UP,101.035,283.0,0.028010095511456428,0.017377108403432436,PERIOD_M5,WEAK_TREND,UP,False,False,True,AMBIGUOUS_SAME_BAR,FAILURE_FIRST,FAIL,VALIDATION
w3__SELL__seq20,w3,117,116,2026-05-05 00:00:00,SELL,Asia-High,PERIOD_D1,WEAK_TREND,UP,101.035,283.0,0.028010095511456428,0.010656412066266841,PERIOD_M15,WEAK_TREND,UP,False,False,True,AMBIGUOUS_SAME_BAR,FAILURE_FIRST,AMBIGUOUS,VALIDATION
w3__SELL__seq29,w3,135,134,2026-05-05 00:00:00,SELL,Equal-High,PERIOD_D1,WEAK_TREND,UP,101.035,607.0,0.06007819072598605,0.05981235340109461,PERIOD_M30,WEAK_TREND,UP,False,False,True,AMBIGUOUS_SAME_BAR,FAILURE_FIRST,FAIL,VALIDATION
w3__SELL__seq30,w3,139,137,2026-05-05 00:00:00,SELL,Equal-High,PERIOD_D1,WEAK_TREND,UP,101.035,607.0,0.06007819072598605,0.002525734635919067,PERIOD_M30,WEAK_TREND,UP,False,False,True,AMBIGUOUS_SAME_BAR,FAILURE_FIRST,HOLD,VALIDATION
w3__SELL__seq31,w3,142,141,2026-05-05 00:00:00,SELL,Equal-High,PERIOD_D1,WEAK_TREND,UP,101.035,612.5,0.06062255653981294,0.030582867755509432,PERIOD_M5,WEAK_TREND,UP,False,False,True,AMBIGUOUS_SAME_BAR,FAILURE_FIRST,HOLD,VALIDATION
w3__SELL__seq32,w3,148,147,2026-05-05 00:00:00,SELL,Equal-High,PERIOD_D1,WEAK_TREND,UP,101.035,390.4,0.03864007522145791,0.025104372287524157,PERIOD_M5,RANGING,UP,True,False,False,AMBIGUOUS_SAME_BAR,FAILURE_FIRST,AMBIGUOUS,VALIDATION
w3__SELL__seq36,w3,167,166,2026-05-06 15:00:00,SELL,Equal-High,PERIOD_H1,STRONG_TREND,UP,22.36286,139.9,0.06255908233562255,0.08242119682284989,PERIOD_M5,WEAK_TREND,UP,True,False,True,PLUS_1R_FIRST,CONTINUATION_FIRST,N/A_NO_RETEST,VALIDATION
w3__BUY__seq103,w3,170,169,2026-05-06 17:00:00,BUY,Equal-Low,PERIOD_H1,STRONG_TREND,UP,23.43857,77.3,0.032979827694266335,0.010352742941392764,PERIOD_M5,WEAK_TREND,UP,True,True,True,PLUS_1R_FIRST,FAILURE_FIRST,N/A_NO_RETEST,VALIDATION
w3__SELL__seq41,w3,188,187,2026-05-07 00:00:00,SELL,Asia-High,PERIOD_D1,WEAK_TREND,UP,108.14143,590.2,0.05457667796699193,0.009710861649865173,PERIOD_M15,STRONG_TREND,UP,True,False,True,MINUS_1R_FIRST,FAILURE_FIRST,N/A_NO_RETEST,VALIDATION
w3__SELL__seq64,w3,226,225,2026-05-07 00:00:00,SELL,Equal-High,PERIOD_D1,WEAK_TREND,UP,108.14143,218.5,0.020205022256502433,0.02044820594309155,PERIOD_M5,RANGING,UP,True,False,False,MINUS_1R_FIRST,FAILURE_FIRST,N/A_NO_RETEST,VALIDATION
w3__SELL__seq74,w3,263,260,2026-05-08 10:30:00,SELL,Weekly-High,PERIOD_M30,WEAK_TREND,UP,15.20357,232.0,0.15259573902708376,0.009921962095875139,PERIOD_M15,WEAK_TREND,UP,False,False,True,PLUS_1R_FIRST,FAILURE_FIRST,N/A_NO_RETEST,VALIDATION
w3__BUY__seq130,w3,332,330,2026-05-11 16:30:00,BUY,Daily-Low,PERIOD_M30,STRONG_TREND,DOWN,14.12,513.5,0.3636685552407932,0.11222926710026712,PERIOD_H1,STRONG_TREND,DOWN,False,False,True,PLUS_1R_FIRST,CONTINUATION_FIRST,HOLD,VALIDATION
w3__SELL__seq133,w3,569,567,2026-05-18 03:45:00,SELL,Asia-High,PERIOD_M15,WEAK_TREND,DOWN,13.75143,1766.2,1.2843755158554422,0.1096096289195481,PERIOD_D1,RANGING,DOWN,True,True,False,MINUS_1R_FIRST,FAILURE_FIRST,N/A_NO_RETEST,VALIDATION
w3__SELL__seq186,w3,684,683,2026-05-20 04:30:00,SELL,Asia-High,PERIOD_M30,STRONG_TREND,DOWN,11.60143,989.6,0.8529982941758042,0.0848184045262951,PERIOD_D1,WEAK_TREND,DOWN,True,True,True,AMBIGUOUS_SAME_BAR,FAILURE_FIRST,N/A_NO_RETEST,VALIDATION
w3__BUY__seq327,w3,709,707,2026-05-20 00:00:00,BUY,Daily-Low,PERIOD_D1,WEAK_TREND,DOWN,106.79286,174.9,0.01637749939462245,0.028330891210510988,PERIOD_M15,RANGING,DOWN,True,False,False,AMBIGUOUS_SAME_BAR,FAILURE_FIRST,N/A_NO_RETEST,VALIDATION
w3__SELL__seq189,w3,712,711,2026-05-20 12:30:00,SELL,Equal-High,PERIOD_M5,WEAK_TREND,UP,5.30929,117.8,0.22187524132228603,0.03219626845248636,PERIOD_M5,WEAK_TREND,UP,False,False,True,MINUS_1R_FIRST,FAILURE_FIRST,N/A_NO_RETEST,VALIDATION
w3__BUY__seq389,w3,838,835,2026-05-22 07:00:00,BUY,Equal-Low,PERIOD_M30,STRONG_TREND,DOWN,7.885,85.2,0.10805326569435639,0.0027648124828770137,PERIOD_M5,RANGING,DOWN,True,False,False,MINUS_1R_FIRST,FAILURE_FIRST,N/A_NO_RETEST,VALIDATION
w3__BUY__seq415,w3,894,890,2026-05-25 01:30:00,BUY,Asia-Low,PERIOD_M30,WEAK_TREND,DOWN,12.34714,443.1,0.35886853149798253,0.03259485173650149,PERIOD_M15,WEAK_TREND,DOWN,False,False,True,PLUS_1R_FIRST,CONTINUATION_FIRST,N/A_NO_RETEST,VALIDATION
w3__BUY__seq416,w3,896,893,2026-05-25 02:30:00,BUY,Asia-Low,PERIOD_M30,WEAK_TREND,DOWN,12.25143,676.9,0.5525069318438746,0.00014131116982029458,PERIOD_D1,STRONG_TREND,DOWN,True,False,True,PLUS_1R_FIRST,FAILURE_FIRST,N/A_NO_RETEST,VALIDATION
w3__SELL__seq239,w3,913,911,2026-05-26 03:30:00,SELL,Daily-High,PERIOD_M30,STRONG_TREND,UP,8.58357,306.4,0.3569610313657371,0.17600547995440294,PERIOD_H1,RANGING,UP,True,False,False,MINUS_1R_FIRST,FAILURE_FIRST,N/A_NO_RETEST,VALIDATION
w3__SELL__seq243,w3,992,989,2026-05-27 08:45:00,SELL,Equal-High,PERIOD_M15,WEAK_TREND,UP,7.66643,184.7,0.2409204805887486,0.040860008666393305,PERIOD_M15,STRONG_TREND,DOWN,True,False,True,AMBIGUOUS_SAME_BAR,FAILURE_FIRST,N/A_NO_RETEST,VALIDATION
w3__SELL__seq248,w3,1079,1078,2026-05-28 16:00:00,SELL,Equal-High,PERIOD_H4,STRONG_TREND,UP,40.76571,486.6,0.11936502516453168,0.04652043320566187,PERIOD_M5,STRONG_TREND,UP,False,False,True,AMBIGUOUS_SAME_BAR,FAILURE_FIRST,N/A_NO_RETEST,VALIDATION
w3__BUY__seq751,w3,1352,1351,2026-06-05 20:00:00,BUY,Equal-Low,PERIOD_H4,STRONG_TREND,DOWN,42.365,307.3,0.07253629175026556,0.033486293008957585,PERIOD_M5,WEAK_TREND,DOWN,True,False,True,MINUS_1R_FIRST,FAILURE_FIRST,N/A_NO_RETEST,VALIDATION
w3__SELL__seq334,w3,1355,1353,2026-06-08 00:00:00,SELL,Asia-High,PERIOD_D1,STRONG_TREND,DOWN,102.34,1453.4,0.14201680672268907,0.14201680672268907,PERIOD_D1,STRONG_TREND,DOWN,False,True,True,AMBIGUOUS_SAME_BAR,FAILURE_FIRST,N/A_NO_RETEST,VALIDATION
w3__SELL__seq351,w3,1449,1446,2026-06-09 17:45:00,SELL,Daily-High,PERIOD_M15,WEAK_TREND,UP,12.57214,683.6,0.5437419564211026,0.15629701823016082,PERIOD_H1,RANGING,UP,True,False,False,AMBIGUOUS_SAME_BAR,FAILURE_FIRST,HOLD,VALIDATION
w3__SELL__seq352,w3,1459,1458,2026-06-09 20:00:00,SELL,Daily-High,PERIOD_H4,STRONG_TREND,DOWN,48.86929,1012.9,0.2072671814957819,0.2072671814957819,PERIOD_H4,STRONG_TREND,DOWN,False,True,True,MINUS_1R_FIRST,FAILURE_FIRST,N/A_NO_RETEST,VALIDATION
w3__SELL__seq356,w3,1478,1476,2026-06-10 01:45:00,SELL,Asia-High,PERIOD_M15,STRONG_TREND,DOWN,7.76214,1022.5,1.3172913655254865,0.09075278682616894,PERIOD_D1,STRONG_TREND,DOWN,False,True,True,PLUS_1R_FIRST,CONTINUATION_FIRST,N/A_NO_RETEST,VALIDATION
w3__BUY__seq821,w3,1484,1483,2026-06-10 08:45:00,BUY,Equal-Low,PERIOD_M15,STRONG_TREND,DOWN,9.485,243.1,0.25629942013705853,0.029025371429811497,PERIOD_M5,STRONG_TREND,UP,False,False,True,AMBIGUOUS_SAME_BAR,FAILURE_FIRST,N/A_NO_RETEST,VALIDATION
w3__SELL__seq357,w3,1497,1496,2026-06-11 00:00:00,SELL,Asia-High,PERIOD_H4,STRONG_TREND,DOWN,47.35714,1759.5,0.3715384839540563,0.16096527568699787,PERIOD_D1,STRONG_TREND,DOWN,False,True,True,AMBIGUOUS_SAME_BAR,FAILURE_FIRST,HOLD,VALIDATION
w3__SELL__seq361,w3,1523,1522,2026-06-11 00:00:00,SELL,Equal-High,PERIOD_D1,STRONG_TREND,DOWN,109.30929,146.5,0.013402337532335998,0.02608927411756315,PERIOD_M5,STRONG_TREND,UP,False,True,True,AMBIGUOUS_SAME_BAR,FAILURE_FIRST,N/A_NO_RETEST,VALIDATION
w3__SELL__seq387,w3,1575,1574,2026-06-12 03:45:00,SELL,Daily-High,PERIOD_M5,RANGING,UP,8.32929,162.4,0.19497460167673356,0.11614219122554327,PERIOD_M15,STRONG_TREND,UP,True,False,False,MINUS_1R_FIRST,FAILURE_FIRST,N/A_NO_RETEST,VALIDATION
w3__BUY__seq853,w3,1583,1582,2026-06-12 00:00:00,BUY,Equal-Low,PERIOD_D1,STRONG_TREND,DOWN,119.46214,279.3,0.023379792124935985,0.13082687389294037,PERIOD_M5,STRONG_TREND,UP,False,False,True,PLUS_1R_FIRST,FAILURE_FIRST,FAIL,VALIDATION
w3__BUY__seq855,w3,1588,1586,2026-06-12 00:00:00,BUY,Equal-Low,PERIOD_D1,STRONG_TREND,DOWN,119.46214,399.9,0.033475040711643034,0.1384368667159986,PERIOD_M15,STRONG_TREND,DOWN,False,False,True,PLUS_1R_FIRST,FAILURE_FIRST,AMBIGUOUS,VALIDATION
w3__BUY__seq858,w3,1607,1606,2026-06-12 00:00:00,BUY,Equal-Low,PERIOD_D1,STRONG_TREND,DOWN,119.46214,79.1,0.0066213446368866315,0.010813743699097147,PERIOD_M5,RANGING,DOWN,True,False,False,PLUS_1R_FIRST,FAILURE_FIRST,FAIL,VALIDATION
w3__BUY__seq860,w3,1632,1629,2026-06-15 01:30:00,BUY,Equal-Low,PERIOD_M5,VOLATILE,UP,11.50286,726.5,0.6315820587227873,0.01568705157737432,PERIOD_M5,STRONG_TREND,DOWN,True,True,False,MINUS_1R_FIRST,FAILURE_FIRST,N/A_NO_RETEST,VALIDATION
w3__BUY__seq1002,w3,1917,1916,2026-06-24 17:00:00,BUY,Equal-Low,PERIOD_M30,STRONG_TREND,DOWN,21.02571,7.1,0.0033768181906817887,0.004683377308707124,PERIOD_M5,STRONG_TREND,DOWN,False,False,True,MINUS_1R_FIRST,FAILURE_FIRST,N/A_NO_RETEST,VALIDATION
w3__SELL__seq498,w3,1926,1925,2026-06-25 00:00:00,SELL,Asia-High,PERIOD_D1,STRONG_TREND,DOWN,126.88429,1128.1,0.0889077757380366,0.0889077757380366,PERIOD_D1,STRONG_TREND,DOWN,False,True,True,MINUS_1R_FIRST,FAILURE_FIRST,N/A_NO_RETEST,VALIDATION
w3__SELL__seq567,w3,2059,2058,2026-06-30 04:15:00,SELL,Asia-High,PERIOD_M15,VOLATILE,UP,10.56143,1176.3,1.1137696315745123,0.04924388398638296,PERIOD_D1,STRONG_TREND,DOWN,True,False,False,PLUS_1R_FIRST,FAILURE_FIRST,FAIL,VALIDATION
w4__SELL__seq8,w4,32,29,2026-07-01 22:45:00,SELL,Daily-High,PERIOD_M15,STRONG_TREND,UP,6.14143,95.0,0.15468710056126994,0.003997039230199852,PERIOD_M15,STRONG_TREND,UP,False,False,True,PLUS_1R_FIRST,CONTINUATION_FIRST,N/A_NO_RETEST,VALIDATION
w4__SELL__seq59,w4,176,175,2026-07-08 10:15:00,SELL,Equal-High,PERIOD_M15,WEAK_TREND,UP,6.73714,137.5,0.2040925377830949,0.045498918065633796,PERIOD_M5,RANGING,UP,True,False,False,AMBIGUOUS_SAME_BAR,FAILURE_FIRST,N/A_NO_RETEST,VALIDATION
w4__SELL__seq103,w4,381,379,2026-07-14 00:00:00,SELL,Daily-High,PERIOD_D1,WEAK_TREND,DOWN,104.02643,1013.4,0.09741755052057444,0.08264775264055173,PERIOD_M15,WEAK_TREND,UP,False,True,True,MINUS_1R_FIRST,FAILURE_FIRST,AMBIGUOUS,VALIDATION
w4__BUY__seq206,w4,426,421,2026-07-15 16:00:00,BUY,Equal-Low,PERIOD_H4,WEAK_TREND,DOWN,36.44857,248.6,0.06820569366644563,0.17068314452454517,PERIOD_H1,STRONG_TREND,DOWN,True,False,True,AMBIGUOUS_SAME_BAR,FAILURE_FIRST,N/A_NO_RETEST,VALIDATION
w4__BUY__seq248,w4,497,495,2026-07-17 06:30:00,BUY,Equal-Low,PERIOD_M30,WEAK_TREND,DOWN,10.52143,279.3,0.26545821242929907,0.022230582441259958,PERIOD_M15,RANGING,UP,True,False,False,MINUS_1R_FIRST,FAILURE_FIRST,N/A_NO_RETEST,VALIDATION
w4__SELL__seq162,w4,501,500,2026-07-17 00:00:00,SELL,Equal-High,PERIOD_D1,STRONG_TREND,DOWN,99.14786,234.1,0.02361120048380268,0.016894257508497143,PERIOD_M5,WEAK_TREND,DOWN,True,True,True,MINUS_1R_FIRST,FAILURE_FIRST,N/A_NO_RETEST,VALIDATION
w4__BUY__seq279,w4,575,572,2026-07-21 04:00:00,BUY,Equal-Low,PERIOD_H1,RANGING,DOWN,13.29429,183.4,0.1379539636941875,0.07990080542149679,PERIOD_M5,WEAK_TREND,UP,True,False,False,AMBIGUOUS_SAME_BAR,FAILURE_FIRST,N/A_NO_RETEST,VALIDATION
w4__BUY__seq285,w4,586,584,2026-07-21 06:30:00,BUY,Asia-Low,PERIOD_M30,STRONG_TREND,DOWN,10.40429,472.4,0.45404347629679687,0.0812332729645082,PERIOD_H4,RANGING,DOWN,True,False,False,AMBIGUOUS_SAME_BAR,FAILURE_FIRST,N/A_NO_RETEST,VALIDATION
w4__BUY__seq331,w4,662,661,2026-07-24 17:00:00,BUY,Equal-Low,PERIOD_H1,STRONG_TREND,DOWN,12.84286,159.8,0.12442711358684905,0.013875953183374926,PERIOD_M5,STRONG_TREND,DOWN,False,False,True,AMBIGUOUS_SAME_BAR,FAILURE_FIRST,N/A_NO_RETEST,VALIDATION
w4__SELL__seq278,w4,806,803,2026-07-31 04:15:00,SELL,Daily-High,PERIOD_M15,WEAK_TREND,UP,5.40429,274.7,0.5082998876818232,0.035499466739612184,PERIOD_M15,RANGING,UP,True,False,False,PLUS_1R_FIRST,FAILURE_FIRST,N/A_NO_RETEST,VALIDATION
w4__SELL__seq283,w4,874,871,2026-08-04 12:00:00,SELL,Asia-High,PERIOD_H1,WEAK_TREND,UP,11.90571,143.7,0.1206983875804131,0.021277128338631757,PERIOD_M15,WEAK_TREND,UP,False,False,True,PLUS_1R_FIRST,FAILURE_FIRST,N/A_NO_RETEST,VALIDATION
w4__BUY__seq426,w4,879,876,2026-08-04 15:00:00,BUY,Equal-Low,PERIOD_H1,WEAK_TREND,UP,13.36571,209.1,0.15644511215640622,0.08544116076449251,PERIOD_M30,RANGING,UP,True,True,False,MINUS_1R_FIRST,FAILURE_FIRST,N/A_NO_RETEST,VALIDATION
w4__BUY__seq432,w4,958,957,2026-08-06 03:30:00,BUY,Asia-Low,PERIOD_M5,VOLATILE,UP,8.16857,2083.9,2.551119718628842,0.20671048645814533,PERIOD_D1,RANGING,UP,True,True,False,PLUS_1R_FIRST,CONTINUATION_FIRST,N/A_NO_RETEST,VALIDATION
w4__SELL__seq340,w4,967,966,2026-08-06 00:00:00,SELL,Daily-High,PERIOD_D1,RANGING,UP,87.58143,208.2,0.023772162660509195,0.08321759259259259,PERIOD_M15,WEAK_TREND,UP,True,False,False,MINUS_1R_FIRST,FAILURE_FIRST,N/A_NO_RETEST,VALIDATION
w4__SELL__seq343,w4,978,976,2026-08-06 00:00:00,SELL,Equal-High,PERIOD_D1,RANGING,UP,87.58143,217.3,0.024811195706669783,0.005200222825986297,PERIOD_M30,WEAK_TREND,UP,True,False,False,MINUS_1R_FIRST,FAILURE_FIRST,N/A_NO_RETEST,VALIDATION
w4__BUY__seq461,w4,1048,1047,2026-08-10 00:00:00,BUY,Asia-Low,PERIOD_D1,WEAK_TREND,DOWN,94.75571,1106.3,0.11675285848209044,0.11675285848209044,PERIOD_D1,WEAK_TREND,DOWN,False,False,True,AMBIGUOUS_SAME_BAR,FAILURE_FIRST,N/A_NO_RETEST,VALIDATION
w4__SELL__seq374,w4,1078,1077,2026-08-10 17:00:00,SELL,Equal-High,PERIOD_H1,STRONG_TREND,UP,15.31929,198.6,0.12964047289397876,0.12859977753716645,PERIOD_M5,RANGING,UP,True,False,False,MINUS_1R_FIRST,FAILURE_FIRST,N/A_NO_RETEST,VALIDATION
w4__BUY__seq479,w4,1118,1117,2026-08-11 05:45:00,BUY,Asia-Low,PERIOD_M15,VOLATILE,UP,10.58714,1023.2,0.9664555300109379,0.0787457570821634,PERIOD_D1,STRONG_TREND,UP,True,True,False,MINUS_1R_FIRST,FAILURE_FIRST,N/A_NO_RETEST,VALIDATION
w4__BUY__seq495,w4,1240,1238,2026-08-13 03:45:00,BUY,Asia-Low,PERIOD_M15,STRONG_TREND,UP,7.095,736.6,1.0381959126145173,0.045586604712072334,PERIOD_D1,STRONG_TREND,UP,False,True,True,MINUS_1R_FIRST,FAILURE_FIRST,FAIL,VALIDATION
w4__BUY__seq527,w4,1320,1319,2026-08-14 15:30:00,BUY,Daily-Low,PERIOD_M30,STRONG_TREND,DOWN,9.97214,364.1,0.3651172165653511,0.03369276861233828,PERIOD_H1,WEAK_TREND,DOWN,True,False,True,PLUS_1R_FIRST,FAILURE_FIRST,N/A_NO_RETEST,VALIDATION
w4__SELL__seq561,w4,1362,1356,2026-08-17 15:30:00,SELL,Daily-High,PERIOD_M30,RANGING,DOWN,9.34857,112.8,0.12066016513755579,0.011632796075683252,PERIOD_M15,STRONG_TREND,UP,True,True,False,AMBIGUOUS_SAME_BAR,FAILURE_FIRST,N/A_NO_RETEST,VALIDATION
w4__BUY__seq545,w4,1397,1392,2026-08-18 16:45:00,BUY,Equal-Low,PERIOD_M15,RANGING,UP,8.325,124.5,0.14954954954954958,0.11165737226754789,PERIOD_M15,RANGING,UP,False,True,True,MINUS_1R_FIRST,FAILURE_FIRST,HOLD,VALIDATION
w4__BUY__seq569,w4,1431,1428,2026-08-19 04:45:00,BUY,Daily-Low,PERIOD_M15,WEAK_TREND,UP,8.64714,263.8,0.3050719659910676,0.19060369034589078,PERIOD_M15,WEAK_TREND,DOWN,False,True,True,MINUS_1R_FIRST,FAILURE_FIRST,N/A_NO_RETEST,VALIDATION
w4__BUY__seq579,w4,1480,1479,2026-08-20 05:00:00,BUY,Asia-Low,PERIOD_M30,STRONG_TREND,UP,12.91643,1565.4,1.2119447866012514,0.18425472018638062,PERIOD_D1,STRONG_TREND,UP,False,True,True,PLUS_1R_FIRST,FAILURE_FIRST,N/A_NO_RETEST,VALIDATION
w4__BUY__seq608,w4,1528,1526,2026-08-21 04:30:00,BUY,Asia-Low,PERIOD_M30,WEAK_TREND,UP,9.72857,516.2,0.5306021337154383,0.04016397311033653,PERIOD_D1,STRONG_TREND,UP,True,True,True,PLUS_1R_FIRST,CONTINUATION_FIRST,N/A_NO_RETEST,VALIDATION
w4__BUY__seq612,w4,1582,1581,2026-08-24 05:00:00,BUY,Asia-Low,PERIOD_M30,WEAK_TREND,UP,16.16929,1140.6,0.7054113074847441,0.08008255064415097,PERIOD_D1,STRONG_TREND,UP,True,True,True,AMBIGUOUS_SAME_BAR,FAILURE_FIRST,N/A_NO_RETEST,VALIDATION
w4__SELL__seq684,w4,1602,1601,2026-08-24 00:00:00,SELL,Equal-High,PERIOD_D1,STRONG_TREND,UP,107.28929,419.8,0.03912785703027768,0.043989393119366955,PERIOD_M5,WEAK_TREND,UP,True,False,True,MINUS_1R_FIRST,FAILURE_FIRST,N/A_NO_RETEST,VALIDATION
w4__SELL__seq685,w4,1607,1605,2026-08-24 00:00:00,SELL,Asia-High,PERIOD_D1,STRONG_TREND,UP,107.28929,557.8,0.051990277873961134,0.013079098528494211,PERIOD_M15,RANGING,UP,True,False,False,MINUS_1R_FIRST,FAILURE_FIRST,N/A_NO_RETEST,VALIDATION
w4__SELL__seq690,w4,1615,1614,2026-08-24 00:00:00,SELL,Equal-High,PERIOD_D1,STRONG_TREND,UP,107.28929,660.0,0.06151592577413832,0.04327291008861709,PERIOD_M5,WEAK_TREND,UP,True,False,True,MINUS_1R_FIRST,FAILURE_FIRST,N/A_NO_RETEST,VALIDATION
