timestamp,direction,range_hi,range_lo,c1,c2,cooldown_state,htf_state,signal_fire,event_type
2019.04.17,-1,1324.575,1282.5935,1274.2735,1276.6985,OK,OK,True,SIGNAL_GENERATED_ELIGIBLE
2019.05.14,1,1295.8415,1266.3235,1297.1515,1301.8185,OK,OK,True,SIGNAL_GENERATED_ELIGIBLE
2019.06.03,1,1303.385,1268.535,1325.255,1309.4785,OK,OK,True,SIGNAL_GENERATED_ELIGIBLE
2019.06.04,1,1309.52,1269.5935,1325.5,1325.255,BLOCKED,,False,SIGNAL_BLOCKED_COOLDOWN
2019.06.09,1,1329.1535,1269.5935,1334.7635,1341.405,BLOCKED,,False,SIGNAL_BLOCKED_COOLDOWN
2019.06.23,1,1354.7085,1269.5935,1406.9415,1382.1565,OK,OK,True,SIGNAL_GENERATED_ELIGIBLE
2019.06.24,1,1394.131,1272.5535,1425.3485,1406.9415,BLOCKED,,False,SIGNAL_BLOCKED_COOLDOWN
2019.06.25,1,1410.34,1275.9035,1417.215,1425.3485,BLOCKED,,False,SIGNAL_BLOCKED_COOLDOWN
2019.08.06,1,1448.0785,1391.2615,1476.905,1474.075,OK,OK,True,SIGNAL_GENERATED_ELIGIBLE
2019.08.07,1,1474.815,1400.1785,1501.81,1476.905,BLOCKED,,False,SIGNAL_BLOCKED_COOLDOWN
2019.08.11,1,1477.41,1400.1785,1500.885,1501.81,BLOCKED,,False,SIGNAL_BLOCKED_COOLDOWN
2019.10.01,-1,1557.1115,1483.3035,1481.687,1473.7185,OK,OK,True,SIGNAL_GENERATED_ELIGIBLE
2019.11.11,-1,1514.8915,1474.0635,1455.6815,1468.765,OK,OK,True,SIGNAL_GENERATED_ELIGIBLE
2019.11.12,-1,1514.8915,1463.42,1458.4015,1455.6815,BLOCKED,,False,SIGNAL_BLOCKED_COOLDOWN
2019.12.25,1,1486.8315,1452.6635,1499.52,1499.41,OK,OK,True,SIGNAL_GENERATED_ELIGIBLE
2019.12.27,1,1500.585,1454.0185,1513.2865,1511.275,BLOCKED,,False,SIGNAL_BLOCKED_COOLDOWN
2019.12.30,1,1512.69,1454.0185,1515.05,1513.2865,BLOCKED,,False,SIGNAL_BLOCKED_COOLDOWN
2019.12.31,1,1514.23,1458.78,1521.955,1515.05,BLOCKED,,False,SIGNAL_BLOCKED_COOLDOWN
2020.01.01,1,1516.1915,1458.78,1518.44,1521.955,BLOCKED,,False,SIGNAL_BLOCKED_COOLDOWN
2020.01.03,1,1525.3785,1458.78,1552.16,1528.4065,BLOCKED,,False,SIGNAL_BLOCKED_COOLDOWN
2020.01.06,1,1531.4565,1459.17,1563.8065,1552.16,OK,OK,True,SIGNAL_GENERATED_ELIGIBLE
2020.01.07,1,1553.615,1460.0935,1595.14,1563.8065,BLOCKED,,False,SIGNAL_BLOCKED_COOLDOWN
2020.02.20,1,1590.725,1546.38,1619.475,1600.94,OK,OK,True,SIGNAL_GENERATED_ELIGIBLE
2020.02.21,1,1605.1565,1547.5535,1643.375,1619.475,BLOCKED,,False,SIGNAL_BLOCKED_COOLDOWN
2020.02.23,1,1621.145,1547.5535,1665.615,1643.375,BLOCKED,,False,SIGNAL_BLOCKED_COOLDOWN
2020.02.24,1,1647.3335,1547.5535,1654.015,1665.615,BLOCKED,,False,SIGNAL_BLOCKED_COOLDOWN
2020.03.17,-1,1703.145,1565.9485,1537.87,1509.16,OK,BLOCKED,False,SIGNAL_BLOCKED_HTF
2020.04.12,1,1669.845,1451.32,1687.005,1683.995,OK,OK,True,SIGNAL_GENERATED_ELIGIBLE
2020.04.16,1,1692.75,1455.29,1716.07,1717.735,BLOCKED,,False,SIGNAL_BLOCKED_COOLDOWN
2020.06.22,1,1745.18,1677.7435,1755.5165,1749.335,OK,OK,True,SIGNAL_GENERATED_ELIGIBLE
2020.06.23,1,1751.465,1677.7435,1768.8635,1755.5165,BLOCKED,,False,SIGNAL_BLOCKED_COOLDOWN
2020.07.08,1,1789.2715,1704.1785,1809.64,1794.5835,OK,OK,True,SIGNAL_GENERATED_ELIGIBLE
2020.07.09,1,1797.445,1704.1785,1800.1,1809.64,BLOCKED,,False,SIGNAL_BLOCKED_COOLDOWN
2020.07.24,1,1815.034,1747.465,1901.655,1859.85,OK,OK,True,SIGNAL_GENERATED_ELIGIBLE
2020.07.26,1,1865.9185,1747.465,1913.8185,1901.655,BLOCKED,,False,SIGNAL_BLOCKED_COOLDOWN
2020.07.27,1,1906.67,1747.465,1965.2,1913.8185,BLOCKED,,False,SIGNAL_BLOCKED_COOLDOWN
2020.07.28,1,1915.16,1759.25,1956.2065,1965.2,BLOCKED,,False,SIGNAL_BLOCKED_COOLDOWN
2020.08.05,1,1990.625,1773.74,2036.6265,2031.13,OK,OK,True,SIGNAL_GENERATED_ELIGIBLE
2020.08.06,1,2031.13,1790.705,2069.31,2036.6265,BLOCKED,,False,SIGNAL_BLOCKED_COOLDOWN
2020.09.23,-1,1992.49,1907.94,1855.0215,1906.34,OK,BLOCKED,False,SIGNAL_BLOCKED_HTF
2020.09.24,-1,1992.49,1894.7135,1867.8935,1855.0215,BLOCKED,,False,SIGNAL_BLOCKED_COOLDOWN
2020.11.06,1,1932.025,1860.01,1951.15,1946.26,OK,OK,True,SIGNAL_GENERATED_ELIGIBLE
2020.11.24,-1,1960.4215,1855.215,1809.2915,1835.68,OK,BLOCKED,False,SIGNAL_BLOCKED_HTF
2020.11.25,-1,1960.4215,1831.018,1808.385,1809.2915,BLOCKED,,False,SIGNAL_BLOCKED_COOLDOWN
2020.11.30,-1,1960.4215,1800.275,1778.8935,1786.7865,BLOCKED,,False,SIGNAL_BLOCKED_COOLDOWN
2020.12.18,1,1870.5865,1764.5235,1881.555,1883.7735,OK,OK,True,SIGNAL_GENERATED_ELIGIBLE
2021.01.04,1,1906.835,1818.9665,1942.89,1913.305,OK,OK,True,SIGNAL_GENERATED_ELIGIBLE
2021.01.05,1,1915.0965,1818.9665,1950.3315,1942.89,BLOCKED,,False,SIGNAL_BLOCKED_COOLDOWN
2021.02.17,-1,1875.7075,1792.185,1776.1335,1788.4985,OK,OK,True,SIGNAL_GENERATED_ELIGIBLE
2021.02.18,-1,1875.7075,1786.953,1771.7305,1776.1335,BLOCKED,,False,SIGNAL_BLOCKED_COOLDOWN
2021.02.28,-1,1864.175,1760.7405,1739.33,1733.95,OK,OK,True,SIGNAL_GENERATED_ELIGIBLE
2021.03.05,-1,1855.4735,1702.007,1699.1505,1694.433,BLOCKED,,False,SIGNAL_BLOCKED_COOLDOWN
2021.04.16,1,1758.7385,1677.9715,1776.4,1763.9985,OK,BLOCKED,False,SIGNAL_BLOCKED_HTF
2021.04.19,1,1769.6735,1677.9715,1772.205,1776.4,BLOCKED,,False,SIGNAL_BLOCKED_COOLDOWN
2021.05.07,1,1799.0765,1723.775,1831.265,1814.8215,OK,OK,True,SIGNAL_GENERATED_ELIGIBLE
2021.05.09,1,1818.1105,1723.775,1836.3435,1831.265,BLOCKED,,False,SIGNAL_BLOCKED_COOLDOWN
2021.05.18,1,1846.0285,1756.2,1870.215,1847.1835,OK,OK,True,SIGNAL_GENERATED_ELIGIBLE
2021.05.19,1,1848.2,1756.2,1866.0385,1870.215,BLOCKED,,False,SIGNAL_BLOCKED_COOLDOWN
2021.05.27,1,1889.3965,1764.285,1896.52,1898.812,BLOCKED,,False,SIGNAL_BLOCKED_COOLDOWN
2021.06.01,1,1906.045,1770.39,1911.6235,1907.73,OK,OK,True,SIGNAL_GENERATED_ELIGIBLE
2021.06.18,-1,1915.4615,1851.63,1763.99,1776.0105,OK,OK,True,SIGNAL_GENERATED_ELIGIBLE
2021.06.20,-1,1915.4615,1769.5735,1769.495,1763.99,BLOCKED,,False,SIGNAL_BLOCKED_COOLDOWN
2021.07.15,1,1818.465,1750.7525,1829.615,1826.455,OK,OK,True,SIGNAL_GENERATED_ELIGIBLE
2021.08.08,-1,1834.1815,1789.7245,1719.2135,1763.7795,OK,OK,True,SIGNAL_GENERATED_ELIGIBLE
2021.08.09,-1,1834.1815,1763.24,1731.5885,1719.2135,BLOCKED,,False,SIGNAL_BLOCKED_COOLDOWN
2021.09.05,1,1823.2405,1706.8185,1827.695,1827.84,OK,OK,True,SIGNAL_GENERATED_ELIGIBLE
2021.09.17,-1,1834.0195,1776.59,1754.5,1753.967,OK,OK,True,SIGNAL_GENERATED_ELIGIBLE
2021.09.29,-1,1834.0195,1737.9425,1728.905,1735.4235,OK,OK,True,SIGNAL_GENERATED_ELIGIBLE
2021.10.14,1,1787.345,1721.6865,1795.46,1791.807,OK,OK,True,SIGNAL_GENERATED_ELIGIBLE
2021.11.08,1,1813.852,1750.8215,1824.655,1815.9075,OK,OK,True,SIGNAL_GENERATED_ELIGIBLE
2021.11.09,1,1818.685,1757.9655,1829.97,1824.655,BLOCKED,,False,SIGNAL_BLOCKED_COOLDOWN
2021.11.10,1,1826.51,1761.235,1848.593,1829.97,BLOCKED,,False,SIGNAL_BLOCKED_COOLDOWN
2021.11.11,1,1832.765,1761.235,1862.4,1848.593,BLOCKED,,False,SIGNAL_BLOCKED_COOLDOWN
2022.01.02,1,1820.2725,1753.3065,1828.563,1829.505,OK,OK,True,SIGNAL_GENERATED_ELIGIBLE
2022.01.20,1,1831.845,1782.6665,1839.01,1838.623,OK,OK,True,SIGNAL_GENERATED_ELIGIBLE
2022.02.13,1,1853.9,1780.32,1859.623,1858.65,OK,OK,True,SIGNAL_GENERATED_ELIGIBLE
2022.02.18,1,1879.542,1780.32,1898.47,1900.015,BLOCKED,,False,SIGNAL_BLOCKED_COOLDOWN
2022.02.21,1,1902.4965,1780.32,1909.595,1904.965,BLOCKED,,False,SIGNAL_BLOCKED_COOLDOWN
2022.03.07,1,1974.52,1820.995,1998.095,1988.803,OK,OK,True,SIGNAL_GENERATED_ELIGIBLE
2022.03.08,1,1991.525,1820.995,2043.885,1998.095,BLOCKED,,False,SIGNAL_BLOCKED_COOLDOWN
2022.04.26,-1,1998.435,1915.554,1906.6675,1899.465,OK,BLOCKED,False,SIGNAL_BLOCKED_HTF
2022.05.03,-1,1998.435,1872.18,1868.475,1863.2525,BLOCKED,,False,SIGNAL_BLOCKED_COOLDOWN
2022.05.13,-1,1982.025,1832.045,1811.505,1821.455,OK,OK,True,SIGNAL_GENERATED_ELIGIBLE
2022.07.06,-1,1878.983,1788.45,1765.3865,1769.6,OK,OK,True,SIGNAL_GENERATED_ELIGIBLE
2022.07.08,-1,1857.635,1759.612,1742.355,1740.21,BLOCKED,,False,SIGNAL_BLOCKED_COOLDOWN
2022.07.17,-1,1846.36,1722.5455,1709.073,1708.25,BLOCKED,,False,SIGNAL_BLOCKED_COOLDOWN
2022.09.02,-1,1807.967,1720.387,1709.7235,1709.032,OK,OK,True,SIGNAL_GENERATED_ELIGIBLE
2022.09.16,-1,1762.8435,1695.255,1674.95,1664.948,OK,OK,True,SIGNAL_GENERATED_ELIGIBLE
2022.09.26,-1,1740.57,1653.8705,1640.0385,1644.15,BLOCKED,,False,SIGNAL_BLOCKED_COOLDOWN
2022.11.09,1,1682.0155,1624.78,1706.825,1711.67,OK,BLOCKED,False,SIGNAL_BLOCKED_HTF
2022.11.14,1,1722.3855,1624.78,1769.55,1755.8,BLOCKED,,False,SIGNAL_BLOCKED_COOLDOWN
2022.11.15,1,1756.165,1624.78,1780.9,1769.55,BLOCKED,,False,SIGNAL_BLOCKED_COOLDOWN
2022.12.02,1,1786.54,1664.79,1797.675,1802.35,OK,OK,True,SIGNAL_GENERATED_ELIGIBLE
2022.12.14,1,1806.18,1728.292,1807.735,1809.7385,OK,OK,True,SIGNAL_GENERATED_ELIGIBLE
2023.01.04,1,1833.44,1767.33,1854.8365,1836.5165,OK,OK,True,SIGNAL_GENERATED_ELIGIBLE
2023.01.09,1,1865.19,1773.84,1870.575,1869.76,BLOCKED,,False,SIGNAL_BLOCKED_COOLDOWN
2023.01.10,1,1870.0255,1773.84,1877.32,1870.575,BLOCKED,,False,SIGNAL_BLOCKED_COOLDOWN
2023.01.13,1,1886.7015,1773.84,1920.35,1898.115,OK,OK,True,SIGNAL_GENERATED_ELIGIBLE
2023.01.15,1,1901.65,1782.2335,1917.0,1920.35,BLOCKED,,False,SIGNAL_BLOCKED_COOLDOWN
2023.02.05,-1,1959.789,1867.16,1865.61,1865.15,OK,BLOCKED,False,SIGNAL_BLOCKED_HTF
2023.02.16,-1,1959.789,1843.3335,1834.4535,1836.505,OK,BLOCKED,False,SIGNAL_BLOCKED_HTF
2023.02.26,-1,1959.789,1818.965,1811.795,1811.0835,OK,BLOCKED,False,SIGNAL_BLOCKED_HTF
2023.03.12,1,1860.1735,1804.798,1877.84,1867.825,OK,OK,True,SIGNAL_GENERATED_ELIGIBLE
2023.03.13,1,1870.23,1804.798,1912.1735,1877.84,BLOCKED,,False,SIGNAL_BLOCKED_COOLDOWN
2023.03.14,1,1894.593,1804.798,1903.1365,1912.1735,BLOCKED,,False,SIGNAL_BLOCKED_COOLDOWN
2023.03.16,1,1914.66,1804.798,1921.44,1921.28,BLOCKED,,False,SIGNAL_BLOCKED_COOLDOWN
2023.03.20,1,1937.465,1804.798,1976.705,1989.15,BLOCKED,,False,SIGNAL_BLOCKED_COOLDOWN
2023.04.05,1,2009.855,1855.03,2023.1295,2021.9035,OK,OK,True,SIGNAL_GENERATED_ELIGIBLE
2023.05.04,1,2048.7255,1969.3235,2049.168,2051.99,OK,OK,True,SIGNAL_GENERATED_ELIGIBLE
2023.05.26,-1,2080.4085,1952.045,1946.5,1940.63,OK,BLOCKED,False,SIGNAL_BLOCKED_HTF
2023.06.23,-1,1983.48,1919.2385,1919.1935,1914.525,OK,BLOCKED,False,SIGNAL_BLOCKED_HTF
2023.06.29,-1,1973.1065,1910.2405,1908.8235,1909.6915,BLOCKED,,False,SIGNAL_BLOCKED_COOLDOWN
2023.07.20,1,1963.7885,1893.0905,1972.28,1977.87,OK,OK,True,SIGNAL_GENERATED_ELIGIBLE
2023.08.10,-1,1987.555,1924.64,1912.46,1916.36,OK,OK,True,SIGNAL_GENERATED_ELIGIBLE
2023.08.11,-1,1987.555,1915.69,1913.6065,1912.46,BLOCKED,,False,SIGNAL_BLOCKED_COOLDOWN
2023.08.16,-1,1982.27,1910.1095,1893.35,1904.2885,BLOCKED,,False,SIGNAL_BLOCKED_COOLDOWN
2023.08.17,-1,1982.27,1902.025,1889.9465,1893.35,BLOCKED,,False,SIGNAL_BLOCKED_COOLDOWN
2023.08.18,-1,1982.27,1891.6,1889.005,1889.9465,BLOCKED,,False,SIGNAL_BLOCKED_COOLDOWN
2023.09.27,-1,1953.0745,1905.57,1877.65,1901.61,OK,OK,True,SIGNAL_GENERATED_ELIGIBLE
2023.09.28,-1,1947.465,1899.15,1873.087,1877.65,BLOCKED,,False,SIGNAL_BLOCKED_COOLDOWN
2023.10.01,-1,1947.465,1871.365,1848.43,1848.315,BLOCKED,,False,SIGNAL_BLOCKED_COOLDOWN
2023.10.03,-1,1947.465,1845.78,1823.4,1825.015,BLOCKED,,False,SIGNAL_BLOCKED_COOLDOWN
2023.10.19,1,1933.16,1810.4465,1977.27,1950.89,OK,OK,True,SIGNAL_GENERATED_ELIGIBLE
2023.10.20,1,1962.705,1810.4465,1981.225,1977.27,BLOCKED,,False,SIGNAL_BLOCKED_COOLDOWN
2023.11.28,1,2007.64,1931.7035,2044.47,2015.295,OK,OK,True,SIGNAL_GENERATED_ELIGIBLE
2023.11.29,1,2018.1955,1931.7035,2037.5,2044.47,BLOCKED,,False,SIGNAL_BLOCKED_COOLDOWN
2023.12.03,1,2049.065,1931.7035,2118.125,2072.02,BLOCKED,,False,SIGNAL_BLOCKED_COOLDOWN
2024.02.14,-1,2065.4865,2011.945,1993.795,1991.5935,OK,BLOCKED,False,SIGNAL_BLOCKED_HTF
2024.03.03,1,2050.77,1984.3,2083.6435,2082.77,OK,OK,True,SIGNAL_GENERATED_ELIGIBLE
2024.03.05,1,2088.385,1984.3,2128.38,2114.63,BLOCKED,,False,SIGNAL_BLOCKED_COOLDOWN
2024.03.06,1,2119.975,1984.3,2147.445,2128.38,BLOCKED,,False,SIGNAL_BLOCKED_COOLDOWN
2024.03.07,1,2139.5645,1984.3,2162.025,2147.445,BLOCKED,,False,SIGNAL_BLOCKED_COOLDOWN
2024.03.08,1,2152.26,1984.3,2179.315,2162.025,BLOCKED,,False,SIGNAL_BLOCKED_COOLDOWN
2024.03.10,1,2164.8335,1984.3,2181.7,2179.315,BLOCKED,,False,SIGNAL_BLOCKED_COOLDOWN
2024.03.31,1,2212.535,2122.7135,2246.07,2233.05,OK,OK,True,SIGNAL_GENERATED_ELIGIBLE
2024.04.01,1,2236.759,2123.77,2249.06,2246.07,BLOCKED,,False,SIGNAL_BLOCKED_COOLDOWN
2024.04.02,1,2247.4455,2144.2315,2280.015,2249.06,BLOCKED,,False,SIGNAL_BLOCKED_COOLDOWN
2024.04.03,1,2257.9065,2148.45,2297.62,2280.015,BLOCKED,,False,SIGNAL_BLOCKED_COOLDOWN
2024.04.04,1,2283.8335,2148.45,2288.81,2297.62,BLOCKED,,False,SIGNAL_BLOCKED_COOLDOWN
2024.04.07,1,2305.645,2148.45,2311.32,2329.6,BLOCKED,,False,SIGNAL_BLOCKED_COOLDOWN
2024.04.09,1,2330.525,2148.45,2354.92,2338.895,OK,OK,True,SIGNAL_GENERATED_ELIGIBLE
2024.05.19,1,2397.4985,2277.3585,2420.3685,2415.21,OK,OK,True,SIGNAL_GENERATED_ELIGIBLE
2024.06.09,-1,2450.1365,2314.8135,2298.5565,2293.78,OK,BLOCKED,False,SIGNAL_BLOCKED_HTF
2024.07.07,1,2368.7565,2293.7045,2386.155,2391.255,OK,OK,True,SIGNAL_GENERATED_ELIGIBLE
2024.07.12,1,2392.9985,2293.7045,2411.215,2416.0435,BLOCKED,,False,SIGNAL_BLOCKED_COOLDOWN
2024.07.17,1,2439.785,2293.7045,2461.3985,2468.36,OK,OK,True,SIGNAL_GENERATED_ELIGIBLE
2024.08.18,1,2480.025,2353.2055,2506.5135,2507.6345,OK,OK,True,SIGNAL_GENERATED_ELIGIBLE
2024.08.21,1,2510.1665,2364.2995,2512.775,2513.015,BLOCKED,,False,SIGNAL_BLOCKED_COOLDOWN
2024.09.13,1,2531.76,2470.8335,2567.3885,2558.5445,OK,OK,True,SIGNAL_GENERATED_ELIGIBLE
2024.09.15,1,2558.8595,2470.8335,2579.205,2567.3885,BLOCKED,,False,SIGNAL_BLOCKED_COOLDOWN
2024.09.16,1,2571.1065,2470.8335,2583.775,2579.205,BLOCKED,,False,SIGNAL_BLOCKED_COOLDOWN
2024.09.22,1,2600.2555,2471.8815,2620.5805,2622.1,BLOCKED,,False,SIGNAL_BLOCKED_COOLDOWN
2024.09.24,1,2625.7685,2471.8815,2658.2485,2626.405,OK,OK,True,SIGNAL_GENERATED_ELIGIBLE
2024.09.25,1,2634.9,2471.8815,2656.405,2658.2485,BLOCKED,,False,SIGNAL_BLOCKED_COOLDOWN
2024.10.18,1,2685.595,2604.7845,2719.75,2693.855,OK,OK,True,SIGNAL_GENERATED_ELIGIBLE
2024.10.20,1,2696.7865,2604.7845,2723.535,2719.75,BLOCKED,,False,SIGNAL_BLOCKED_COOLDOWN
2024.10.21,1,2720.59,2604.7845,2721.5235,2723.535,BLOCKED,,False,SIGNAL_BLOCKED_COOLDOWN
2024.10.30,1,2758.527,2604.7845,2785.41,2775.1035,OK,OK,True,SIGNAL_GENERATED_ELIGIBLE
2024.11.12,-1,2790.155,2643.405,2598.98,2624.0835,OK,BLOCKED,False,SIGNAL_BLOCKED_HTF
2024.11.15,-1,2790.155,2589.7065,2562.3035,2564.675,BLOCKED,,False,SIGNAL_BLOCKED_COOLDOWN
2024.12.19,-1,2725.925,2605.3585,2593.605,2588.2715,OK,BLOCKED,False,SIGNAL_BLOCKED_HTF
2025.01.10,1,2670.0195,2582.8845,2690.45,2670.05,OK,OK,True,SIGNAL_GENERATED_ELIGIBLE
2025.01.12,1,2678.5735,2582.8845,2691.2565,2690.45,BLOCKED,,False,SIGNAL_BLOCKED_COOLDOWN
2025.01.17,1,2698.107,2596.1435,2703.248,2714.66,BLOCKED,,False,SIGNAL_BLOCKED_COOLDOWN
2025.01.22,1,2724.823,2596.1435,2756.29,2744.3265,OK,OK,True,SIGNAL_GENERATED_ELIGIBLE
2025.01.23,1,2746.105,2596.1435,2754.595,2756.29,BLOCKED,,False,SIGNAL_BLOCKED_COOLDOWN
2025.01.26,1,2763.43,2614.6955,2767.58,2770.745,BLOCKED,,False,SIGNAL_BLOCKED_COOLDOWN
2025.01.31,1,2786.045,2633.0235,2799.05,2796.265,OK,OK,True,SIGNAL_GENERATED_ELIGIBLE
2025.02.05,1,2830.14,2656.835,2869.24,2844.3735,BLOCKED,,False,SIGNAL_BLOCKED_COOLDOWN
2025.02.06,1,2845.555,2656.835,2859.455,2869.24,BLOCKED,,False,SIGNAL_BLOCKED_COOLDOWN
2025.02.11,1,2882.465,2689.48,2898.685,2917.925,OK,OK,True,SIGNAL_GENERATED_ELIGIBLE
2025.03.14,1,2956.25,2846.385,2984.72,2986.5,OK,OK,True,SIGNAL_GENERATED_ELIGIBLE
2025.03.19,1,3004.98,2846.385,3050.15,3031.7865,BLOCKED,,False,SIGNAL_BLOCKED_COOLDOWN
2025.03.20,1,3038.3465,2846.385,3046.5285,3050.15,BLOCKED,,False,SIGNAL_BLOCKED_COOLDOWN
2025.03.30,1,3059.2665,2880.245,3089.1865,3080.845,OK,OK,True,SIGNAL_GENERATED_ELIGIBLE
2025.03.31,1,3086.955,2880.245,3120.6365,3089.1865,BLOCKED,,False,SIGNAL_BLOCKED_COOLDOWN
2025.04.01,1,3097.935,2880.245,3115.3065,3120.6365,BLOCKED,,False,SIGNAL_BLOCKED_COOLDOWN
2025.04.11,1,3167.785,2956.58,3240.58,3189.065,OK,OK,True,SIGNAL_GENERATED_ELIGIBLE
2025.04.13,1,3191.365,2956.58,3223.865,3240.58,BLOCKED,,False,SIGNAL_BLOCKED_COOLDOWN
2025.04.16,1,3245.91,2956.58,3350.165,3251.98,BLOCKED,,False,SIGNAL_BLOCKED_COOLDOWN
2025.04.17,1,3251.99,2956.58,3327.415,3350.165,BLOCKED,,False,SIGNAL_BLOCKED_COOLDOWN
2025.06.15,1,3403.51,3204.635,3444.2835,3415.9685,OK,OK,True,SIGNAL_GENERATED_ELIGIBLE
2025.06.29,-1,3451.89,3293.6435,3263.8685,3274.285,OK,BLOCKED,False,SIGNAL_BLOCKED_HTF
2025.07.22,1,3374.18,3247.8,3428.0,3396.5615,OK,OK,True,SIGNAL_GENERATED_ELIGIBLE
2025.08.29,1,3405.3815,3311.555,3447.63,3414.8265,OK,OK,True,SIGNAL_GENERATED_ELIGIBLE
2025.08.31,1,3423.202,3311.555,3447.99,3447.63,BLOCKED,,False,SIGNAL_BLOCKED_COOLDOWN
2025.09.02,1,3453.8465,3311.555,3520.4835,3479.285,BLOCKED,,False,SIGNAL_BLOCKED_COOLDOWN
2025.09.03,1,3481.4715,3311.555,3572.49,3520.4835,BLOCKED,,False,SIGNAL_BLOCKED_COOLDOWN
2025.09.04,1,3520.515,3311.555,3552.71,3572.49,BLOCKED,,False,SIGNAL_BLOCKED_COOLDOWN
2025.09.07,1,3572.64,3311.555,3591.1615,3586.62,BLOCKED,,False,SIGNAL_BLOCKED_COOLDOWN
2025.09.09,1,3600.175,3311.555,3633.635,3634.995,OK,OK,True,SIGNAL_GENERATED_ELIGIBLE
2025.09.16,1,3674.2,3329.0385,3694.405,3676.9115,BLOCKED,,False,SIGNAL_BLOCKED_COOLDOWN
2025.09.23,1,3707.6965,3404.425,3763.845,3747.8515,OK,OK,True,SIGNAL_GENERATED_ELIGIBLE
2025.09.30,1,3791.1435,3544.865,3862.995,3832.94,BLOCKED,,False,SIGNAL_BLOCKED_COOLDOWN
2025.10.01,1,3834.275,3578.2935,3863.485,3862.995,BLOCKED,,False,SIGNAL_BLOCKED_COOLDOWN
2025.10.06,1,3897.455,3613.04,3969.6165,3909.6535,OK,OK,True,SIGNAL_GENERATED_ELIGIBLE
2025.10.07,1,3920.9685,3626.5115,3994.435,3969.6165,BLOCKED,,False,SIGNAL_BLOCKED_COOLDOWN
2025.10.08,1,3976.235,3626.5115,4011.79,3994.435,BLOCKED,,False,SIGNAL_BLOCKED_COOLDOWN
2025.10.14,1,4060.165,3632.3565,4161.665,4071.1535,BLOCKED,,False,SIGNAL_BLOCKED_COOLDOWN
2025.10.15,1,4077.6,3683.7665,4209.51,4161.665,OK,OK,True,SIGNAL_GENERATED_ELIGIBLE
2025.10.16,1,4179.935,3685.555,4365.8135,4209.51,BLOCKED,,False,SIGNAL_BLOCKED_COOLDOWN
2025.10.17,1,4218.3635,3717.5965,4252.353,4365.8135,BLOCKED,,False,SIGNAL_BLOCKED_COOLDOWN
2025.12.12,1,4264.67,3998.0365,4299.865,4276.415,OK,OK,True,SIGNAL_GENERATED_ELIGIBLE
2025.12.14,1,4285.975,4022.45,4302.47,4299.865,BLOCKED,,False,SIGNAL_BLOCKED_COOLDOWN
2025.12.23,1,4356.62,4157.86,4503.465,4443.66,OK,OK,True,SIGNAL_GENERATED_ELIGIBLE
2025.12.24,1,4449.285,4163.7715,4490.745,4503.465,BLOCKED,,False,SIGNAL_BLOCKED_COOLDOWN
2025.12.28,1,4526.058,4175.184,4527.1615,4533.615,BLOCKED,,False,SIGNAL_BLOCKED_COOLDOWN
2026.01.13,1,4550.13,4274.365,4597.115,4599.56,OK,OK,True,SIGNAL_GENERATED_ELIGIBLE
2026.01.19,1,4642.96,4274.365,4665.45,4672.845,BLOCKED,,False,SIGNAL_BLOCKED_COOLDOWN
2026.01.21,1,4690.895,4274.365,4778.285,4729.495,BLOCKED,,False,SIGNAL_BLOCKED_COOLDOWN
2026.01.22,1,4731.745,4274.365,4959.26,4778.285,OK,OK,True,SIGNAL_GENERATED_ELIGIBLE
2026.01.23,1,4878.2785,4274.365,4984.53,4959.26,BLOCKED,,False,SIGNAL_BLOCKED_COOLDOWN
2026.01.25,1,4960.7,4274.365,5039.805,4984.53,BLOCKED,,False,SIGNAL_BLOCKED_COOLDOWN
2026.01.26,1,4990.25,4310.07,5043.555,5039.805,BLOCKED,,False,SIGNAL_BLOCKED_COOLDOWN
2026.01.27,1,5040.155,4310.07,5180.085,5043.555,BLOCKED,,False,SIGNAL_BLOCKED_COOLDOWN
2026.01.28,1,5105.28,4346.05,5415.138,5180.085,BLOCKED,,False,SIGNAL_BLOCKED_COOLDOWN
2026.01.29,1,5190.535,4396.3235,5264.2885,5415.138,BLOCKED,,False,SIGNAL_BLOCKED_COOLDOWN
2026.03.01,1,5249.9485,4693.8765,5387.095,5278.72,OK,OK,True,SIGNAL_GENERATED_ELIGIBLE
2026.03.02,1,5281.41,4693.8765,5346.12,5387.095,BLOCKED,,False,SIGNAL_BLOCKED_COOLDOWN
2026.03.19,-1,5419.245,4973.81,4643.65,4836.955,OK,BLOCKED,False,SIGNAL_BLOCKED_HTF
2026.03.20,-1,5419.245,4804.27,4491.8035,4643.65,BLOCKED,,False,SIGNAL_BLOCKED_COOLDOWN
2026.03.22,-1,5419.245,4502.635,4464.79,4491.8035,BLOCKED,,False,SIGNAL_BLOCKED_COOLDOWN
2026.03.23,-1,5419.245,4477.5235,4441.24,4464.79,BLOCKED,,False,SIGNAL_BLOCKED_COOLDOWN
2026.06.07,-1,4726.9565,4366.4515,4344.1,4318.81,OK,OK,True,SIGNAL_GENERATED_ELIGIBLE
2026.06.10,-1,4589.635,4268.515,4047.205,4222.145,BLOCKED,,False,SIGNAL_BLOCKED_COOLDOWN
2026.06.25,-1,4541.71,4023.93,4014.605,4012.55,OK,OK,True,SIGNAL_GENERATED_ELIGIBLE
2026.08.06,1,4166.0,3959.825,4241.485,4278.35,OK,BLOCKED,False,SIGNAL_BLOCKED_HTF
2026.08.09,1,4284.83,3959.825,4332.845,4343.08,BLOCKED,,False,SIGNAL_BLOCKED_COOLDOWN
