2019.03.27 21:15:00,OPEN,0,SAR,1308.94,0.00,1313.42,1282.09,60.0,SAR_above_price,0,0.000,
2019.04.04 15:09:47,CLOSE,2,SAR,1282.09,0.01,0.00,0.00,29.7,tp,669287,6.628,PERIOD_H4
2019.04.23 11:30:00,OPEN,0,SAR,1273.49,0.00,1276.57,1254.97,60.0,SAR_above_price,0,0.000,
2019.04.24 17:38:07,CLOSE,4,SAR,1276.66,0.01,0.00,0.00,-2.9,sl,108487,-0.938,PERIOD_H4
2019.05.17 15:15:00,OPEN,0,SAR,1284.00,0.00,1287.61,1262.34,60.0,SAR_above_price,0,0.000,
2019.05.27 03:57:44,CLOSE,6,SAR,1287.62,0.01,0.00,0.00,-2.2,sl,823364,-0.604,PERIOD_H4
2019.06.04 13:00:00,OPEN,0,SAR,1326.94,0.00,1321.46,1359.84,60.0,SAR_below_price,0,0.000,
2019.06.04 14:12:19,CLOSE,8,SAR,1321.39,0.01,0.00,0.00,-5.5,sl,4339,-1.012,PERIOD_H4
2019.06.05 16:45:00,OPEN,0,SAR,1334.55,0.00,1328.40,1371.46,60.0,SAR_below_price,0,0.000,
2019.06.05 17:03:29,CLOSE,10,SAR,1328.40,0.01,0.00,0.00,-6.2,sl,1109,-1.000,PERIOD_H4
2019.06.07 16:30:00,OPEN,0,SAR,1346.37,0.00,1339.79,1385.81,60.0,SAR_below_price,0,0.000,
2019.06.07 17:55:40,CLOSE,12,SAR,1339.66,0.01,0.00,0.00,-6.7,sl,5140,-1.019,PERIOD_H4
2019.06.14 17:15:00,OPEN,0,SAR,1349.99,0.00,1344.93,1380.41,60.0,SAR_below_price,0,0.000,
2019.06.14 19:02:16,CLOSE,14,SAR,1344.24,0.01,0.00,0.00,-5.8,sl,6436,-1.135,PERIOD_H4
2019.06.18 17:15:00,OPEN,0,SAR,1348.66,0.00,1341.44,1391.99,60.0,SAR_below_price,0,0.000,
2019.06.19 13:41:58,CLOSE,16,SAR,1341.43,0.01,0.00,0.00,-7.9,sl,73618,-1.095,PERIOD_H4
2019.06.20 03:15:00,OPEN,0,SAR,1381.13,0.00,1374.81,1419.10,60.0,SAR_below_price,0,0.000,
2019.06.20 03:18:00,CLOSE,18,SAR,1374.58,0.01,0.00,0.00,-6.6,sl,180,-1.037,PERIOD_H4
2019.06.20 04:00:00,OPEN,0,SAR,1377.62,0.00,1369.04,1429.10,60.0,SAR_below_price,0,0.000,
2019.06.25 05:11:28,CLOSE,20,SAR,1429.26,0.01,0.00,0.00,50.0,tp,436288,5.820,PERIOD_H4
2019.06.25 08:45:00,OPEN,0,SAR,1429.06,0.00,1417.93,1495.82,60.0,SAR_below_price,0,0.000,
2019.06.25 19:20:07,CLOSE,22,SAR,1417.87,0.01,0.00,0.00,-11.2,sl,38107,-1.006,PERIOD_H4
2019.06.25 19:30:00,OPEN,0,SAR,1415.99,0.00,1405.60,1478.31,60.0,SAR_below_price,0,0.000,
2019.06.26 04:54:53,CLOSE,24,SAR,1405.60,0.01,0.00,0.00,-10.8,sl,33893,-1.040,PERIOD_H4
2019.07.01 02:30:02,OPEN,0,SAR,1393.32,0.00,1386.07,1436.79,60.0,SAR_below_price,0,0.000,
2019.07.01 07:50:58,CLOSE,26,SAR,1386.04,0.01,0.00,0.00,-7.3,sl,19256,-1.005,PERIOD_H4
2019.07.01 18:45:00,OPEN,0,SAR,1389.83,0.00,1398.88,1335.49,60.0,SAR_above_price,0,0.000,
2019.07.02 17:11:04,CLOSE,28,SAR,1398.96,0.01,0.00,0.00,-9.0,sl,80764,-0.993,PERIOD_H4
2019.07.03 16:30:00,OPEN,0,SAR,1420.21,0.00,1410.64,1477.66,60.0,SAR_below_price,0,0.000,
2019.07.04 09:57:57,CLOSE,30,SAR,1410.47,0.01,0.00,0.00,-11.0,sl,62877,-1.150,PERIOD_H4
2019.07.05 15:15:00,OPEN,0,SAR,1398.86,0.00,1392.86,1434.89,60.0,SAR_below_price,0,0.000,
2019.07.05 15:26:23,CLOSE,32,SAR,1392.43,0.01,0.00,0.00,-6.4,sl,683,-1.071,PERIOD_H4
2019.07.05 16:00:00,OPEN,0,SAR,1389.38,0.00,1396.97,1343.85,60.0,SAR_above_price,0,0.000,
2019.07.05 16:57:22,CLOSE,34,SAR,1397.02,0.01,0.00,0.00,-7.6,sl,3442,-1.007,PERIOD_H4
2019.07.10 15:30:00,OPEN,0,SAR,1409.10,0.00,1415.61,1369.99,60.0,SAR_above_price,0,0.000,
2019.07.10 20:04:49,CLOSE,36,SAR,1415.62,0.01,0.00,0.00,-6.5,sl,16489,-1.001,PERIOD_H4
2019.07.19 16:45:00,OPEN,0,SAR,1427.86,0.00,1418.74,1482.60,60.0,SAR_below_price,0,0.000,
2019.07.23 03:06:03,CLOSE,38,SAR,1418.69,0.01,0.00,0.00,-10.3,sl,296463,-1.126,PERIOD_H4
2019.07.25 16:00:00,OPEN,0,SAR,1416.75,0.00,1423.52,1376.12,60.0,SAR_above_price,0,0.000,
2019.07.26 15:18:50,CLOSE,40,SAR,1423.53,0.01,0.00,0.00,-6.6,sl,83930,-0.979,PERIOD_H4
2019.07.31 20:45:00,OPEN,0,SAR,1422.00,0.00,1416.99,1452.10,60.0,SAR_below_price,0,0.000,
2019.07.31 20:49:24,CLOSE,42,SAR,1416.99,0.01,0.00,0.00,-5.0,sl,264,-1.000,PERIOD_H4
2019.08.01 17:45:00,OPEN,0,SAR,1416.81,0.00,1423.54,1376.41,60.0,SAR_above_price,0,0.000,
2019.08.01 19:32:46,CLOSE,44,SAR,1423.59,0.01,0.00,0.00,-6.8,sl,6466,-1.007,PERIOD_H4
2019.08.02 02:15:00,OPEN,0,SAR,1439.18,0.00,1430.03,1494.14,60.0,SAR_below_price,0,0.000,
2019.08.07 13:30:52,CLOSE,46,SAR,1494.18,0.01,0.00,0.00,53.2,tp,472552,5.813,PERIOD_H4
2019.08.07 16:15:00,OPEN,0,SAR,1501.31,0.00,1490.45,1566.49,60.0,SAR_below_price,0,0.000,
2019.08.08 15:01:32,CLOSE,48,SAR,1490.41,0.01,0.00,0.00,-12.9,sl,81992,-1.191,PERIOD_H4
2019.08.08 15:15:00,OPEN,0,SAR,1493.18,0.00,1482.22,1558.96,60.0,SAR_below_price,0,0.000,
2019.08.13 15:56:20,CLOSE,50,SAR,1482.21,0.01,0.00,0.00,-13.0,sl,434480,-1.187,PERIOD_H4
2019.08.16 17:00:00,OPEN,0,SAR,1505.40,0.00,1494.60,1570.20,60.0,SAR_below_price,0,0.000,
2019.08.19 13:43:37,CLOSE,52,SAR,1494.40,0.01,0.00,0.00,-11.7,sl,247417,-1.081,PERIOD_H4
2019.08.22 15:45:00,OPEN,0,SAR,1500.21,0.00,1505.62,1467.75,60.0,SAR_above_price,0,0.000,
2019.08.23 15:36:53,CLOSE,54,SAR,1505.63,0.01,0.00,0.00,-5.3,sl,85913,-0.976,PERIOD_H4
2019.08.26 01:15:00,OPEN,0,SAR,1544.71,0.00,1537.37,1588.76,60.0,SAR_below_price,0,0.000,
2019.08.26 08:58:02,CLOSE,56,SAR,1537.31,0.01,0.00,0.00,-7.4,sl,27782,-1.009,PERIOD_H4
2019.08.26 09:30:00,OPEN,0,SAR,1534.05,0.00,1525.10,1587.74,60.0,SAR_below_price,0,0.000,
2019.08.26 10:42:47,CLOSE,58,SAR,1525.10,0.01,0.00,0.00,-9.0,sl,4367,-1.001,PERIOD_H4
2019.08.26 12:00:00,OPEN,0,SAR,1532.16,0.00,1522.27,1591.53,60.0,SAR_below_price,0,0.000,
2019.08.29 20:12:53,CLOSE,60,SAR,1522.19,0.01,0.00,0.00,-13.4,sl,288773,-1.352,PERIOD_H4
2019.09.03 17:15:00,OPEN,0,SAR,1549.11,0.00,1541.50,1594.73,60.0,SAR_below_price,0,0.000,
2019.09.04 03:56:32,CLOSE,62,SAR,1541.39,0.01,0.00,0.00,-8.4,sl,38492,-1.105,PERIOD_H4
2019.09.04 15:30:00,OPEN,0,SAR,1543.65,0.00,1536.98,1583.66,60.0,SAR_below_price,0,0.000,
2019.09.05 14:30:00,CLOSE,64,SAR,1536.80,0.01,0.00,0.00,-8.9,sl,82800,-1.334,PERIOD_H4
2019.09.06 15:15:00,OPEN,0,SAR,1523.67,0.00,1533.67,1463.70,60.0,SAR_above_price,0,0.000,
2019.09.24 18:41:21,CLOSE,66,SAR,1533.68,0.01,0.00,0.00,-7.3,sl,1567581,-0.735,PERIOD_H4
2019.09.25 18:15:00,OPEN,0,SAR,1504.85,0.00,1498.24,1544.55,60.0,SAR_below_price,0,0.000,
2019.09.27 08:40:54,CLOSE,68,SAR,1498.18,0.01,0.00,0.00,-9.4,sl,138354,-1.420,PERIOD_H4
2019.09.27 18:15:00,OPEN,0,SAR,1495.94,0.00,1504.09,1447.10,60.0,SAR_above_price,0,0.000,
2019.10.02 19:34:02,CLOSE,70,SAR,1504.28,0.01,0.00,0.00,-7.9,sl,436742,-0.969,PERIOD_H4
2019.10.03 16:30:00,OPEN,0,SAR,1511.86,0.00,1503.05,1564.75,60.0,SAR_below_price,0,0.000,
2019.10.04 14:33:57,CLOSE,72,SAR,1502.74,0.01,0.00,0.00,-9.8,sl,79437,-1.112,PERIOD_H4
2019.10.04 15:30:00,OPEN,0,SAR,1501.21,0.00,1493.50,1547.52,60.0,SAR_below_price,0,0.000,
2019.10.07 19:33:02,CLOSE,74,SAR,1493.05,0.01,0.00,0.00,-8.8,sl,273782,-1.147,PERIOD_H4
2019.10.11 14:00:00,OPEN,0,SAR,1482.80,0.00,1490.84,1434.51,60.0,SAR_above_price,0,0.000,
2019.10.14 11:02:06,CLOSE,76,SAR,1490.84,0.01,0.00,0.00,-7.9,sl,248526,-0.982,PERIOD_H4
2019.10.16 17:15:00,OPEN,0,SAR,1486.10,0.00,1492.86,1445.54,60.0,SAR_above_price,0,0.000,
2019.10.17 02:44:38,CLOSE,78,SAR,1493.02,0.01,0.00,0.00,-6.5,sl,34178,-0.957,PERIOD_H4
2019.10.25 03:15:00,OPEN,0,SAR,1501.38,0.00,1496.70,1529.48,60.0,SAR_below_price,0,0.000,
2019.10.28 15:32:14,CLOSE,80,SAR,1496.69,0.01,0.00,0.00,-5.4,sl,303434,-1.147,PERIOD_H4
2019.11.04 17:00:00,OPEN,0,SAR,1510.27,0.00,1504.71,1543.57,60.0,SAR_below_price,0,0.000,
2019.11.04 18:36:11,CLOSE,82,SAR,1504.70,0.01,0.00,0.00,-5.6,sl,5771,-1.001,PERIOD_H4
2019.11.05 18:00:00,OPEN,0,SAR,1485.76,0.00,1491.87,1449.09,60.0,SAR_above_price,0,0.000,
2019.11.06 18:50:25,CLOSE,84,SAR,1491.97,0.01,0.00,0.00,-5.9,sl,89425,-0.971,PERIOD_H4
2019.11.07 20:15:00,OPEN,0,SAR,1465.03,0.00,1472.99,1417.21,60.0,SAR_above_price,0,0.000,
2019.11.08 10:05:38,CLOSE,86,SAR,1472.99,0.01,0.00,0.00,-7.7,sl,49838,-0.965,PERIOD_H4
2019.11.08 17:45:00,OPEN,0,SAR,1465.01,0.00,1472.17,1422.00,60.0,SAR_above_price,0,0.000,
2019.11.14 18:29:12,CLOSE,88,SAR,1472.20,0.01,0.00,0.00,-5.7,sl,521052,-0.789,PERIOD_H4
2019.11.15 13:30:00,OPEN,0,SAR,1466.20,0.00,1460.77,1498.79,60.0,SAR_below_price,0,0.000,
2019.11.18 10:24:03,CLOSE,90,SAR,1460.58,0.01,0.00,0.00,-6.3,sl,248043,-1.161,PERIOD_H4
2019.11.20 20:15:00,OPEN,0,SAR,1474.85,0.00,1468.92,1510.41,60.0,SAR_below_price,0,0.000,
2019.11.21 09:08:00,CLOSE,92,SAR,1468.89,0.01,0.00,0.00,-7.2,sl,46380,-1.219,PERIOD_H4
2019.12.12 05:00:06,OPEN,0,SAR,1475.50,0.00,1471.44,1499.84,60.0,SAR_below_price,0,0.000,
2019.12.12 16:45:12,CLOSE,94,SAR,1471.43,0.01,0.00,0.00,-4.1,sl,42306,-1.002,PERIOD_H4
2019.12.12 17:45:00,OPEN,0,SAR,1470.20,0.00,1465.60,1497.81,60.0,SAR_below_price,0,0.000,
2019.12.12 18:05:37,CLOSE,96,SAR,1465.47,0.01,0.00,0.00,-4.7,sl,1237,-1.029,PERIOD_H4
2020.01.02 16:30:00,OPEN,0,SAR,1527.70,0.00,1523.27,1554.34,60.0,SAR_below_price,0,0.000,
2020.01.02 19:21:28,CLOSE,98,SAR,1523.25,0.01,0.00,0.00,-4.5,sl,10288,-1.006,PERIOD_H4
2020.01.06 01:45:00,OPEN,0,SAR,1570.11,0.00,1562.93,1613.13,60.0,SAR_below_price,0,0.000,
2020.01.06 17:42:16,CLOSE,100,SAR,1562.71,0.01,0.00,0.00,-7.4,sl,57436,-1.031,PERIOD_H4
2020.01.06 18:15:00,OPEN,0,SAR,1565.10,0.00,1555.47,1622.92,60.0,SAR_below_price,0,0.000,
2020.01.07 04:09:40,CLOSE,102,SAR,1555.47,0.01,0.00,0.00,-10.1,sl,35680,-1.043,PERIOD_H4
2020.01.08 04:00:00,OPEN,0,SAR,1593.64,0.00,1581.60,1665.92,60.0,SAR_below_price,0,0.000,
2020.01.08 10:57:36,CLOSE,104,SAR,1581.33,0.01,0.00,0.00,-12.3,sl,25056,-1.023,PERIOD_H4
2020.01.08 12:15:00,OPEN,0,SAR,1584.54,0.00,1573.45,1651.04,60.0,SAR_below_price,0,0.000,
2020.01.08 14:56:19,CLOSE,106,SAR,1573.44,0.01,0.00,0.00,-11.1,sl,9679,-1.001,PERIOD_H4
2020.01.08 16:00:00,OPEN,0,SAR,1576.91,0.00,1565.06,1648.02,60.0,SAR_below_price,0,0.000,
2020.01.08 18:29:13,CLOSE,108,SAR,1565.04,0.01,0.00,0.00,-11.9,sl,8953,-1.002,PERIOD_H4
2020.01.09 17:30:00,OPEN,0,SAR,1548.63,0.00,1562.03,1468.18,60.0,SAR_above_price,0,0.000,
2020.01.10 23:38:54,CLOSE,110,SAR,1562.04,0.01,0.00,0.00,-13.1,sl,108534,-0.979,PERIOD_H4
2020.01.23 19:00:00,OPEN,0,SAR,1564.04,0.00,1557.58,1602.75,60.0,SAR_below_price,0,0.000,
2020.01.24 10:35:27,CLOSE,112,SAR,1557.57,0.01,0.00,0.00,-6.9,sl,56127,-1.067,PERIOD_H4
2020.01.24 18:15:00,OPEN,0,SAR,1571.59,0.00,1566.03,1604.96,60.0,SAR_below_price,0,0.000,
2020.01.28 23:49:02,CLOSE,114,SAR,1565.97,0.01,0.00,0.00,-6.7,sl,365642,-1.208,PERIOD_H4
2020.01.30 18:45:00,OPEN,0,SAR,1582.24,0.00,1576.12,1619.03,60.0,SAR_below_price,0,0.000,
2020.01.30 22:47:54,CLOSE,116,SAR,1576.12,0.01,0.00,0.00,-6.1,sl,14574,-1.001,PERIOD_H4
2020.02.04 18:45:00,OPEN,0,SAR,1552.73,0.00,1560.33,1507.19,60.0,SAR_above_price,0,0.000,
2020.02.05 07:43:01,CLOSE,118,SAR,1560.42,0.01,0.00,0.00,-7.4,sl,46681,-0.976,PERIOD_H4
2020.02.18 18:45:00,OPEN,0,SAR,1604.53,0.00,1600.83,1626.77,60.0,SAR_below_price,0,0.000,
2020.02.18 19:44:50,CLOSE,120,SAR,1600.79,0.01,0.00,0.00,-3.7,sl,3590,-1.010,PERIOD_H4
2020.02.19 10:00:00,OPEN,0,SAR,1605.12,0.00,1600.67,1631.84,60.0,SAR_below_price,0,0.000,
2020.02.21 09:02:26,CLOSE,122,SAR,1631.87,0.01,0.00,0.00,25.1,tp,169346,5.633,PERIOD_H4
2020.02.21 18:00:00,OPEN,0,SAR,1643.56,0.00,1636.11,1688.25,60.0,SAR_below_price,0,0.000,
2020.02.24 11:26:09,CLOSE,124,SAR,1688.29,0.01,0.00,0.00,44.0,tp,235569,5.917,PERIOD_H4
2020.02.24 11:30:00,OPEN,0,SAR,1688.44,0.00,1678.80,1746.31,60.0,SAR_below_price,0,0.000,
2020.02.24 14:12:49,CLOSE,126,SAR,1678.80,0.01,0.00,0.00,-9.7,sl,9769,-1.001,PERIOD_H4
2020.02.24 16:00:00,OPEN,0,SAR,1677.75,0.00,1665.70,1750.07,60.0,SAR_below_price,0,0.000,
2020.02.24 21:24:51,CLOSE,128,SAR,1665.20,0.01,0.00,0.00,-12.6,sl,19491,-1.041,PERIOD_H4
2020.02.24 21:45:00,OPEN,0,SAR,1660.17,0.00,1647.58,1735.75,60.0,SAR_below_price,0,0.000,
2020.02.25 02:09:27,CLOSE,130,SAR,1647.30,0.01,0.00,0.00,-13.3,sl,15867,-1.056,PERIOD_H4
2020.02.27 16:00:00,OPEN,0,SAR,1652.04,0.00,1637.21,1741.04,60.0,SAR_below_price,0,0.000,
2020.02.27 22:37:53,CLOSE,132,SAR,1636.51,0.01,0.00,0.00,-15.5,sl,23873,-1.047,PERIOD_H4
2020.02.27 22:45:00,OPEN,0,SAR,1641.39,0.00,1626.57,1730.35,60.0,SAR_below_price,0,0.000,
2020.02.28 09:20:39,CLOSE,134,SAR,1626.56,0.01,0.00,0.00,-15.5,sl,38139,-1.047,PERIOD_H4
2020.02.28 09:30:00,OPEN,0,SAR,1624.06,0.00,1637.40,1544.01,60.0,SAR_above_price,0,0.000,
2020.02.28 10:14:36,CLOSE,136,SAR,1637.40,0.01,0.00,0.00,-13.3,sl,2676,-1.000,PERIOD_H4
2020.02.28 12:00:00,OPEN,0,SAR,1627.69,0.00,1641.62,1544.12,60.0,SAR_above_price,0,0.000,
2020.03.03 17:43:43,CLOSE,138,SAR,1641.66,0.01,0.00,0.00,-13.7,sl,366223,-0.982,PERIOD_H4
2020.03.04 10:00:00,OPEN,0,SAR,1636.27,0.00,1619.87,1734.67,60.0,SAR_below_price,0,0.000,
2020.03.12 14:03:54,CLOSE,140,SAR,1618.69,0.01,0.00,0.00,-24.4,sl,705834,-1.486,PERIOD_H4
2020.03.12 14:15:00,OPEN,0,SAR,1626.58,0.00,1640.92,1540.50,60.0,SAR_above_price,0,0.000,
2020.03.13 17:45:48,CLOSE,142,SAR,1540.39,0.01,0.00,0.00,86.3,tp,99048,6.018,PERIOD_H4
2020.03.13 20:00:00,OPEN,0,SAR,1522.20,0.00,1552.02,1343.29,60.0,SAR_above_price,0,0.000,
2020.03.16 01:12:51,CLOSE,144,SAR,1552.12,0.01,0.00,0.00,-29.6,sl,191571,-0.994,PERIOD_H4
2020.03.16 01:15:00,OPEN,0,SAR,1553.38,0.00,1584.29,1367.95,60.0,SAR_above_price,0,0.000,
2020.03.24 04:42:19,CLOSE,146,SAR,1584.39,0.01,0.00,0.00,-29.6,sl,703639,-0.956,PERIOD_H4
2020.03.24 14:15:01,OPEN,0,SAR,1603.12,0.00,1579.04,1747.55,60.0,SAR_below_price,0,0.000,
2020.03.31 21:29:52,CLOSE,148,SAR,1578.76,0.01,0.00,0.00,-28.6,sl,630891,-1.188,PERIOD_H4
2020.03.31 22:00:00,OPEN,0,SAR,1576.49,0.00,1591.50,1486.39,60.0,SAR_above_price,0,0.000,
2020.04.01 08:44:31,CLOSE,150,SAR,1591.91,0.01,0.00,0.00,-15.3,sl,38671,-1.018,PERIOD_H4
2020.04.06 09:00:00,OPEN,0,SAR,1624.55,0.00,1612.82,1694.96,60.0,SAR_below_price,0,0.000,
2020.04.13 14:04:40,CLOSE,152,SAR,1695.15,0.01,0.00,0.00,65.9,tp,623080,5.620,PERIOD_H4
2020.04.13 20:45:00,OPEN,0,SAR,1721.48,0.00,1708.04,1802.13,60.0,SAR_below_price,0,0.000,
2020.04.15 09:32:06,CLOSE,154,SAR,1708.00,0.01,0.00,0.00,-14.6,sl,132426,-1.085,PERIOD_H4
2020.04.16 17:30:00,OPEN,0,SAR,1726.55,0.00,1712.02,1813.71,60.0,SAR_below_price,0,0.000,
2020.04.16 18:33:03,CLOSE,156,SAR,1711.99,0.01,0.00,0.00,-14.6,sl,3783,-1.002,PERIOD_H4
2020.04.17 13:00:00,OPEN,0,SAR,1687.39,0.00,1702.07,1599.31,60.0,SAR_above_price,0,0.000,
2020.04.17 15:21:23,CLOSE,158,SAR,1702.07,0.01,0.00,0.00,-14.7,sl,8483,-1.000,PERIOD_H4
2020.04.17 18:45:00,OPEN,0,SAR,1686.35,0.00,1701.82,1593.49,60.0,SAR_above_price,0,0.000,
2020.04.20 18:00:42,CLOSE,160,SAR,1702.16,0.01,0.00,0.00,-15.7,sl,256542,-1.012,PERIOD_H4
2020.04.21 13:45:00,OPEN,0,SAR,1665.64,0.00,1680.36,1577.29,60.0,SAR_above_price,0,0.000,
2020.04.21 15:50:08,CLOSE,162,SAR,1680.41,0.01,0.00,0.00,-14.8,sl,7508,-1.004,PERIOD_H4
2020.04.21 16:00:00,OPEN,0,SAR,1679.34,0.00,1694.50,1588.35,60.0,SAR_above_price,0,0.000,
2020.04.22 09:47:56,CLOSE,164,SAR,1694.51,0.01,0.00,0.00,-15.0,sl,64076,-0.991,PERIOD_H4
2020.04.22 10:45:00,OPEN,0,SAR,1697.53,0.00,1711.76,1612.13,60.0,SAR_above_price,0,0.000,
2020.04.22 14:57:34,CLOSE,166,SAR,1711.79,0.01,0.00,0.00,-14.3,sl,15154,-1.002,PERIOD_H4
2020.04.22 16:15:00,OPEN,0,SAR,1708.23,0.00,1692.19,1804.48,60.0,SAR_below_price,0,0.000,
2020.04.28 16:02:48,CLOSE,168,SAR,1691.70,0.01,0.00,0.00,-20.6,sl,517668,-1.285,PERIOD_H4
2020.04.28 17:30:00,OPEN,0,SAR,1703.10,0.00,1714.60,1634.06,60.0,SAR_above_price,0,0.000,
2020.04.29 21:40:45,CLOSE,170,SAR,1714.68,0.01,0.00,0.00,-11.4,sl,101445,-0.995,PERIOD_H4
2020.04.29 22:30:00,OPEN,0,SAR,1713.91,0.00,1725.91,1641.92,60.0,SAR_above_price,0,0.000,
2020.05.14 15:42:27,CLOSE,172,SAR,1726.53,0.01,0.00,0.00,-9.9,sl,1271547,-0.828,PERIOD_H4
2020.05.14 16:00:00,OPEN,0,SAR,1731.91,0.00,1722.82,1786.44,60.0,SAR_below_price,0,0.000,
2020.05.21 16:35:00,CLOSE,174,SAR,1722.79,0.01,0.00,0.00,-13.4,sl,606900,-1.471,PERIOD_H4
2020.05.21 20:45:00,OPEN,0,SAR,1724.07,0.00,1733.00,1670.46,60.0,SAR_above_price,0,0.000,
2020.05.22 08:34:53,CLOSE,176,SAR,1733.21,0.01,0.00,0.00,-9.0,sl,42593,-1.007,PERIOD_H4
2020.05.22 15:15:00,OPEN,0,SAR,1732.98,0.00,1741.41,1682.43,60.0,SAR_above_price,0,0.000,
2020.06.01 06:15:05,CLOSE,178,SAR,1741.48,0.01,0.00,0.00,-7.3,sl,831605,-0.866,PERIOD_H4
2020.06.01 06:30:01,OPEN,0,SAR,1741.83,0.00,1733.01,1794.70,60.0,SAR_below_price,0,0.000,
2020.06.01 12:12:53,CLOSE,180,SAR,1732.88,0.01,0.00,0.00,-8.9,sl,20572,-1.015,PERIOD_H4
2020.06.01 13:30:01,OPEN,0,SAR,1730.58,0.00,1721.65,1784.18,60.0,SAR_below_price,0,0.000,
2020.06.02 18:34:18,CLOSE,182,SAR,1721.33,0.01,0.00,0.00,-9.9,sl,104657,-1.112,PERIOD_H4
2020.06.02 18:45:00,OPEN,0,SAR,1727.52,0.00,1718.61,1780.92,60.0,SAR_below_price,0,0.000,
2020.06.03 10:02:18,CLOSE,184,SAR,1718.61,0.01,0.00,0.00,-9.6,sl,55038,-1.077,PERIOD_H4
2020.06.03 16:45:00,OPEN,0,SAR,1693.79,0.00,1704.47,1629.67,60.0,SAR_above_price,0,0.000,
2020.06.04 04:10:36,CLOSE,186,SAR,1704.48,0.01,0.00,0.00,-9.8,sl,41136,-0.922,PERIOD_H4
2020.06.04 15:45:00,OPEN,0,SAR,1712.23,0.00,1722.93,1648.05,60.0,SAR_above_price,0,0.000,
2020.06.10 13:50:00,CLOSE,188,SAR,1722.94,0.01,0.00,0.00,-10.1,sl,511500,-0.946,PERIOD_H4
2020.06.10 14:45:00,OPEN,0,SAR,1724.07,0.00,1715.85,1773.38,60.0,SAR_below_price,0,0.000,
2020.06.10 17:02:56,CLOSE,190,SAR,1715.83,0.01,0.00,0.00,-8.2,sl,8276,-1.003,PERIOD_H4
2020.06.10 18:30:00,OPEN,0,SAR,1718.23,0.00,1709.73,1769.27,60.0,SAR_below_price,0,0.000,
2020.06.10 20:01:02,CLOSE,192,SAR,1709.67,0.01,0.00,0.00,-8.6,sl,5462,-1.007,PERIOD_H4
2020.06.10 20:15:00,OPEN,0,SAR,1729.63,0.00,1720.65,1783.53,60.0,SAR_below_price,0,0.000,
2020.06.15 08:08:07,CLOSE,194,SAR,1720.64,0.01,0.00,0.00,-12.1,sl,388387,-1.350,PERIOD_H4
2020.06.15 16:15:00,OPEN,0,SAR,1713.31,0.00,1724.18,1648.03,60.0,SAR_above_price,0,0.000,
2020.06.15 19:54:03,CLOSE,196,SAR,1724.24,0.01,0.00,0.00,-10.9,sl,13143,-1.006,PERIOD_H4
2020.06.16 12:30:00,OPEN,0,SAR,1731.12,0.00,1721.52,1788.66,60.0,SAR_below_price,0,0.000,
2020.06.16 14:30:44,CLOSE,198,SAR,1720.83,0.01,0.00,0.00,-10.3,sl,7244,-1.072,PERIOD_H4
2020.06.16 17:30:00,OPEN,0,SAR,1728.58,0.00,1718.33,1790.03,60.0,SAR_below_price,0,0.000,
2020.06.17 11:01:44,CLOSE,200,SAR,1718.27,0.01,0.00,0.00,-10.7,sl,63104,-1.047,PERIOD_H4
2020.06.18 13:15:00,OPEN,0,SAR,1724.53,0.00,1714.86,1782.57,60.0,SAR_below_price,0,0.000,
2020.06.30 16:51:25,CLOSE,202,SAR,1782.62,0.01,0.00,0.00,51.8,tp,1049785,5.356,PERIOD_H4
2020.06.30 18:30:00,OPEN,0,SAR,1781.99,0.00,1773.96,1830.22,60.0,SAR_below_price,0,0.000,
2020.07.01 15:05:21,CLOSE,204,SAR,1773.74,0.01,0.00,0.00,-8.9,sl,74121,-1.113,PERIOD_H4
2020.07.01 15:30:00,OPEN,0,SAR,1777.32,0.00,1771.07,1814.84,60.0,SAR_below_price,0,0.000,
2020.07.01 15:37:14,CLOSE,206,SAR,1771.06,0.01,0.00,0.00,-6.3,sl,434,-1.003,PERIOD_H4
2020.07.07 19:30:00,OPEN,0,SAR,1796.89,0.00,1790.73,1833.87,60.0,SAR_below_price,0,0.000,
2020.07.14 12:18:52,CLOSE,208,SAR,1790.42,0.01,0.00,0.00,-11.2,sl,578932,-1.822,PERIOD_H4
2020.07.15 13:00:00,OPEN,0,SAR,1807.75,0.00,1800.57,1850.85,60.0,SAR_below_price,0,0.000,
2020.07.16 19:00:39,CLOSE,210,SAR,1800.56,0.01,0.00,0.00,-9.2,sl,108039,-1.285,PERIOD_H4
2020.07.21 16:30:00,OPEN,0,SAR,1837.70,0.00,1831.76,1873.33,60.0,SAR_below_price,0,0.000,
2020.07.23 02:04:15,CLOSE,212,SAR,1873.39,0.01,0.00,0.00,33.2,tp,120855,5.592,PERIOD_H4
2020.07.23 04:45:00,OPEN,0,SAR,1865.10,0.00,1854.51,1928.68,60.0,SAR_below_price,0,0.000,
2020.07.27 04:50:24,CLOSE,214,SAR,1928.71,0.01,0.00,0.00,62.3,tp,345924,5.877,PERIOD_H4
2020.07.27 06:00:05,OPEN,0,SAR,1932.10,0.00,1919.84,2005.63,60.0,SAR_below_price,0,0.000,
2020.07.28 09:37:08,CLOSE,216,SAR,1919.77,0.01,0.00,0.00,-13.0,sl,99423,-1.062,PERIOD_H4
2020.07.29 22:00:00,OPEN,0,SAR,1969.74,0.00,1949.57,2090.79,60.0,SAR_below_price,0,0.000,
2020.07.30 09:27:30,CLOSE,218,SAR,1949.55,0.01,0.00,0.00,-22.2,sl,41250,-1.102,PERIOD_H4
2020.07.30 12:00:00,OPEN,0,SAR,1955.06,0.00,1935.48,2072.55,60.0,SAR_below_price,0,0.000,
2020.08.07 03:13:59,CLOSE,220,SAR,2072.60,0.01,0.00,0.00,112.1,tp,659639,5.725,PERIOD_H4
2020.08.07 03:30:00,OPEN,0,SAR,2069.91,0.00,2052.06,2177.01,60.0,SAR_below_price,0,0.000,
2020.08.07 06:01:30,CLOSE,222,SAR,2051.93,0.01,0.00,0.00,-18.0,sl,9090,-1.007,PERIOD_H4
2020.08.07 07:45:00,OPEN,0,SAR,2060.32,0.00,2043.81,2159.34,60.0,SAR_below_price,0,0.000,
2020.08.07 14:30:18,CLOSE,224,SAR,2043.57,0.01,0.00,0.00,-16.8,sl,24318,-1.015,PERIOD_H4
2020.08.07 15:30:00,OPEN,0,SAR,2051.49,0.00,2035.31,2148.57,60.0,SAR_below_price,0,0.000,
2020.08.07 16:03:44,CLOSE,226,SAR,2035.29,0.01,0.00,0.00,-16.2,sl,2024,-1.001,PERIOD_H4
2020.08.11 09:45:00,OPEN,0,SAR,1995.78,0.00,2012.49,1895.51,60.0,SAR_above_price,0,0.000,
2020.08.12 03:45:04,CLOSE,228,SAR,1895.43,0.01,0.00,0.00,100.5,tp,64804,6.014,PERIOD_H4
2020.08.12 04:15:00,OPEN,0,SAR,1882.50,0.00,1905.31,1745.64,60.0,SAR_above_price,0,0.000,
2020.08.12 08:40:43,CLOSE,230,SAR,1905.36,0.01,0.00,0.00,-22.9,sl,15943,-1.002,PERIOD_H4
2020.08.12 10:45:00,OPEN,0,SAR,1929.38,0.00,1953.69,1783.49,60.0,SAR_above_price,0,0.000,
2020.08.13 18:50:49,CLOSE,232,SAR,1953.76,0.01,0.00,0.00,-23.9,sl,115549,-0.984,PERIOD_H4
2020.08.18 04:00:00,OPEN,0,SAR,1993.61,0.00,1978.82,2082.39,60.0,SAR_below_price,0,0.000,
2020.08.18 16:30:55,CLOSE,234,SAR,1978.46,0.01,0.00,0.00,-15.2,sl,45055,-1.024,PERIOD_H4
2020.08.18 16:45:00,OPEN,0,SAR,1991.74,0.00,1977.42,2077.70,60.0,SAR_below_price,0,0.000,
2020.08.19 16:43:12,CLOSE,236,SAR,1977.38,0.01,0.00,0.00,-15.0,sl,86292,-1.050,PERIOD_H4
2020.08.20 03:45:00,OPEN,0,SAR,1938.90,0.00,1957.96,1824.52,60.0,SAR_above_price,0,0.000,
2020.08.24 14:05:30,CLOSE,238,SAR,1957.99,0.01,0.00,0.00,-18.8,sl,382830,-0.986,PERIOD_H4
2020.08.26 16:00:00,OPEN,0,SAR,1935.10,0.00,1949.25,1850.17,60.0,SAR_above_price,0,0.000,
2020.08.26 19:14:18,CLOSE,240,SAR,1949.30,0.01,0.00,0.00,-14.2,sl,11658,-1.003,PERIOD_H4
2020.08.26 20:00:00,OPEN,0,SAR,1946.30,0.00,1960.67,1860.05,60.0,SAR_above_price,0,0.000,
2020.08.27 15:15:21,CLOSE,242,SAR,1960.69,0.01,0.00,0.00,-13.6,sl,69321,-0.943,PERIOD_H4
2020.08.27 15:45:00,OPEN,0,SAR,1946.62,0.00,1933.43,2025.74,60.0,SAR_below_price,0,0.000,
2020.08.27 15:46:29,CLOSE,244,SAR,1933.38,0.01,0.00,0.00,-13.2,sl,89,-1.004,PERIOD_H4
2020.08.27 16:00:00,OPEN,0,SAR,1941.47,0.00,1925.64,2036.46,60.0,SAR_below_price,0,0.000,
2020.08.27 16:02:28,CLOSE,246,SAR,1925.59,0.01,0.00,0.00,-15.9,sl,148,-1.003,PERIOD_H4
2020.08.28 20:00:00,OPEN,0,SAR,1963.10,0.00,1944.18,2076.61,60.0,SAR_below_price,0,0.000,
2020.09.02 16:14:16,CLOSE,248,SAR,1944.18,0.01,0.00,0.00,-21.0,sl,418456,-1.108,PERIOD_H4
2020.09.03 16:30:00,OPEN,0,SAR,1936.95,0.00,1951.10,1852.06,60.0,SAR_above_price,0,0.000,
2020.09.09 21:19:17,CLOSE,250,SAR,1951.13,0.01,0.00,0.00,-13.6,sl,535757,-0.960,PERIOD_H4
2020.09.10 17:15:00,OPEN,0,SAR,1958.03,0.00,1944.64,2038.38,60.0,SAR_below_price,0,0.000,
2020.09.10 21:11:22,CLOSE,252,SAR,1944.61,0.01,0.00,0.00,-13.4,sl,14182,-1.002,PERIOD_H4
2020.09.15 16:00:00,OPEN,0,SAR,1956.29,0.00,1946.25,2016.57,60.0,SAR_below_price,0,0.000,
2020.09.17 04:00:01,CLOSE,254,SAR,1946.22,0.01,0.00,0.00,-12.8,sl,129601,-1.274,PERIOD_H4
2020.09.17 16:15:00,OPEN,0,SAR,1941.55,0.00,1953.10,1872.25,60.0,SAR_above_price,0,0.000,
2020.09.18 03:00:50,CLOSE,256,SAR,1953.66,0.01,0.00,0.00,-12.0,sl,38750,-1.035,PERIOD_H4
2020.09.21 13:30:00,OPEN,0,SAR,1931.55,0.00,1942.27,1867.18,60.0,SAR_above_price,0,0.000,
2020.09.23 16:22:27,CLOSE,258,SAR,1867.13,0.01,0.00,0.00,64.7,tp,183147,6.034,PERIOD_H4
2020.09.23 16:30:00,OPEN,0,SAR,1869.61,0.00,1886.84,1766.20,60.0,SAR_above_price,0,0.000,
2020.09.29 03:26:01,CLOSE,260,SAR,1886.88,0.01,0.00,0.00,-16.4,sl,471361,-0.950,PERIOD_H4
2020.09.29 16:45:00,OPEN,0,SAR,1888.75,0.00,1877.11,1958.62,60.0,SAR_below_price,0,0.000,
2020.10.06 22:49:17,CLOSE,262,SAR,1877.04,0.01,0.00,0.00,-16.5,sl,626657,-1.416,PERIOD_H4
2020.10.08 17:30:00,OPEN,0,SAR,1888.76,0.00,1899.67,1823.26,60.0,SAR_above_price,0,0.000,
2020.10.09 03:00:00,CLOSE,264,SAR,1899.68,0.01,0.00,0.00,-10.8,sl,34200,-0.988,PERIOD_H4
2020.10.09 16:15:00,OPEN,0,SAR,1927.87,0.00,1918.69,1982.95,60.0,SAR_below_price,0,0.000,
2020.10.12 13:03:41,CLOSE,266,SAR,1918.66,0.01,0.00,0.00,-9.9,sl,247721,-1.077,PERIOD_H4
2020.10.14 06:15:01,OPEN,0,SAR,1897.15,0.00,1907.47,1835.24,60.0,SAR_above_price,0,0.000,
2020.10.14 14:30:44,CLOSE,268,SAR,1907.49,0.01,0.00,0.00,-10.3,sl,29743,-1.002,PERIOD_H4
2020.10.15 11:45:00,OPEN,0,SAR,1892.44,0.00,1903.66,1825.13,60.0,SAR_above_price,0,0.000,
2020.10.15 17:24:52,CLOSE,270,SAR,1903.81,0.01,0.00,0.00,-11.4,sl,20392,-1.013,PERIOD_H4
2020.10.15 17:30:00,OPEN,0,SAR,1904.44,0.00,1916.42,1832.60,60.0,SAR_above_price,0,0.000,
2020.10.19 14:13:12,CLOSE,272,SAR,1916.76,0.01,0.00,0.00,-12.0,sl,333792,-1.004,PERIOD_H4
2020.10.19 18:00:00,OPEN,0,SAR,1908.46,0.00,1899.39,1962.92,60.0,SAR_below_price,0,0.000,
2020.10.20 03:46:54,CLOSE,274,SAR,1899.39,0.01,0.00,0.00,-9.8,sl,35214,-1.075,PERIOD_H4
2020.10.20 18:00:00,OPEN,0,SAR,1910.84,0.00,1919.35,1859.76,60.0,SAR_above_price,0,0.000,
2020.10.21 04:11:58,CLOSE,276,SAR,1919.38,0.01,0.00,0.00,-8.4,sl,36718,-0.986,PERIOD_H4
2020.10.23 16:00:00,OPEN,0,SAR,1903.33,0.00,1911.99,1851.33,60.0,SAR_above_price,0,0.000,
2020.11.04 01:07:23,CLOSE,278,SAR,1912.16,0.01,0.00,0.00,-7.3,sl,983243,-0.846,PERIOD_H4
2020.11.05 17:30:00,OPEN,0,SAR,1943.05,0.00,1927.93,2033.76,60.0,SAR_below_price,0,0.000,
2020.11.09 14:03:11,CLOSE,280,SAR,1927.56,0.01,0.00,0.00,-16.9,sl,333191,-1.115,PERIOD_H4
2020.11.09 14:15:00,OPEN,0,SAR,1909.93,0.00,1897.54,1984.29,60.0,SAR_below_price,0,0.000,
2020.11.09 15:12:36,CLOSE,282,SAR,1897.16,0.01,0.00,0.00,-12.8,sl,3456,-1.031,PERIOD_H4
2020.11.09 20:00:00,OPEN,0,SAR,1862.07,0.00,1882.17,1741.46,60.0,SAR_above_price,0,0.000,
2020.11.10 06:02:26,CLOSE,284,SAR,1882.17,0.01,0.00,0.00,-20.0,sl,36146,-0.992,PERIOD_H4
2020.11.10 12:00:00,OPEN,0,SAR,1878.71,0.00,1898.28,1761.27,60.0,SAR_above_price,0,0.000,
2020.11.16 03:36:42,CLOSE,286,SAR,1898.31,0.01,0.00,0.00,-18.7,sl,488202,-0.955,PERIOD_H4
2020.11.16 15:00:00,OPEN,0,SAR,1876.80,0.00,1868.35,1927.50,60.0,SAR_below_price,0,0.000,
2020.11.18 14:01:29,CLOSE,288,SAR,1868.27,0.01,0.00,0.00,-9.9,sl,169289,-1.170,PERIOD_H4
2020.11.18 15:45:00,OPEN,0,SAR,1875.15,0.00,1884.36,1819.86,60.0,SAR_above_price,0,0.000,
2020.11.18 17:30:21,CLOSE,290,SAR,1884.38,0.01,0.00,0.00,-9.2,sl,6321,-1.002,PERIOD_H4
2020.11.19 18:15:00,OPEN,0,SAR,1859.36,0.00,1868.74,1803.08,60.0,SAR_above_price,0,0.000,
2020.11.20 07:26:52,CLOSE,292,SAR,1868.76,0.01,0.00,0.00,-9.3,sl,47512,-0.986,PERIOD_H4
2020.11.23 20:00:00,OPEN,0,SAR,1839.63,0.00,1849.38,1781.19,60.0,SAR_above_price,0,0.000,
2020.11.27 15:44:22,CLOSE,294,SAR,1781.15,0.01,0.00,0.00,59.4,tp,330262,6.093,PERIOD_H4
2020.11.27 16:30:00,OPEN,0,SAR,1778.44,0.00,1787.95,1721.37,60.0,SAR_above_price,0,0.000,
2020.11.27 18:34:27,CLOSE,296,SAR,1788.03,0.01,0.00,0.00,-9.6,sl,7467,-1.008,PERIOD_H4
2020.11.30 06:15:00,OPEN,0,SAR,1771.07,0.00,1780.20,1716.25,60.0,SAR_above_price,0,0.000,
2020.11.30 09:18:58,CLOSE,298,SAR,1780.26,0.01,0.00,0.00,-9.2,sl,11038,-1.006,PERIOD_H4
2020.11.30 14:15:00,OPEN,0,SAR,1772.56,0.00,1783.05,1709.60,60.0,SAR_above_price,0,0.000,
2020.11.30 19:00:47,CLOSE,300,SAR,1783.06,0.01,0.00,0.00,-10.5,sl,17147,-1.001,PERIOD_H4
2020.11.30 19:15:00,OPEN,0,SAR,1783.86,0.00,1794.70,1718.79,60.0,SAR_above_price,0,0.000,
2020.12.01 10:08:06,CLOSE,302,SAR,1794.86,0.01,0.00,0.00,-10.8,sl,53586,-1.000,PERIOD_H4
2020.12.02 16:15:00,OPEN,0,SAR,1819.54,0.00,1808.56,1885.46,60.0,SAR_below_price,0,0.000,
2020.12.17 15:40:49,CLOSE,304,SAR,1885.52,0.01,0.00,0.00,54.4,tp,1293949,4.955,PERIOD_H4
2020.12.17 16:30:00,OPEN,0,SAR,1889.28,0.00,1878.44,1954.35,60.0,SAR_below_price,0,0.000,
2020.12.18 03:18:16,CLOSE,306,SAR,1878.43,0.01,0.00,0.00,-11.5,sl,38896,-1.063,PERIOD_H4
2020.12.21 11:45:00,OPEN,0,SAR,1895.54,0.00,1885.30,1956.93,60.0,SAR_below_price,0,0.000,
2020.12.21 11:47:00,CLOSE,308,SAR,1884.74,0.01,0.00,0.00,-10.8,sl,120,-1.055,PERIOD_H4
2020.12.21 12:15:00,OPEN,0,SAR,1869.16,0.00,1857.37,1939.92,60.0,SAR_below_price,0,0.000,
2020.12.23 14:11:35,CLOSE,310,SAR,1857.14,0.01,0.00,0.00,-13.4,sl,179795,-1.135,PERIOD_H4
2020.12.23 19:30:00,OPEN,0,SAR,1871.77,0.00,1884.70,1794.16,60.0,SAR_above_price,0,0.000,
2020.12.28 01:02:01,CLOSE,312,SAR,1887.23,0.01,0.00,0.00,-14.5,sl,365521,-1.117,PERIOD_H4
2020.12.28 04:30:00,OPEN,0,SAR,1897.33,0.00,1888.53,1950.10,60.0,SAR_below_price,0,0.000,
2020.12.28 07:41:15,CLOSE,314,SAR,1888.51,0.01,0.00,0.00,-8.8,sl,11475,-1.003,PERIOD_H4
2020.12.28 18:00:00,OPEN,0,SAR,1881.20,0.00,1870.88,1943.11,60.0,SAR_below_price,0,0.000,
2021.01.04 16:50:09,CLOSE,316,SAR,1943.13,0.01,0.00,0.00,57.2,tp,600609,5.538,PERIOD_H4
2021.01.04 17:45:00,OPEN,0,SAR,1940.27,0.00,1929.91,2002.44,60.0,SAR_below_price,0,0.000,
2021.01.06 14:44:37,CLOSE,318,SAR,1925.04,0.01,0.00,0.00,-16.6,sl,161977,-1.602,PERIOD_H4
2021.01.06 15:00:00,OPEN,0,SAR,1934.19,0.00,1923.50,1998.36,60.0,SAR_below_price,0,0.000,
2021.01.06 17:26:40,CLOSE,320,SAR,1923.42,0.01,0.00,0.00,-10.8,sl,8800,-1.007,PERIOD_H4
2021.01.07 17:45:01,OPEN,0,SAR,1914.56,0.00,1928.86,1828.76,60.0,SAR_above_price,0,0.000,
2021.01.08 20:25:47,CLOSE,322,SAR,1828.57,0.01,0.00,0.00,86.1,tp,96046,6.023,PERIOD_H4
2021.01.08 20:30:00,OPEN,0,SAR,1836.42,0.00,1855.69,1720.81,60.0,SAR_above_price,0,0.000,
2021.01.11 01:03:01,CLOSE,324,SAR,1855.75,0.01,0.00,0.00,-19.2,sl,189181,-0.996,PERIOD_H4
2021.01.11 03:30:00,OPEN,0,SAR,1820.75,0.00,1839.09,1710.71,60.0,SAR_above_price,0,0.000,
2021.01.11 07:38:00,CLOSE,326,SAR,1839.14,0.01,0.00,0.00,-18.4,sl,14880,-1.003,PERIOD_H4
2021.01.11 10:45:01,OPEN,0,SAR,1852.42,0.00,1870.76,1742.42,60.0,SAR_above_price,0,0.000,
2021.01.20 17:46:48,CLOSE,328,SAR,1870.77,0.01,0.00,0.00,-16.8,sl,802907,-0.915,PERIOD_H4
2021.01.20 18:00:00,OPEN,0,SAR,1866.98,0.00,1857.31,1925.06,60.0,SAR_below_price,0,0.000,
2021.01.22 08:18:37,CLOSE,330,SAR,1857.27,0.01,0.00,0.00,-12.2,sl,137917,-1.258,PERIOD_H4
2021.01.27 17:00:00,OPEN,0,SAR,1837.08,0.00,1845.91,1784.07,60.0,SAR_above_price,0,0.000,
2021.01.27 17:09:06,CLOSE,332,SAR,1845.93,0.01,0.00,0.00,-8.9,sl,546,-1.003,PERIOD_H4
2021.01.28 16:45:00,OPEN,0,SAR,1862.06,0.00,1871.89,1803.12,60.0,SAR_above_price,0,0.000,
2021.01.29 15:41:04,CLOSE,334,SAR,1871.95,0.01,0.00,0.00,-9.6,sl,82564,-0.978,PERIOD_H4
2021.01.29 16:00:00,OPEN,0,SAR,1872.26,0.00,1859.78,1947.11,60.0,SAR_below_price,0,0.000,
2021.01.29 16:42:02,CLOSE,336,SAR,1859.61,0.01,0.00,0.00,-12.6,sl,2522,-1.013,PERIOD_H4
2021.02.01 18:00:00,OPEN,0,SAR,1860.40,0.00,1845.76,1948.23,60.0,SAR_below_price,0,0.000,
2021.02.02 09:25:47,CLOSE,338,SAR,1845.62,0.01,0.00,0.00,-15.5,sl,55547,-1.057,PERIOD_H4
2021.02.02 16:45:00,OPEN,0,SAR,1835.51,0.00,1850.33,1746.57,60.0,SAR_above_price,0,0.000,
2021.02.10 15:32:13,CLOSE,340,SAR,1850.37,0.01,0.00,0.00,-13.1,sl,686833,-0.887,PERIOD_H4
2021.02.10 18:00:00,OPEN,0,SAR,1841.44,0.00,1831.61,1900.48,60.0,SAR_below_price,0,0.000,
2021.02.11 18:55:06,CLOSE,342,SAR,1831.57,0.01,0.00,0.00,-11.9,sl,89706,-1.212,PERIOD_H4
2021.02.16 16:45:00,OPEN,0,SAR,1795.94,0.00,1805.79,1736.90,60.0,SAR_above_price,0,0.000,
2021.02.16 17:14:38,CLOSE,344,SAR,1805.89,0.01,0.00,0.00,-9.9,sl,1778,-1.011,PERIOD_H4
2021.02.16 20:00:00,OPEN,0,SAR,1796.43,0.00,1807.66,1729.01,60.0,SAR_above_price,0,0.000,
2021.02.22 16:47:37,CLOSE,346,SAR,1807.70,0.01,0.00,0.00,-10.3,sl,506857,-0.912,PERIOD_H4
2021.02.23 18:30:00,OPEN,0,SAR,1805.10,0.00,1795.13,1864.94,60.0,SAR_below_price,0,0.000,
2021.02.24 15:46:28,CLOSE,348,SAR,1795.05,0.01,0.00,0.00,-10.5,sl,76588,-1.051,PERIOD_H4
2021.02.25 16:45:00,OPEN,0,SAR,1786.60,0.00,1798.30,1716.39,60.0,SAR_above_price,0,0.000,
2021.03.02 03:24:52,CLOSE,350,SAR,1716.38,0.01,0.00,0.00,70.7,tp,383992,6.041,PERIOD_H4
2021.03.02 04:15:00,OPEN,0,SAR,1714.90,0.00,1730.20,1623.05,60.0,SAR_above_price,0,0.000,
2021.03.02 12:42:08,CLOSE,352,SAR,1730.23,0.01,0.00,0.00,-15.3,sl,30428,-1.002,PERIOD_H4
2021.03.02 14:00:00,OPEN,0,SAR,1727.23,0.00,1742.52,1635.48,60.0,SAR_above_price,0,0.000,
2021.03.17 20:13:37,CLOSE,354,SAR,1743.04,0.01,0.00,0.00,-12.4,sl,1318417,-0.812,PERIOD_H4
2021.03.18 15:30:00,OPEN,0,SAR,1719.81,0.00,1709.95,1778.92,60.0,SAR_below_price,0,0.000,
2021.03.29 15:45:02,CLOSE,356,SAR,1709.76,0.01,0.00,0.00,-16.0,sl,951302,-1.622,PERIOD_H4
2021.03.29 17:30:00,OPEN,0,SAR,1711.53,0.00,1720.59,1657.14,60.0,SAR_above_price,0,0.000,
2021.04.01 15:00:15,CLOSE,358,SAR,1720.70,0.01,0.00,0.00,-8.4,sl,250215,-0.930,PERIOD_H4
2021.04.01 16:45:00,OPEN,0,SAR,1727.89,0.00,1717.82,1788.36,60.0,SAR_below_price,0,0.000,
2021.04.19 10:37:46,CLOSE,360,SAR,1788.41,0.01,0.00,0.00,49.6,tp,1533166,4.926,PERIOD_H4
2021.04.19 15:45:00,OPEN,0,SAR,1771.80,0.00,1762.87,1825.36,60.0,SAR_below_price,0,0.000,
2021.04.28 14:30:13,CLOSE,362,SAR,1762.77,0.01,0.00,0.00,-14.6,sl,773113,-1.639,PERIOD_H4
2021.05.04 17:30:00,OPEN,0,SAR,1784.69,0.00,1777.18,1829.78,60.0,SAR_below_price,0,0.000,
2021.05.04 17:48:33,CLOSE,364,SAR,1777.16,0.01,0.00,0.00,-7.5,sl,1113,-1.002,PERIOD_H4
2021.05.04 20:00:00,OPEN,0,SAR,1778.60,0.00,1769.52,1833.11,60.0,SAR_below_price,0,0.000,
2021.05.07 14:32:10,CLOSE,366,SAR,1833.20,0.01,0.00,0.00,51.5,tp,239530,5.666,PERIOD_H4
2021.05.07 15:15:00,OPEN,0,SAR,1833.27,0.00,1825.53,1879.67,60.0,SAR_below_price,0,0.000,
2021.05.07 15:35:48,CLOSE,368,SAR,1825.47,0.01,0.00,0.00,-7.8,sl,1248,-1.008,PERIOD_H4
2021.05.07 16:00:00,OPEN,0,SAR,1838.80,0.00,1829.61,1893.90,60.0,SAR_below_price,0,0.000,
2021.05.07 16:47:56,CLOSE,370,SAR,1829.56,0.01,0.00,0.00,-9.2,sl,2876,-1.006,PERIOD_H4
2021.05.10 17:00:00,OPEN,0,SAR,1839.70,0.00,1830.25,1896.42,60.0,SAR_below_price,0,0.000,
2021.05.11 14:57:12,CLOSE,372,SAR,1830.19,0.01,0.00,0.00,-10.2,sl,79032,-1.079,PERIOD_H4
2021.05.12 16:15:00,OPEN,0,SAR,1830.39,0.00,1821.41,1884.33,60.0,SAR_below_price,0,0.000,
2021.05.12 17:30:50,CLOSE,374,SAR,1821.39,0.01,0.00,0.00,-9.0,sl,4550,-1.003,PERIOD_H4
2021.05.19 16:00:00,OPEN,0,SAR,1889.22,0.00,1878.91,1951.09,60.0,SAR_below_price,0,0.000,
2021.05.19 16:24:02,CLOSE,376,SAR,1878.91,0.01,0.00,0.00,-10.3,sl,1442,-1.000,PERIOD_H4
2021.05.19 21:00:00,OPEN,0,SAR,1863.42,0.00,1852.72,1927.64,60.0,SAR_below_price,0,0.000,
2021.06.14 12:51:35,CLOSE,378,SAR,1852.72,0.01,0.00,0.00,-28.4,sl,2217095,-2.651,PERIOD_H4
2021.06.14 14:45:01,OPEN,0,SAR,1848.64,0.00,1858.01,1792.39,60.0,SAR_above_price,0,0.000,
2021.06.14 15:40:35,CLOSE,380,SAR,1858.03,0.01,0.00,0.00,-9.4,sl,3334,-1.002,PERIOD_H4
2021.06.14 16:00:00,OPEN,0,SAR,1864.37,0.00,1874.96,1800.80,60.0,SAR_above_price,0,0.000,
2021.06.17 12:27:56,CLOSE,382,SAR,1800.71,0.01,0.00,0.00,64.4,tp,246476,6.081,PERIOD_H4
2021.06.17 13:00:00,OPEN,0,SAR,1798.54,0.00,1810.56,1726.39,60.0,SAR_above_price,0,0.000,
2021.07.06 13:48:54,CLOSE,384,SAR,1810.62,0.01,0.00,0.00,-9.6,sl,1644534,-0.796,PERIOD_H4
2021.07.13 15:45:00,OPEN,0,SAR,1810.89,0.00,1803.14,1857.38,60.0,SAR_below_price,0,0.000,
2021.07.19 09:00:13,CLOSE,386,SAR,1803.07,0.01,0.00,0.00,-11.9,sl,494113,-1.535,PERIOD_H4
2021.07.19 16:45:00,OPEN,0,SAR,1814.22,0.00,1822.62,1763.82,60.0,SAR_above_price,0,0.000,
2021.07.20 14:39:33,CLOSE,388,SAR,1822.63,0.01,0.00,0.00,-8.3,sl,78873,-0.984,PERIOD_H4
2021.07.20 18:15:00,OPEN,0,SAR,1810.55,0.00,1801.59,1864.32,60.0,SAR_below_price,0,0.000,
2021.07.21 12:48:17,CLOSE,390,SAR,1801.36,0.01,0.00,0.00,-9.9,sl,66797,-1.101,PERIOD_H4
2021.07.23 15:00:00,OPEN,0,SAR,1803.02,0.00,1809.91,1761.70,60.0,SAR_above_price,0,0.000,
2021.07.26 09:24:54,CLOSE,392,SAR,1809.93,0.01,0.00,0.00,-6.8,sl,239094,-0.981,PERIOD_H4
2021.08.04 16:30:00,OPEN,0,SAR,1811.48,0.00,1805.42,1847.83,60.0,SAR_below_price,0,0.000,
2021.08.05 15:40:34,CLOSE,394,SAR,1805.42,0.01,0.00,0.00,-8.1,sl,83434,-1.336,PERIOD_H4
2021.08.09 01:03:26,OPEN,0,SAR,1704.84,0.00,1714.17,1648.84,60.0,SAR_above_price,0,0.000,
2021.08.09 01:40:55,CLOSE,396,SAR,1714.27,0.01,0.00,0.00,-9.4,sl,2249,-1.011,PERIOD_H4
2021.08.09 16:15:00,OPEN,0,SAR,1736.65,0.00,1753.14,1637.72,60.0,SAR_above_price,0,0.000,
2021.08.11 19:02:16,CLOSE,398,SAR,1753.14,0.01,0.00,0.00,-16.2,sl,182836,-0.982,PERIOD_H4
2021.08.13 17:30:00,OPEN,0,SAR,1775.14,0.00,1768.14,1817.17,60.0,SAR_below_price,0,0.000,
2021.08.27 19:01:35,CLOSE,400,SAR,1817.22,0.01,0.00,0.00,32.6,tp,1215095,4.650,PERIOD_H4
2021.08.31 15:45:00,OPEN,0,SAR,1814.28,0.00,1805.99,1863.97,60.0,SAR_below_price,0,0.000,
2021.08.31 16:57:52,CLOSE,402,SAR,1805.99,0.01,0.00,0.00,-8.3,sl,4372,-1.001,PERIOD_H4
2021.09.03 16:45:00,OPEN,0,SAR,1830.29,0.00,1824.08,1867.58,60.0,SAR_below_price,0,0.000,
2021.09.06 10:31:39,CLOSE,404,SAR,1824.05,0.01,0.00,0.00,-6.9,sl,236799,-1.114,PERIOD_H4
2021.09.08 16:30:00,OPEN,0,SAR,1785.15,0.00,1792.64,1740.18,60.0,SAR_above_price,0,0.000,
2021.09.08 17:06:25,CLOSE,406,SAR,1792.70,0.01,0.00,0.00,-7.5,sl,2185,-1.008,PERIOD_H4
2021.09.09 17:00:00,OPEN,0,SAR,1788.99,0.00,1797.68,1736.86,60.0,SAR_above_price,0,0.000,
2021.09.09 19:11:37,CLOSE,408,SAR,1797.71,0.01,0.00,0.00,-8.7,sl,7897,-1.003,PERIOD_H4
2021.09.13 18:00:00,OPEN,0,SAR,1795.35,0.00,1803.55,1746.18,60.0,SAR_above_price,0,0.000,
2021.09.14 16:37:56,CLOSE,410,SAR,1803.67,0.01,0.00,0.00,-8.2,sl,81476,-0.997,PERIOD_H4
2021.09.15 17:00:00,OPEN,0,SAR,1794.17,0.00,1786.71,1838.89,60.0,SAR_below_price,0,0.000,
2021.09.16 07:45:55,CLOSE,412,SAR,1786.64,0.01,0.00,0.00,-9.6,sl,53155,-1.282,PERIOD_H4
2021.09.16 15:15:00,OPEN,0,SAR,1759.92,0.00,1767.73,1713.06,60.0,SAR_above_price,0,0.000,
2021.09.21 12:13:41,CLOSE,414,SAR,1767.86,0.01,0.00,0.00,-7.4,sl,421121,-0.946,PERIOD_H4
2021.09.22 20:45:00,OPEN,0,SAR,1770.05,0.00,1763.54,1809.13,60.0,SAR_below_price,0,0.000,
2021.09.23 03:00:07,CLOSE,416,SAR,1762.66,0.01,0.00,0.00,-9.4,sl,22507,-1.448,PERIOD_H4
2021.09.23 16:30:00,OPEN,0,SAR,1754.31,0.00,1764.13,1695.41,60.0,SAR_above_price,0,0.000,
2021.09.30 17:17:39,CLOSE,418,SAR,1764.15,0.01,0.00,0.00,-8.8,sl,607659,-0.895,PERIOD_H4
2021.09.30 17:30:00,OPEN,0,SAR,1760.95,0.00,1769.76,1708.06,60.0,SAR_above_price,0,0.000,
2021.10.04 16:46:24,CLOSE,420,SAR,1769.80,0.01,0.00,0.00,-8.4,sl,342984,-0.956,PERIOD_H4
2021.10.04 17:00:00,OPEN,0,SAR,1766.67,0.00,1757.25,1823.20,60.0,SAR_below_price,0,0.000,
2021.10.05 07:46:24,CLOSE,422,SAR,1756.91,0.01,0.00,0.00,-10.4,sl,53184,-1.109,PERIOD_H4
2021.10.05 17:45:00,OPEN,0,SAR,1759.77,0.00,1751.05,1812.13,60.0,SAR_below_price,0,0.000,
2021.10.06 07:53:25,CLOSE,424,SAR,1751.05,0.01,0.00,0.00,-9.4,sl,50905,-1.078,PERIOD_H4
2021.10.07 18:00:00,OPEN,0,SAR,1758.64,0.00,1750.64,1806.63,60.0,SAR_below_price,0,0.000,
2021.10.11 14:55:36,CLOSE,426,SAR,1750.60,0.01,0.00,0.00,-9.4,sl,334536,-1.175,PERIOD_H4
2021.10.13 15:30:00,OPEN,0,SAR,1768.34,0.00,1761.84,1807.33,60.0,SAR_below_price,0,0.000,
2021.10.18 08:12:26,CLOSE,428,SAR,1761.81,0.01,0.00,0.00,-10.4,sl,405746,-1.606,PERIOD_H4
2021.10.18 15:45:00,OPEN,0,SAR,1765.68,0.00,1772.75,1723.24,60.0,SAR_above_price,0,0.000,
2021.10.19 03:50:11,CLOSE,430,SAR,1773.00,0.01,0.00,0.00,-7.2,sl,43511,-1.014,PERIOD_H4
2021.10.20 15:45:01,OPEN,0,SAR,1780.20,0.00,1773.08,1822.91,60.0,SAR_below_price,0,0.000,
2021.10.29 15:45:27,CLOSE,432,SAR,1773.05,0.01,0.00,0.00,-15.1,sl,777626,-2.126,PERIOD_H4
2021.10.29 16:00:00,OPEN,0,SAR,1773.94,0.00,1783.50,1716.62,60.0,SAR_above_price,0,0.000,
2021.10.29 19:31:43,CLOSE,434,SAR,1783.50,0.01,0.00,0.00,-9.6,sl,12703,-1.000,PERIOD_H4
2021.11.01 19:00:00,OPEN,0,SAR,1791.86,0.00,1800.73,1738.63,60.0,SAR_above_price,0,0.000,
2021.11.05 15:27:08,CLOSE,436,SAR,1800.79,0.01,0.00,0.00,-8.0,sl,332828,-0.905,PERIOD_H4
2021.11.05 15:30:00,OPEN,0,SAR,1802.09,0.00,1793.53,1853.49,60.0,SAR_below_price,0,0.000,
2021.11.10 16:01:31,CLOSE,438,SAR,1853.52,0.01,0.00,0.00,48.9,tp,433891,5.708,PERIOD_H4
2021.11.10 16:15:00,OPEN,0,SAR,1853.63,0.00,1845.45,1902.70,60.0,SAR_below_price,0,0.000,
2021.11.10 20:05:00,CLOSE,440,SAR,1845.35,0.01,0.00,0.00,-8.3,sl,13800,-1.012,PERIOD_H4
2021.11.10 22:45:00,OPEN,0,SAR,1849.05,0.00,1840.07,1902.95,60.0,SAR_below_price,0,0.000,
2021.11.22 01:02:42,CLOSE,442,SAR,1840.06,0.01,0.00,0.00,-18.2,sl,958662,-2.023,PERIOD_H4
2021.11.22 16:30:00,OPEN,0,SAR,1817.73,0.00,1826.25,1766.61,60.0,SAR_above_price,0,0.000,
2021.12.02 16:51:01,CLOSE,444,SAR,1766.51,0.01,0.00,0.00,53.3,tp,865261,6.259,PERIOD_H4
2021.12.02 17:30:00,OPEN,0,SAR,1767.98,0.00,1779.50,1698.88,60.0,SAR_above_price,0,0.000,
2021.12.03 18:56:01,CLOSE,446,SAR,1779.52,0.01,0.00,0.00,-11.4,sl,91561,-0.989,PERIOD_H4
2021.12.03 19:00:00,OPEN,0,SAR,1780.70,0.00,1789.95,1725.22,60.0,SAR_above_price,0,0.000,
2021.12.08 04:20:22,CLOSE,448,SAR,1789.95,0.01,0.00,0.00,-8.7,sl,379222,-0.937,PERIOD_H4
2021.12.10 18:15:02,OPEN,0,SAR,1784.71,0.00,1791.51,1743.89,60.0,SAR_above_price,0,0.000,
2021.12.13 14:51:59,CLOSE,450,SAR,1791.75,0.01,0.00,0.00,-6.9,sl,247017,-1.013,PERIOD_H4
2021.12.14 17:30:00,OPEN,0,SAR,1771.70,0.00,1778.78,1729.18,60.0,SAR_above_price,0,0.000,
2021.12.15 22:29:49,CLOSE,452,SAR,1778.79,0.01,0.00,0.00,-6.9,sl,104389,-0.980,PERIOD_H4
2021.12.15 22:45:00,OPEN,0,SAR,1777.60,0.00,1784.11,1738.50,60.0,SAR_above_price,0,0.000,
2021.12.16 04:14:16,CLOSE,454,SAR,1784.11,0.01,0.00,0.00,-6.1,sl,19756,-0.932,PERIOD_H4
2021.12.16 19:00:00,OPEN,0,SAR,1798.87,0.00,1790.82,1847.13,60.0,SAR_below_price,0,0.000,
2021.12.20 21:53:05,CLOSE,456,SAR,1790.79,0.01,0.00,0.00,-9.4,sl,355985,-1.173,PERIOD_H4
2021.12.28 18:45:00,OPEN,0,SAR,1809.67,0.00,1804.49,1840.75,60.0,SAR_below_price,0,0.000,
2021.12.29 02:12:14,CLOSE,458,SAR,1804.49,0.01,0.00,0.00,-5.9,sl,26834,-1.132,PERIOD_H4
2022.01.04 17:45:00,OPEN,0,SAR,1816.62,0.00,1824.41,1769.88,60.0,SAR_above_price,0,0.000,
2022.01.05 15:34:02,CLOSE,460,SAR,1824.51,0.01,0.00,0.00,-7.6,sl,78542,-0.977,PERIOD_H4
2022.01.06 18:30:00,OPEN,0,SAR,1791.00,0.00,1799.71,1738.75,60.0,SAR_above_price,0,0.000,
2022.01.10 12:11:02,CLOSE,462,SAR,1799.71,0.01,0.00,0.00,-8.4,sl,322862,-0.965,PERIOD_H4
2022.01.12 18:15:00,OPEN,0,SAR,1821.91,0.00,1815.04,1863.13,60.0,SAR_below_price,0,0.000,
2022.01.13 17:51:44,CLOSE,464,SAR,1814.77,0.01,0.00,0.00,-9.2,sl,85004,-1.336,PERIOD_H4
2022.01.18 17:30:00,OPEN,0,SAR,1816.33,0.00,1823.05,1776.02,60.0,SAR_above_price,0,0.000,
2022.01.19 15:26:41,CLOSE,466,SAR,1823.41,0.01,0.00,0.00,-6.9,sl,79001,-1.031,PERIOD_H4
2022.01.19 20:00:00,OPEN,0,SAR,1840.49,0.00,1833.12,1884.74,60.0,SAR_below_price,0,0.000,
2022.01.21 10:17:20,CLOSE,468,SAR,1832.94,0.01,0.00,0.00,-10.3,sl,137840,-1.393,PERIOD_H4
2022.01.25 20:15:00,OPEN,0,SAR,1851.41,0.00,1843.64,1897.99,60.0,SAR_below_price,0,0.000,
2022.01.26 13:53:33,CLOSE,470,SAR,1843.41,0.01,0.00,0.00,-8.7,sl,63513,-1.118,PERIOD_H4
2022.01.26 17:30:00,OPEN,0,SAR,1836.24,0.00,1829.63,1875.92,60.0,SAR_below_price,0,0.000,
2022.01.26 19:12:55,CLOSE,472,SAR,1829.61,0.01,0.00,0.00,-6.6,sl,6175,-1.003,PERIOD_H4
2022.01.27 01:15:03,OPEN,0,SAR,1819.88,0.00,1827.75,1772.72,60.0,SAR_above_price,0,0.000,
