close_time_srv,tf,canonical_tf,mutated,pre_sm2,pre_sm2Abs,pre_signal,pre_bars_seen,post_sm2,post_sm2Abs,post_signal,post_bars_seen,tsi,signal_line,signal_dir,would_be_kept_by_router
2026.01.02 00:00:00,PERIOD_D1,PERIOD_D1,1,0.000000,0.000000,0.000000,0,-0.183956,0.183956,-25.000000,1,0.000000,0.000000,WARMUP,1
2026.01.05 00:00:00,PERIOD_D1,PERIOD_D1,1,-0.183956,0.183956,-25.000000,1,-0.219790,0.435174,-31.376537,2,0.000000,0.000000,WARMUP,1
2026.01.06 00:00:00,PERIOD_D1,PERIOD_D1,1,-0.219790,0.435174,-31.376537,2,1.043614,1.918499,-9.933049,3,0.000000,0.000000,WARMUP,1
2026.01.07 00:00:00,PERIOD_D1,PERIOD_D1,1,1.043614,1.918499,-9.933049,3,2.534729,3.574003,10.280533,4,0.000000,0.000000,WARMUP,1
2026.01.08 00:00:00,PERIOD_D1,PERIOD_D1,1,2.534729,3.574003,10.280533,4,3.265889,5.265347,23.216921,5,0.000000,0.000000,WARMUP,1
2026.01.09 00:00:00,PERIOD_D1,PERIOD_D1,1,3.265889,5.265347,23.216921,5,4.038280,6.775473,32.313054,6,0.000000,0.000000,WARMUP,1
2026.01.12 00:00:00,PERIOD_D1,PERIOD_D1,1,4.038280,6.775473,32.313054,6,4.954477,8.245292,39.256930,7,0.000000,0.000000,WARMUP,1
2026.01.13 00:00:00,PERIOD_D1,PERIOD_D1,1,4.954477,8.245292,39.256930,7,6.595375,10.288058,45.469470,8,0.000000,0.000000,WARMUP,1
2026.01.14 00:00:00,PERIOD_D1,PERIOD_D1,1,6.595375,10.288058,45.469470,8,7.699872,11.912576,50.261228,9,0.000000,0.000000,WARMUP,1
2026.01.15 00:00:00,PERIOD_D1,PERIOD_D1,1,7.699872,11.912576,50.261228,9,8.929915,13.507770,54.223289,10,0.000000,0.000000,WARMUP,1
2026.01.16 00:00:00,PERIOD_D1,PERIOD_D1,1,8.929915,13.507770,54.223289,10,9.687863,14.738608,57.100266,11,0.000000,0.000000,WARMUP,1
2026.01.19 00:00:00,PERIOD_D1,PERIOD_D1,1,9.687863,14.738608,57.100266,11,9.969339,15.762253,58.637246,12,0.000000,0.000000,WARMUP,1
2026.01.20 00:00:00,PERIOD_D1,PERIOD_D1,1,9.969339,15.762253,58.637246,12,10.889965,17.206431,59.800456,13,0.000000,0.000000,WARMUP,1
2026.01.21 00:00:00,PERIOD_D1,PERIOD_D1,1,10.889965,17.206431,59.800456,13,12.525845,19.187138,61.170969,14,0.000000,0.000000,WARMUP,1
2026.01.22 00:00:00,PERIOD_D1,PERIOD_D1,1,12.525845,19.187138,61.170969,14,14.426477,21.287400,62.820735,15,0.000000,0.000000,WARMUP,1
2026.01.23 00:00:00,PERIOD_D1,PERIOD_D1,1,14.426477,21.287400,62.820735,15,16.926467,23.869943,64.843355,16,0.000000,0.000000,WARMUP,1
2026.01.26 00:00:00,PERIOD_D1,PERIOD_D1,1,16.926467,23.869943,64.843355,16,19.286827,26.219318,67.022417,17,0.000000,0.000000,WARMUP,1
2026.01.27 00:00:00,PERIOD_D1,PERIOD_D1,1,19.286827,26.219318,67.022417,17,21.163520,28.011139,69.155299,18,0.000000,0.000000,WARMUP,1
2026.01.28 00:00:00,PERIOD_D1,PERIOD_D1,1,21.163520,28.011139,69.155299,18,24.316030,31.021249,71.462744,19,0.000000,0.000000,WARMUP,1
2026.01.29 00:00:00,PERIOD_D1,PERIOD_D1,1,24.316030,31.021249,71.462744,19,29.143994,35.662860,74.027271,20,0.000000,0.000000,WARMUP,1
2026.01.30 00:00:00,PERIOD_D1,PERIOD_D1,1,29.143994,35.662860,74.027271,20,32.128053,39.459049,75.875767,21,0.000000,0.000000,WARMUP,1
2026.02.02 00:00:00,PERIOD_D1,PERIOD_D1,1,32.128053,39.459049,75.875767,21,28.856671,47.308352,72.156073,22,0.000000,0.000000,WARMUP,1
2026.02.03 00:00:00,PERIOD_D1,PERIOD_D1,1,28.856671,47.308352,72.156073,22,23.427921,55.522213,64.665950,23,0.000000,0.000000,WARMUP,1
2026.02.04 00:00:00,PERIOD_D1,PERIOD_D1,1,23.427921,55.522213,64.665950,23,22.019923,64.555684,57.026954,24,0.000000,0.000000,WARMUP,1
2026.02.05 00:00:00,PERIOD_D1,PERIOD_D1,1,22.019923,64.555684,57.026954,24,20.860188,71.189906,50.095759,25,0.000000,0.000000,WARMUP,1
2026.02.06 00:00:00,PERIOD_D1,PERIOD_D1,1,20.860188,71.189906,50.095759,25,17.678198,77.691819,43.260384,26,0.000000,0.000000,WARMUP,1
2026.02.09 00:00:00,PERIOD_D1,PERIOD_D1,1,17.678198,77.691819,43.260384,26,17.030160,84.046280,37.510997,27,0.000000,0.000000,WARMUP,1
2026.02.10 00:00:00,PERIOD_D1,PERIOD_D1,1,17.030160,84.046280,37.510997,27,17.330832,89.150949,32.993216,28,0.000000,0.000000,WARMUP,1
2026.02.11 00:00:00,PERIOD_D1,PERIOD_D1,1,17.330832,89.150949,32.993216,28,17.013442,92.574963,29.339416,29,0.000000,0.000000,WARMUP,1
2026.02.12 00:00:00,PERIOD_D1,PERIOD_D1,1,17.013442,92.574963,29.339416,29,17.224151,94.915556,26.541266,30,0.000000,0.000000,WARMUP,1
2026.02.13 00:00:00,PERIOD_D1,PERIOD_D1,1,17.224151,94.915556,26.541266,30,15.413017,97.512998,23.857478,31,0.000000,0.000000,WARMUP,1
2026.02.16 00:00:00,PERIOD_D1,PERIOD_D1,1,15.413017,97.512998,23.857478,31,15.133626,99.819512,21.683356,32,0.000000,0.000000,WARMUP,1
2026.02.17 00:00:00,PERIOD_D1,PERIOD_D1,1,15.133626,99.819512,21.683356,32,14.194177,101.099616,19.772466,33,0.000000,0.000000,WARMUP,1
2026.02.18 00:00:00,PERIOD_D1,PERIOD_D1,1,14.194177,101.099616,19.772466,33,12.036436,102.259923,17.771958,34,0.000000,0.000000,WARMUP,1
2026.02.19 00:00:00,PERIOD_D1,PERIOD_D1,1,12.036436,102.259923,17.771958,34,11.295295,103.152584,16.066489,35,0.000000,0.000000,WARMUP,1
2026.02.20 00:00:00,PERIOD_D1,PERIOD_D1,1,11.295295,103.152584,16.066489,35,10.792576,102.933123,14.671126,36,0.000000,0.000000,WARMUP,1
2026.02.23 00:00:00,PERIOD_D1,PERIOD_D1,1,10.792576,102.933123,14.671126,36,11.476990,102.829119,13.793651,37,0.000000,0.000000,WARMUP,1
2026.02.24 00:00:00,PERIOD_D1,PERIOD_D1,1,11.476990,102.829119,13.793651,37,13.236999,102.961455,13.559305,38,0.000000,0.000000,WARMUP,1
2026.02.25 00:00:00,PERIOD_D1,PERIOD_D1,1,13.236999,102.961455,13.559305,38,13.562973,102.855815,13.466077,39,0.000000,0.000000,WARMUP,1
2026.02.26 00:00:00,PERIOD_D1,PERIOD_D1,1,13.562973,102.855815,13.466077,39,13.901073,101.871179,13.510992,40,0.000000,0.000000,WARMUP,1
2026.02.27 00:00:00,PERIOD_D1,PERIOD_D1,1,13.901073,101.871179,13.510992,40,14.239559,100.196399,13.686156,41,0.000000,0.000000,WARMUP,1
2026.03.02 00:00:00,PERIOD_D1,PERIOD_D1,1,14.239559,100.196399,13.686156,41,15.378585,98.797931,14.156041,42,0.000000,0.000000,WARMUP,1
2026.03.03 00:00:00,PERIOD_D1,PERIOD_D1,1,15.378585,98.797931,14.156041,42,16.585522,97.080485,14.888106,43,0.000000,0.000000,WARMUP,1
2026.03.04 00:00:00,PERIOD_D1,PERIOD_D1,1,16.585522,97.080485,14.888106,43,14.792160,97.220852,14.969831,44,0.000000,0.000000,WARMUP,1
2026.03.05 00:00:00,PERIOD_D1,PERIOD_D1,1,14.792160,97.220852,14.969831,44,13.792442,96.845309,14.787805,45,0.000000,0.000000,WARMUP,1
2026.03.06 00:00:00,PERIOD_D1,PERIOD_D1,1,13.792442,96.845309,14.787805,45,12.186815,96.147018,14.259650,46,0.000000,0.000000,WARMUP,1
2026.03.09 00:00:00,PERIOD_D1,PERIOD_D1,1,12.186815,96.147018,14.259650,46,11.797232,95.552689,13.781315,47,0.000000,0.000000,WARMUP,1
2026.03.10 00:00:00,PERIOD_D1,PERIOD_D1,1,11.797232,95.552689,13.781315,47,10.957044,94.434729,13.236679,48,0.000000,0.000000,WARMUP,1
2026.03.11 00:00:00,PERIOD_D1,PERIOD_D1,1,10.957044,94.434729,13.236679,48,10.788575,93.129149,12.823642,49,0.000000,0.000000,WARMUP,1
2026.03.12 00:00:00,PERIOD_D1,PERIOD_D1,1,10.788575,93.129149,12.823642,49,10.352440,91.257050,12.453797,50,0.000000,0.000000,WARMUP,1
2026.03.13 00:00:00,PERIOD_D1,PERIOD_D1,1,10.352440,91.257050,12.453797,50,8.827999,89.838609,11.796975,51,0.000000,0.000000,WARMUP,1
2026.03.16 00:00:00,PERIOD_D1,PERIOD_D1,1,8.827999,89.838609,11.796975,51,6.879671,88.374253,10.793907,52,0.000000,0.000000,WARMUP,1
2026.03.17 00:00:00,PERIOD_D1,PERIOD_D1,1,6.879671,88.374253,10.793907,52,5.107922,86.399112,9.573432,53,0.000000,0.000000,WARMUP,1
2026.03.18 00:00:00,PERIOD_D1,PERIOD_D1,1,5.107922,86.399112,9.573432,53,3.641835,83.895054,8.265309,54,0.000000,0.000000,WARMUP,1
2026.03.19 00:00:00,PERIOD_D1,PERIOD_D1,1,3.641835,83.895054,8.265309,54,0.389856,83.043875,6.316346,55,0.000000,0.000000,WARMUP,1
2026.03.20 00:00:00,PERIOD_D1,PERIOD_D1,1,0.389856,83.043875,6.316346,55,-4.038961,83.309384,3.525223,56,0.000000,0.000000,WARMUP,1
2026.03.23 00:00:00,PERIOD_D1,PERIOD_D1,1,-4.038961,83.309384,3.525223,56,-9.177817,84.283089,-0.078402,57,0.000000,0.000000,WARMUP,1
2026.03.24 00:00:00,PERIOD_D1,PERIOD_D1,1,-9.177817,84.283089,-0.078402,57,-14.140012,85.124449,-4.211548,58,0.000000,0.000000,WARMUP,1
2026.03.25 00:00:00,PERIOD_D1,PERIOD_D1,1,-14.140012,85.124449,-4.211548,58,-17.167354,85.598113,-8.172602,59,0.000000,0.000000,WARMUP,1
2026.03.26 00:00:00,PERIOD_D1,PERIOD_D1,1,-17.167354,85.598113,-8.172602,59,-19.022202,85.384000,-11.699055,60,0.000000,0.000000,WARMUP,1
2026.03.27 00:00:00,PERIOD_D1,PERIOD_D1,1,-19.022202,85.384000,-11.699055,60,-21.690960,85.686526,-15.102871,61,0.000000,0.000000,WARMUP,1
2026.03.30 00:00:00,PERIOD_D1,PERIOD_D1,1,-21.690960,85.686526,-15.102871,61,-22.277108,86.271310,-17.782691,62,0.000000,0.000000,WARMUP,1
2026.03.31 00:00:00,PERIOD_D1,PERIOD_D1,1,-22.277108,86.271310,-17.782691,62,-22.322884,85.959147,-19.829313,63,0.000000,0.000000,WARMUP,1
2026.04.01 00:00:00,PERIOD_D1,PERIOD_D1,1,-22.322884,85.959147,-19.829313,63,-20.396873,86.484478,-20.768093,64,0.000000,0.000000,WARMUP,1
2026.04.02 00:00:00,PERIOD_D1,PERIOD_D1,1,-20.396873,86.484478,-20.768093,64,-17.649624,86.948976,-20.650777,65,0.000000,0.000000,WARMUP,1
2026.04.06 00:00:00,PERIOD_D1,PERIOD_D1,1,-17.649624,86.948976,-20.650777,65,-16.184112,87.263095,-20.124668,66,0.000000,0.000000,WARMUP,1
2026.04.07 00:00:00,PERIOD_D1,PERIOD_D1,1,-16.184112,87.263095,-20.124668,66,-15.128388,86.834343,-19.449032,67,0.000000,0.000000,WARMUP,1
2026.04.08 00:00:00,PERIOD_D1,PERIOD_D1,1,-15.128388,86.834343,-19.449032,67,-13.520579,86.147150,-18.510462,68,0.000000,0.000000,WARMUP,1
2026.04.09 00:00:00,PERIOD_D1,PERIOD_D1,1,-13.520579,86.147150,-18.510462,68,-11.949889,84.806766,-17.405528,69,0.000000,0.000000,WARMUP,1
2026.04.10 00:00:00,PERIOD_D1,PERIOD_D1,1,-11.949889,84.806766,-17.405528,69,-10.066487,83.323640,-16.074443,70,0.000000,0.000000,WARMUP,1
2026.04.13 00:00:00,PERIOD_D1,PERIOD_D1,1,-10.066487,83.323640,-16.074443,70,-8.644494,81.413324,-14.710341,71,0.000000,0.000000,WARMUP,1
2026.04.14 00:00:00,PERIOD_D1,PERIOD_D1,1,-8.644494,81.413324,-14.710341,71,-7.525175,79.107983,-13.410889,72,0.000000,0.000000,WARMUP,1
2026.04.15 00:00:00,PERIOD_D1,PERIOD_D1,1,-7.525175,79.107983,-13.410889,72,-5.441591,77.529933,-11.812841,73,0.000000,0.000000,WARMUP,1
2026.04.16 00:00:00,PERIOD_D1,PERIOD_D1,1,-5.441591,77.529933,-11.812841,73,-4.293353,75.989499,-10.272113,74,0.000000,0.000000,WARMUP,1
2026.04.17 00:00:00,PERIOD_D1,PERIOD_D1,1,-4.293353,75.989499,-10.272113,74,-3.337567,73.935754,-8.832621,75,-4.514145,-8.832621,NONE,1
2026.04.20 00:00:00,PERIOD_D1,PERIOD_D1,1,-3.337567,73.935754,-8.832621,75,-2.079720,71.963277,-7.346959,76,-2.889974,-7.346959,NONE,1
2026.04.21 00:00:00,PERIOD_D1,PERIOD_D1,1,-2.079720,71.963277,-7.346959,76,-1.197580,69.747765,-5.939473,77,-1.717015,-5.939473,NONE,1
2026.04.22 00:00:00,PERIOD_D1,PERIOD_D1,1,-1.197580,69.747765,-5.939473,77,-1.592287,68.334198,-5.037142,78,-2.330146,-5.037142,NONE,1
2026.04.23 00:00:00,PERIOD_D1,PERIOD_D1,1,-1.592287,68.334198,-5.037142,78,-1.666426,66.685505,-4.402589,79,-2.498932,-4.402589,NONE,1
2026.04.24 00:00:00,PERIOD_D1,PERIOD_D1,1,-1.666426,66.685505,-4.402589,79,-2.208531,65.149995,-4.149421,80,-3.389917,-4.149421,NONE,1
2026.04.27 00:00:00,PERIOD_D1,PERIOD_D1,1,-2.208531,65.149995,-4.149421,80,-2.461751,63.370581,-4.083238,81,-3.884690,-4.083238,NONE,1
2026.04.28 00:00:00,PERIOD_D1,PERIOD_D1,1,-2.461751,63.370581,-4.083238,81,-2.925268,61.556532,-4.250470,82,-4.752166,-4.250470,SELL,1
2026.04.29 00:00:00,PERIOD_D1,PERIOD_D1,1,-2.925268,61.556532,-4.250470,82,-4.191071,60.376005,-4.923257,83,-6.941616,-4.923257,NONE,1
2026.04.30 00:00:00,PERIOD_D1,PERIOD_D1,1,-4.191071,60.376005,-4.923257,83,-5.734770,59.366730,-6.107419,84,-9.659906,-6.107419,NONE,1
2026.05.01 00:00:00,PERIOD_D1,PERIOD_D1,1,-5.734770,59.366730,-6.107419,84,-6.033689,58.775252,-7.146989,85,-10.265697,-7.146989,NONE,1
2026.05.04 00:00:00,PERIOD_D1,PERIOD_D1,1,-6.033689,58.775252,-7.146989,85,-6.292464,57.749959,-8.084254,86,-10.896049,-8.084254,NONE,1
2026.05.05 00:00:00,PERIOD_D1,PERIOD_D1,1,-6.292464,57.749959,-8.084254,86,-7.416192,57.292255,-9.299314,87,-12.944494,-9.299314,NONE,1
2026.05.06 00:00:00,PERIOD_D1,PERIOD_D1,1,-7.416192,57.292255,-9.299314,87,-7.853250,56.671079,-10.438885,88,-13.857597,-10.438885,NONE,1
2026.05.07 00:00:00,PERIOD_D1,PERIOD_D1,1,-7.853250,56.671079,-10.438885,88,-6.645941,57.023654,-10.742841,89,-11.654710,-10.742841,NONE,1
2026.05.08 00:00:00,PERIOD_D1,PERIOD_D1,1,-6.645941,57.023654,-10.742841,89,-5.659654,56.717959,-10.551779,90,-9.978592,-10.551779,BUY,1
2026.05.11 00:00:00,PERIOD_D1,PERIOD_D1,1,-5.659654,56.717959,-10.551779,90,-4.510507,56.159409,-9.921737,91,-8.031614,-9.921737,NONE,1
2026.05.12 00:00:00,PERIOD_D1,PERIOD_D1,1,-4.510507,56.159409,-9.921737,91,-3.335242,55.316827,-8.948639,92,-6.029345,-8.948639,NONE,1
2026.05.13 00:00:00,PERIOD_D1,PERIOD_D1,1,-3.335242,55.316827,-8.948639,92,-2.583657,54.257236,-7.901946,93,-4.761866,-7.901946,NONE,1
2026.05.14 00:00:00,PERIOD_D1,PERIOD_D1,1,-2.583657,54.257236,-7.901946,93,-2.250714,53.112755,-6.985863,94,-4.237614,-6.985863,NONE,1
2026.05.15 00:00:00,PERIOD_D1,PERIOD_D1,1,-2.250714,53.112755,-6.985863,94,-2.363103,52.024125,-6.374978,95,-4.542321,-6.374978,NONE,1
2026.05.18 00:00:00,PERIOD_D1,PERIOD_D1,1,-2.363103,52.024125,-6.374978,95,-3.663860,51.828899,-6.548519,96,-7.069144,-6.548519,SELL,1
2026.05.19 00:00:00,PERIOD_D1,PERIOD_D1,1,-3.663860,51.828899,-6.548519,96,-4.362548,51.395107,-7.033453,97,-8.488256,-7.033453,NONE,1
2026.05.20 00:00:00,PERIOD_D1,PERIOD_D1,1,-4.362548,51.395107,-7.033453,97,-5.791482,51.411171,-8.091347,98,-11.265027,-8.091347,NONE,1
2026.05.21 00:00:00,PERIOD_D1,PERIOD_D1,1,-5.791482,51.411171,-8.091347,98,-6.181392,51.535955,-9.067092,99,-11.994329,-9.067092,NONE,1
2026.05.22 00:00:00,PERIOD_D1,PERIOD_D1,1,-6.181392,51.535955,-9.067092,99,-6.427349,51.073742,-9.946432,100,-12.584450,-9.946432,NONE,1
2026.05.25 00:00:00,PERIOD_D1,PERIOD_D1,1,-6.427349,51.073742,-9.946432,100,-6.943740,50.539202,-10.894653,101,-13.739315,-10.894653,NONE,1
2026.05.26 00:00:00,PERIOD_D1,PERIOD_D1,1,-6.943740,50.539202,-10.894653,101,-6.613481,50.223421,-11.463020,102,-13.168121,-11.463020,NONE,1
2026.05.27 00:00:00,PERIOD_D1,PERIOD_D1,1,-6.613481,50.223421,-11.463020,102,-6.942029,50.084194,-12.062444,103,-13.860718,-12.062444,NONE,1
2026.05.28 00:00:00,PERIOD_D1,PERIOD_D1,1,-6.942029,50.084194,-12.062444,103,-7.687891,49.985859,-12.891866,104,-15.380131,-12.891866,NONE,1
2026.05.29 00:00:00,PERIOD_D1,PERIOD_D1,1,-7.687891,49.985859,-12.891866,104,-7.760354,49.791946,-13.565290,105,-15.585560,-13.565290,NONE,1
2026.06.01 00:00:00,PERIOD_D1,PERIOD_D1,1,-7.760354,49.791946,-13.565290,105,-7.241310,49.582456,-13.825112,106,-14.604581,-13.825112,NONE,1
2026.06.02 00:00:00,PERIOD_D1,PERIOD_D1,1,-7.241310,49.582456,-13.825112,106,-7.362381,49.483162,-14.088474,107,-14.878559,-14.088474,NONE,1
2026.06.03 00:00:00,PERIOD_D1,PERIOD_D1,1,-7.362381,49.483162,-14.088474,107,-7.342983,48.895114,-14.320812,108,-15.017826,-14.320812,NONE,1
2026.06.04 00:00:00,PERIOD_D1,PERIOD_D1,1,-7.342983,48.895114,-14.320812,108,-7.835405,48.480998,-14.781061,109,-16.161806,-14.781061,NONE,1
2026.06.05 00:00:00,PERIOD_D1,PERIOD_D1,1,-7.835405,48.480998,-14.781061,109,-7.688470,48.071027,-15.084290,110,-15.993979,-15.084290,NONE,1
2026.06.08 00:00:00,PERIOD_D1,PERIOD_D1,1,-7.688470,48.071027,-15.084290,110,-9.098605,48.829281,-15.971593,111,-18.633501,-15.971593,NONE,1
2026.06.09 00:00:00,PERIOD_D1,PERIOD_D1,1,-9.098605,48.829281,-15.971593,111,-10.101364,48.905599,-17.142400,112,-20.654820,-17.142400,NONE,1
2026.06.10 00:00:00,PERIOD_D1,PERIOD_D1,1,-10.101364,48.905599,-17.142400,112,-11.558477,49.203284,-18.729618,113,-23.491271,-18.729618,NONE,1
2026.06.11 00:00:00,PERIOD_D1,PERIOD_D1,1,-11.558477,49.203284,-18.729618,113,-14.652253,50.966032,-21.234477,114,-28.749057,-21.234477,NONE,1
2026.06.12 00:00:00,PERIOD_D1,PERIOD_D1,1,-14.652253,50.966032,-21.234477,114,-15.406755,53.332975,-23.147823,115,-28.887860,-23.147823,NONE,1
2026.06.15 00:00:00,PERIOD_D1,PERIOD_D1,1,-15.406755,53.332975,-23.147823,115,-15.744089,54.709974,-24.555208,116,-28.777365,-24.555208,NONE,1
2026.06.16 00:00:00,PERIOD_D1,PERIOD_D1,1,-15.744089,54.709974,-24.555208,116,-14.846989,56.189248,-25.022203,117,-26.423185,-25.022203,NONE,1
2026.06.17 00:00:00,PERIOD_D1,PERIOD_D1,1,-14.846989,56.189248,-25.022203,117,-13.731735,56.984506,-24.790980,118,-24.097313,-24.790980,BUY,1
2026.06.18 00:00:00,PERIOD_D1,PERIOD_D1,1,-13.731735,56.984506,-24.790980,118,-13.505141,57.794221,-24.435143,119,-23.367632,-24.435143,NONE,1
2026.06.19 00:00:00,PERIOD_D1,PERIOD_D1,1,-13.505141,57.794221,-24.435143,119,-13.712834,58.335158,-24.203102,120,-23.506980,-24.203102,NONE,1
2026.06.22 00:00:00,PERIOD_D1,PERIOD_D1,1,-13.712834,58.335158,-24.203102,120,-14.358560,58.754195,-24.261916,121,-24.438357,-24.261916,SELL,1
2026.06.23 00:00:00,PERIOD_D1,PERIOD_D1,1,-14.358560,58.754195,-24.261916,121,-14.273876,58.877892,-24.257233,122,-24.243184,-24.257233,BUY,1
2026.06.24 00:00:00,PERIOD_D1,PERIOD_D1,1,-14.273876,58.877892,-24.257233,122,-14.942984,59.221719,-24.500992,123,-25.232270,-24.500992,SELL,1
2026.06.25 00:00:00,PERIOD_D1,PERIOD_D1,1,-14.942984,59.221719,-24.500992,123,-16.526971,60.061761,-25.254901,124,-27.516627,-25.254901,NONE,1
2026.06.26 00:00:00,PERIOD_D1,PERIOD_D1,1,-16.526971,60.061761,-25.254901,124,-17.296642,60.368369,-26.104133,125,-28.651830,-26.104133,NONE,1
2026.06.29 00:00:00,PERIOD_D1,PERIOD_D1,1,-17.296642,60.368369,-26.104133,125,-17.035430,60.627681,-26.602709,126,-28.098436,-26.602709,NONE,1
2026.06.30 00:00:00,PERIOD_D1,PERIOD_D1,1,-17.035430,60.627681,-26.602709,126,-17.432433,60.957491,-27.101454,127,-28.597688,-27.101454,NONE,1
2026.07.01 00:00:00,PERIOD_D1,PERIOD_D1,1,-17.432433,60.957491,-27.101454,127,-17.654871,60.648468,-27.603632,128,-29.110168,-27.603632,NONE,1
2026.07.02 00:00:00,PERIOD_D1,PERIOD_D1,1,-17.654871,60.648468,-27.603632,128,-17.377515,59.996840,-27.943737,129,-28.964050,-27.943737,NONE,1
2026.07.03 00:00:00,PERIOD_D1,PERIOD_D1,1,-17.377515,59.996840,-27.943737,129,-15.947876,59.841191,-27.620385,130,-26.650332,-27.620385,BUY,1
2026.07.06 00:00:00,PERIOD_D1,PERIOD_D1,1,-15.947876,59.841191,-27.620385,130,-14.077745,59.624181,-26.617989,131,-23.610799,-26.617989,NONE,1
2026.07.07 00:00:00,PERIOD_D1,PERIOD_D1,1,-14.077745,59.624181,-26.617989,131,-12.554041,58.907929,-25.291315,132,-21.311292,-25.291315,NONE,1
2026.07.08 00:00:00,PERIOD_D1,PERIOD_D1,1,-12.554041,58.907929,-25.291315,132,-11.860515,58.343885,-24.050645,133,-20.328635,-24.050645,NONE,1
2026.07.09 00:00:00,PERIOD_D1,PERIOD_D1,1,-11.860515,58.343885,-24.050645,133,-11.494204,57.569213,-23.029455,134,-19.965887,-23.029455,NONE,1
2026.07.10 00:00:00,PERIOD_D1,PERIOD_D1,1,-11.494204,57.569213,-23.029455,134,-10.570593,56.831130,-21.922093,135,-18.600005,-21.922093,NONE,1
2026.07.13 00:00:00,PERIOD_D1,PERIOD_D1,1,-10.570593,56.831130,-21.922093,135,-9.766850,55.665821,-20.827946,136,-17.545506,-20.827946,NONE,1
2026.07.14 00:00:00,PERIOD_D1,PERIOD_D1,1,-9.766850,55.665821,-20.827946,136,-10.328319,55.436832,-20.278657,137,-18.630789,-20.278657,NONE,1
2026.07.15 00:00:00,PERIOD_D1,PERIOD_D1,1,-10.328319,55.436832,-20.278657,137,-10.089939,55.215578,-19.777422,138,-18.273718,-19.777422,NONE,1
2026.07.16 00:00:00,PERIOD_D1,PERIOD_D1,1,-10.089939,55.215578,-19.777422,138,-9.706167,54.518041,-19.283963,139,-17.803587,-19.283963,NONE,1
2026.07.17 00:00:00,PERIOD_D1,PERIOD_D1,1,-9.706167,54.518041,-19.283963,139,-10.219048,54.290232,-19.168722,140,-18.822997,-19.168722,NONE,1
2026.07.20 00:00:00,PERIOD_D1,PERIOD_D1,1,-10.219048,54.290232,-19.168722,140,-10.064855,53.961083,-19.039557,141,-18.652063,-19.039557,NONE,1
2026.07.21 00:00:00,PERIOD_D1,PERIOD_D1,1,-10.064855,53.961083,-19.039557,141,-9.937418,53.212843,-18.948380,142,-18.674849,-18.948380,NONE,1
2026.07.22 00:00:00,PERIOD_D1,PERIOD_D1,1,-9.937418,53.212843,-18.948380,142,-8.956508,52.806952,-18.451498,143,-16.960849,-18.451498,NONE,1
2026.07.23 00:00:00,PERIOD_D1,PERIOD_D1,1,-8.956508,52.806952,-18.451498,143,-7.508463,52.479028,-17.415510,144,-14.307549,-17.415510,NONE,1
2026.07.24 00:00:00,PERIOD_D1,PERIOD_D1,1,-7.508463,52.479028,-17.415510,144,-7.164972,52.527604,-16.471731,145,-13.640393,-16.471731,NONE,1
2026.07.27 00:00:00,PERIOD_D1,PERIOD_D1,1,-7.164972,52.527604,-16.471731,145,-6.776880,52.026394,-15.610261,146,-13.025850,-15.610261,NONE,1
2026.07.28 00:00:00,PERIOD_D1,PERIOD_D1,1,-6.776880,52.026394,-15.610261,146,-6.134139,51.319322,-14.695916,147,-11.952883,-14.695916,NONE,1
2026.07.29 00:00:00,PERIOD_D1,PERIOD_D1,1,-6.134139,51.319322,-14.695916,147,-6.086869,50.724614,-14.021896,148,-11.999834,-14.021896,NONE,1
2026.07.30 00:00:00,PERIOD_D1,PERIOD_D1,1,-6.086869,50.724614,-14.021896,148,-5.567745,50.111497,-13.294100,149,-11.110714,-13.294100,NONE,1
2026.07.31 00:00:00,PERIOD_D1,PERIOD_D1,1,-5.567745,50.111497,-13.294100,149,-4.684178,49.487366,-12.336926,150,-9.465401,-12.336926,NONE,1
2026.08.03 00:00:00,PERIOD_D1,PERIOD_D1,1,-4.684178,49.487366,-12.336926,150,-4.594935,49.111050,-11.591748,151,-9.356215,-11.591748,NONE,1
2026.08.04 00:00:00,PERIOD_D1,PERIOD_D1,1,-4.594935,49.111050,-11.591748,151,-4.343942,48.403513,-10.937420,152,-8.974435,-10.937420,NONE,1
2026.08.05 00:00:00,PERIOD_D1,PERIOD_D1,1,-4.343942,48.403513,-10.937420,152,-3.856739,47.552676,-10.230679,153,-8.110457,-10.230679,NONE,1
2026.08.06 00:00:00,PERIOD_D1,PERIOD_D1,1,-3.856739,47.552676,-10.230679,153,-1.566021,48.219787,-8.484928,154,-3.247673,-8.484928,NONE,1
2026.08.07 00:00:00,PERIOD_D1,PERIOD_D1,1,-1.566021,48.219787,-8.484928,154,0.196701,48.284646,-6.261851,155,0.407378,-6.261851,NONE,1
2026.08.10 00:00:00,PERIOD_D1,PERIOD_D1,1,0.196701,48.284646,-6.261851,155,2.703067,48.919209,-3.314995,156,5.525574,-3.314995,NONE,1
2026.08.11 00:00:00,PERIOD_D1,PERIOD_D1,1,2.703067,48.919209,-3.314995,156,5.187411,49.414696,0.138181,157,10.497708,0.138181,NONE,1
2026.08.12 00:00:00,PERIOD_D1,PERIOD_D1,1,5.187411,49.414696,0.138181,157,6.852304,49.507447,3.563875,158,13.840957,3.563875,NONE,1
2026.08.13 00:00:00,PERIOD_D1,PERIOD_D1,1,6.852304,49.507447,3.563875,158,8.537250,49.479762,6.986412,159,17.254024,6.986412,NONE,1
2026.08.14 00:00:00,PERIOD_D1,PERIOD_D1,1,8.537250,49.479762,6.986412,159,9.146138,49.544563,9.854916,160,18.460428,9.854916,NONE,1
2026.08.17 00:00:00,PERIOD_D1,PERIOD_D1,1,9.146138,49.544563,9.854916,160,9.793763,49.317762,12.355810,161,19.858490,12.355810,NONE,1
2026.08.18 00:00:00,PERIOD_D1,PERIOD_D1,1,9.793763,49.317762,12.355810,161,10.650963,49.048779,14.695617,162,21.715041,14.695617,NONE,1
2026.08.19 00:00:00,PERIOD_D1,PERIOD_D1,1,10.650963,49.048779,14.695617,162,10.307748,49.201356,16.259245,163,20.950129,16.259245,NONE,1
2026.08.20 00:00:00,PERIOD_D1,PERIOD_D1,1,10.307748,49.201356,16.259245,163,11.995778,50.854259,18.091569,164,23.588542,18.091569,NONE,1
2026.08.21 00:00:00,PERIOD_D1,PERIOD_D1,1,11.995778,50.854259,18.091569,164,13.159211,51.643542,19.938889,165,25.480846,19.938889,NONE,1
2026.08.24 00:00:00,PERIOD_D1,PERIOD_D1,1,13.159211,51.643542,19.938889,165,14.867980,52.633375,22.016216,166,28.248198,22.016216,NONE,1
