2025.11.01 00:00:00,1,,balance,,,,,0.00,0.00,1 000.00,1 000.00,
2025.11.03 04:00:00,2,GOLD,sell,in,0.01,3995.81,2,0.00,0.00,0.00,1 000.00,NEXUS_v2.50|SAR|60.0|PERIOD_H4
2025.11.10 01:02:00,3,GOLD,buy,out,0.01,4007.02,3,0.00,0.91,-11.21,989.70,
2025.11.10 01:15:00,4,GOLD,buy,in,0.01,4010.95,4,0.00,0.00,0.00,989.70,NEXUS_v2.50|SAR|60.0|PERIOD_H4
2025.11.12 17:11:04,5,GOLD,sell,out,0.01,4154.60,5,0.00,-1.94,143.65,1 131.41,tp 4154.52
2025.11.12 20:00:00,6,GOLD,buy,in,0.01,4199.65,6,0.00,0.00,0.00,1 131.41,NEXUS_v2.50|SAR|60.0|PERIOD_H4
2025.11.13 20:32:10,7,GOLD,sell,out,0.01,4169.66,7,0.00,-2.90,-29.99,1 098.52,sl 4169.67
2025.11.13 20:45:00,8,GOLD,buy,in,0.01,4156.13,8,0.00,0.00,0.00,1 098.52,NEXUS_v2.50|SAR|60.0|PERIOD_H4
2025.11.14 14:17:12,9,GOLD,sell,out,0.01,4122.35,9,0.00,-0.97,-33.78,1 063.77,sl 4122.51
2025.11.17 01:15:00,10,GOLD,sell,in,0.01,4098.51,10,0.00,0.00,0.00,1 063.77,NEXUS_v2.50|SAR|60.0|PERIOD_H4
2025.11.24 01:02:00,11,GOLD,buy,out,0.01,4072.53,11,0.00,0.91,25.98,1 090.66,
2025.11.24 01:15:00,12,GOLD,sell,in,0.01,4074.02,12,0.00,0.00,0.00,1 090.66,NEXUS_v2.50|SAR|60.0|PERIOD_H4
2025.11.24 20:51:55,13,GOLD,buy,out,0.01,4117.06,13,0.00,0.00,-43.04,1 047.62,sl 4117.05
2025.11.25 01:15:00,14,GOLD,buy,in,0.01,4129.63,14,0.00,0.00,0.00,1 047.62,NEXUS_v2.50|SAR|60.0|PERIOD_H4
2025.12.01 17:15:01,15,GOLD,sell,out,0.01,4231.36,15,0.00,-5.81,101.73,1 143.54,
2025.12.01 17:30:00,16,GOLD,buy,in,0.01,4228.47,16,0.00,0.00,0.00,1 143.54,NEXUS_v2.50|SAR|60.0|PERIOD_H4
2025.12.02 03:09:39,17,GOLD,sell,out,0.01,4191.24,17,0.00,-0.97,-37.23,1 105.34,sl 4203.45
2025.12.02 03:15:00,18,GOLD,buy,in,0.01,4205.76,18,0.00,0.00,0.00,1 105.34,NEXUS_v2.50|SAR|60.0|PERIOD_H4
2025.12.02 17:36:34,19,GOLD,sell,out,0.01,4179.90,19,0.00,0.00,-25.86,1 079.48,sl 4179.93
2025.12.03 16:00:00,20,GOLD,buy,in,0.01,4237.43,20,0.00,0.00,0.00,1 079.48,NEXUS_v2.50|SAR|60.0|PERIOD_H4
2025.12.03 16:55:09,21,GOLD,sell,out,0.01,4206.87,21,0.00,0.00,-30.56,1 048.92,sl 4206.98
2025.12.03 20:00:00,22,GOLD,buy,in,0.01,4211.45,22,0.00,0.00,0.00,1 048.92,NEXUS_v2.50|SAR|60.0|PERIOD_H4
2025.12.04 07:49:43,23,GOLD,sell,out,0.01,4179.64,23,0.00,-2.90,-31.81,1 014.21,sl 4179.70
2025.12.04 08:00:00,24,GOLD,buy,in,0.01,4181.34,24,0.00,0.00,0.00,1 014.21,NEXUS_v2.50|SAR|60.0|PERIOD_H4
2025.12.11 01:02:02,25,GOLD,sell,out,0.01,4230.20,25,0.00,-6.78,48.86,1 056.29,
2025.12.11 01:15:00,26,GOLD,buy,in,0.01,4225.79,26,0.00,0.00,0.00,1 056.29,NEXUS_v2.50|SAR|60.0|PERIOD_H4
2025.12.17 17:15:01,27,GOLD,sell,out,0.01,4342.65,27,0.00,-3.88,116.86,1 169.27,
2025.12.17 17:30:00,28,GOLD,buy,in,0.01,4343.92,28,0.00,0.00,0.00,1 169.27,NEXUS_v2.50|SAR|60.0|PERIOD_H4
2025.12.18 15:06:50,29,GOLD,sell,out,0.01,4314.93,29,0.00,-2.90,-28.99,1 137.38,sl 4314.95
2025.12.18 15:15:00,30,GOLD,buy,in,0.01,4316.74,30,0.00,0.00,0.00,1 137.38,NEXUS_v2.50|SAR|60.0|PERIOD_H4
2025.12.23 03:03:37,31,GOLD,sell,out,0.01,4477.09,31,0.00,-2.91,160.35,1 294.82,tp 4477.08
2025.12.23 03:15:00,32,GOLD,buy,in,0.01,4485.94,32,0.00,0.00,0.00,1 294.82,NEXUS_v2.50|SAR|60.0|PERIOD_H4
2025.12.23 16:05:20,33,GOLD,sell,out,0.01,4458.10,33,0.00,0.00,-27.84,1 266.98,sl 4458.58
2025.12.23 16:15:00,34,GOLD,buy,in,0.01,4470.13,34,0.00,0.00,0.00,1 266.98,NEXUS_v2.50|SAR|60.0|PERIOD_H4
2025.12.23 16:58:59,35,GOLD,sell,out,0.01,4443.49,35,0.00,0.00,-26.64,1 240.34,sl 4443.54
2025.12.24 01:15:00,36,GOLD,buy,in,0.01,4495.67,36,0.00,0.00,0.00,1 240.34,NEXUS_v2.50|SAR|60.0|PERIOD_H4
2025.12.24 16:50:33,37,GOLD,sell,out,0.01,4465.54,37,0.00,0.00,-30.13,1 210.21,sl 4465.55
2025.12.24 17:00:00,38,GOLD,buy,in,0.01,4464.87,38,0.00,0.00,0.00,1 210.21,NEXUS_v2.50|SAR|60.0|PERIOD_H4
2025.12.29 13:40:34,39,GOLD,sell,out,0.01,4434.55,39,0.00,-4.84,-30.32,1 175.05,sl 4434.58
2025.12.29 20:00:00,40,GOLD,sell,in,0.01,4327.99,40,0.00,0.00,0.00,1 175.05,NEXUS_v2.50|SAR|60.0|PERIOD_H4
2025.12.30 07:25:03,41,GOLD,buy,out,0.01,4375.11,41,0.00,0.13,-47.12,1 128.06,sl 4375.00
2025.12.30 07:30:00,42,GOLD,sell,in,0.01,4372.07,42,0.00,0.00,0.00,1 128.06,NEXUS_v2.50|SAR|60.0|PERIOD_H4
2026.01.05 03:04:38,43,GOLD,buy,out,0.01,4416.96,43,0.00,0.78,-44.89,1 083.95,sl 4416.75
2026.01.05 16:00:00,44,GOLD,buy,in,0.01,4417.19,44,0.00,0.00,0.00,1 083.95,NEXUS_v2.50|SAR|60.0|PERIOD_H4
2026.01.12 08:00:01,45,GOLD,sell,out,0.01,4580.48,45,0.00,-6.78,163.29,1 240.46,
2026.01.12 08:15:00,46,GOLD,buy,in,0.01,4572.98,46,0.00,0.00,0.00,1 240.46,NEXUS_v2.50|SAR|60.0|PERIOD_H4
2026.01.16 17:34:03,47,GOLD,sell,out,0.01,4539.28,47,0.00,-5.81,-33.70,1 200.95,sl 4539.48
2026.01.19 04:00:00,48,GOLD,buy,in,0.01,4657.45,48,0.00,0.00,0.00,1 200.95,NEXUS_v2.50|SAR|60.0|PERIOD_H4
2026.01.21 08:27:26,49,GOLD,sell,out,0.01,4886.93,49,0.00,-1.94,229.48,1 428.49,tp 4886.92
2026.01.21 08:30:00,50,GOLD,buy,in,0.01,4884.12,50,0.00,0.00,0.00,1 428.49,NEXUS_v2.50|SAR|60.0|PERIOD_H4
2026.01.21 08:57:25,51,GOLD,sell,out,0.01,4847.22,51,0.00,0.00,-36.90,1 391.59,sl 4847.91
2026.01.21 12:00:00,52,GOLD,buy,in,0.01,4860.68,52,0.00,0.00,0.00,1 391.59,NEXUS_v2.50|SAR|60.0|PERIOD_H4
2026.01.21 17:21:12,53,GOLD,sell,out,0.01,4826.97,53,0.00,0.00,-33.71,1 357.88,sl 4827.17
2026.01.21 17:30:00,54,GOLD,buy,in,0.01,4831.59,54,0.00,0.00,0.00,1 357.88,NEXUS_v2.50|SAR|60.0|PERIOD_H4
2026.01.21 21:35:15,55,GOLD,sell,out,0.01,4795.83,55,0.00,0.00,-35.76,1 322.12,sl 4797.81
2026.01.21 21:45:00,56,GOLD,buy,in,0.01,4766.26,56,0.00,0.00,0.00,1 322.12,NEXUS_v2.50|SAR|60.0|PERIOD_H4
2026.01.26 01:02:00,57,GOLD,sell,out,0.01,5018.93,57,0.00,-4.84,252.67,1 569.95,tp 4995.00
2026.01.26 01:45:00,58,GOLD,buy,in,0.01,5025.21,58,0.00,0.00,0.00,1 569.95,NEXUS_v2.50|SAR|60.0|PERIOD_H4
2026.01.28 21:57:56,59,GOLD,sell,out,0.01,5331.03,59,0.00,-1.94,305.82,1 873.83,tp 5330.88
2026.01.28 22:00:00,60,GOLD,buy,in,0.01,5325.67,60,0.00,0.00,0.00,1 873.83,NEXUS_v2.50|SAR|60.0|PERIOD_H4
2026.01.29 17:26:29,61,GOLD,sell,out,0.01,5261.38,61,0.00,-2.90,-64.29,1 806.64,sl 5265.08
2026.01.29 17:45:00,62,GOLD,buy,in,0.01,5123.62,62,0.00,0.00,0.00,1 806.64,NEXUS_v2.50|SAR|60.0|PERIOD_H4
2026.01.30 10:33:40,63,GOLD,sell,out,0.01,5071.92,63,0.00,-0.97,-51.70,1 753.97,
2026.02.04 16:00:00,64,GOLD,buy,in,0.01,5054.55,64,0.00,0.00,0.00,1 753.97,NEXUS_v2.50|SAR|60.0|PERIOD_H4
2026.02.04 17:22:42,65,GOLD,sell,out,0.01,4961.22,65,0.00,0.00,-93.33,1 660.64,NXS:DD
2026.02.05 01:15:00,66,GOLD,buy,in,0.01,5010.02,66,0.00,0.00,0.00,1 660.64,NEXUS_v2.50|SAR|60.0|PERIOD_H4
2026.02.05 04:11:50,67,GOLD,sell,out,0.01,4926.55,67,0.00,0.00,-83.47,1 577.17,NXS:DD
2026.02.06 01:15:00,68,GOLD,sell,in,0.01,4768.67,68,0.00,0.00,0.00,1 577.17,NEXUS_v2.50|SAR|60.0|PERIOD_H4
2026.02.06 07:25:26,69,GOLD,buy,out,0.01,4848.73,69,0.00,0.00,-80.06,1 497.11,NXS:DD
2026.02.09 04:00:00,70,GOLD,buy,in,0.01,4982.78,70,0.00,0.00,0.00,1 497.11,NEXUS_v2.50|SAR|60.0|PERIOD_H4
2026.02.12 18:22:16,71,GOLD,sell,out,0.01,4910.10,71,0.00,-4.84,-72.68,1 419.59,NXS:DD
2026.02.13 01:15:00,72,GOLD,sell,in,0.01,4910.46,72,0.00,0.00,0.00,1 419.59,NEXUS_v2.50|SAR|60.0|PERIOD_H4
2026.02.13 03:11:10,73,GOLD,buy,out,0.01,4967.82,73,0.00,0.00,-57.36,1 362.23,sl 4967.59
2026.02.13 04:00:00,74,GOLD,sell,in,0.01,4980.63,74,0.00,0.00,0.00,1 362.23,NEXUS_v2.50|SAR|60.0|PERIOD_H4
2026.02.13 21:06:32,75,GOLD,buy,out,0.01,5039.35,75,0.00,0.00,-58.72,1 303.51,sl 5039.30
2026.02.13 21:15:00,76,GOLD,sell,in,0.01,5039.27,76,0.00,0.00,0.00,1 303.51,NEXUS_v2.50|SAR|60.0|PERIOD_H4
2026.02.20 13:15:01,77,GOLD,buy,out,0.01,5031.62,77,0.00,0.91,7.65,1 312.07,
2026.02.20 13:30:00,78,GOLD,buy,in,0.01,5029.21,78,0.00,0.00,0.00,1 312.07,NEXUS_v2.50|SAR|60.0|PERIOD_H4
2026.02.20 17:06:45,79,GOLD,sell,out,0.01,4990.46,79,0.00,0.00,-38.75,1 273.32,sl 4990.95
2026.02.20 17:15:00,80,GOLD,buy,in,0.01,5022.94,80,0.00,0.00,0.00,1 273.32,NEXUS_v2.50|SAR|60.0|PERIOD_H4
2026.02.24 01:04:21,81,GOLD,sell,out,0.01,5247.42,81,0.00,-1.94,224.48,1 495.86,tp 5247.41
2026.02.24 01:15:00,82,GOLD,buy,in,0.01,5244.89,82,0.00,0.00,0.00,1 495.86,NEXUS_v2.50|SAR|60.0|PERIOD_H4
2026.02.24 03:07:10,83,GOLD,sell,out,0.01,5199.13,83,0.00,0.00,-45.76,1 450.10,sl 5199.14
2026.02.24 04:00:00,84,GOLD,buy,in,0.01,5177.84,84,0.00,0.00,0.00,1 450.10,NEXUS_v2.50|SAR|60.0|PERIOD_H4
2026.02.24 15:48:05,85,GOLD,sell,out,0.01,5128.45,85,0.00,0.00,-49.39,1 400.71,sl 5128.83
2026.02.25 20:00:00,86,GOLD,buy,in,0.01,5207.24,86,0.00,0.00,0.00,1 400.71,NEXUS_v2.50|SAR|60.0|PERIOD_H4
2026.02.25 22:58:13,87,GOLD,sell,out,0.01,5156.47,87,0.00,0.00,-50.77,1 349.94,sl 5156.56
2026.02.26 01:15:00,88,GOLD,buy,in,0.01,5169.13,88,0.00,0.00,0.00,1 349.94,NEXUS_v2.50|SAR|60.0|PERIOD_H4
2026.03.03 13:29:46,89,GOLD,sell,out,0.01,5113.95,89,0.00,-2.91,-55.18,1 291.85,sl 5115.56
2026.03.03 20:00:00,90,GOLD,sell,in,0.01,5079.03,90,0.00,0.00,0.00,1 291.85,NEXUS_v2.50|SAR|60.0|PERIOD_H4
2026.03.03 20:05:42,91,GOLD,buy,out,0.01,5095.32,91,0.00,0.00,-16.29,1 275.56,
2026.03.04 01:15:00,92,GOLD,sell,in,0.01,5117.00,92,0.00,0.00,0.00,1 275.56,NEXUS_v2.50|SAR|60.0|PERIOD_H4
2026.03.04 04:09:16,93,GOLD,buy,out,0.01,5180.83,93,0.00,0.00,-63.83,1 211.73,NXS:DD
2026.03.05 01:15:00,94,GOLD,sell,in,0.01,5146.39,94,0.00,0.00,0.00,1 211.73,NEXUS_v2.50|SAR|60.0|PERIOD_H4
2026.03.10 15:18:09,95,GOLD,buy,out,0.01,5207.42,95,0.00,0.39,-61.03,1 151.09,NXS:DD
2026.03.11 01:15:00,96,GOLD,buy,in,0.01,5192.13,96,0.00,0.00,0.00,1 151.09,NEXUS_v2.50|SAR|60.0|PERIOD_H4
2026.03.12 01:02:02,97,GOLD,sell,out,0.01,5142.39,97,0.00,-2.90,-49.74,1 098.45,NXS:DD
2026.03.13 01:15:00,98,GOLD,sell,in,0.01,5090.49,98,0.00,0.00,0.00,1 098.45,NEXUS_v2.50|SAR|60.0|PERIOD_H4
2026.03.18 22:27:18,99,GOLD,buy,out,0.01,4819.43,99,0.00,0.39,271.06,1 369.90,tp 4819.47
2026.03.18 22:30:00,100,GOLD,sell,in,0.01,4811.00,100,0.00,0.00,0.00,1 369.90,NEXUS_v2.50|SAR|60.0|PERIOD_H4
2026.03.19 03:36:30,101,GOLD,buy,out,0.01,4856.35,101,0.00,0.39,-45.35,1 324.94,sl 4856.00
2026.03.19 03:45:00,102,GOLD,sell,in,0.01,4865.49,102,0.00,0.00,0.00,1 324.94,NEXUS_v2.50|SAR|60.0|PERIOD_H4
2026.03.19 14:43:11,103,GOLD,buy,out,0.01,4581.38,103,0.00,0.00,284.11,1 609.05,tp 4583.40
2026.03.19 14:45:00,104,GOLD,sell,in,0.01,4562.96,104,0.00,0.00,0.00,1 609.05,NEXUS_v2.50|SAR|60.0|PERIOD_H4
2026.03.19 15:58:16,105,GOLD,buy,out,0.01,4619.30,105,0.00,0.00,-56.34,1 552.71,sl 4619.16
2026.03.19 16:00:00,106,GOLD,sell,in,0.01,4620.75,106,0.00,0.00,0.00,1 552.71,NEXUS_v2.50|SAR|60.0|PERIOD_H4
2026.03.20 03:45:44,107,GOLD,buy,out,0.01,4690.72,107,0.00,0.13,-69.97,1 482.87,sl 4690.71
2026.03.20 04:00:00,108,GOLD,sell,in,0.01,4677.15,108,0.00,0.00,0.00,1 482.87,NEXUS_v2.50|SAR|60.0|PERIOD_H4
2026.03.23 08:43:15,109,GOLD,buy,out,0.01,4208.47,109,0.00,0.13,468.68,1 951.68,tp 4212.70
2026.03.23 08:45:00,110,GOLD,sell,in,0.01,4182.92,110,0.00,0.00,0.00,1 951.68,NEXUS_v2.50|SAR|60.0|PERIOD_H4
2026.03.23 11:15:34,111,GOLD,buy,out,0.01,4280.51,111,0.00,0.00,-97.59,1 854.09,NXS:DD
2026.03.27 01:15:00,112,GOLD,sell,in,0.01,4392.62,112,0.00,0.00,0.00,1 854.09,NEXUS_v2.50|SAR|60.0|PERIOD_H4
2026.03.27 07:35:17,113,GOLD,buy,out,0.01,4466.26,113,0.00,0.00,-73.64,1 780.45,sl 4466.13
2026.03.27 07:45:00,114,GOLD,sell,in,0.01,4465.68,114,0.00,0.00,0.00,1 780.45,NEXUS_v2.50|SAR|60.0|PERIOD_H4
2026.03.27 17:18:25,115,GOLD,buy,out,0.01,4538.57,115,0.00,0.00,-72.89,1 707.56,sl 4538.04
2026.03.27 17:30:00,116,GOLD,sell,in,0.01,4543.48,116,0.00,0.00,0.00,1 707.56,NEXUS_v2.50|SAR|60.0|PERIOD_H4
2026.03.31 04:41:14,117,GOLD,buy,out,0.01,4606.39,117,0.00,0.26,-62.91,1 644.91,sl 4605.35
2026.03.31 04:45:00,118,GOLD,buy,in,0.01,4617.98,118,0.00,0.00,0.00,1 644.91,NEXUS_v2.50|SAR|60.0|PERIOD_H4
2026.03.31 06:42:03,119,GOLD,sell,out,0.01,4553.05,119,0.00,0.00,-64.93,1 579.98,sl 4553.32
2026.03.31 08:00:00,120,GOLD,buy,in,0.01,4564.82,120,0.00,0.00,0.00,1 579.98,NEXUS_v2.50|SAR|60.0|PERIOD_H4
2026.04.07 01:02:00,121,GOLD,sell,out,0.01,4664.30,121,0.00,-6.78,99.48,1 672.68,
2026.04.08 01:15:01,122,GOLD,buy,in,0.01,4732.97,122,0.00,0.00,0.00,1 672.68,NEXUS_v2.50|SAR|60.0|PERIOD_H4
2026.04.13 01:02:00,123,GOLD,sell,out,0.01,4665.18,123,0.00,-4.84,-67.79,1 600.05,sl 4677.58
2026.04.14 20:00:00,124,GOLD,buy,in,0.01,4810.55,124,0.00,0.00,0.00,1 600.05,NEXUS_v2.50|SAR|60.0|PERIOD_H4
2026.04.17 04:12:20,125,GOLD,sell,out,0.01,4770.24,125,0.00,-4.84,-40.31,1 554.90,sl 4770.66
2026.04.17 20:00:00,126,GOLD,buy,in,0.01,4867.30,126,0.00,0.00,0.00,1 554.90,NEXUS_v2.50|SAR|60.0|PERIOD_H4
2026.04.17 23:50:06,127,GOLD,sell,out,0.01,4831.76,127,0.00,0.00,-35.54,1 519.36,sl 4832.49
2026.04.20 01:45:00,128,GOLD,buy,in,0.01,4780.91,128,0.00,0.00,0.00,1 519.36,NEXUS_v2.50|SAR|60.0|PERIOD_H4
2026.04.20 02:43:14,129,GOLD,sell,out,0.01,4745.49,129,0.00,0.00,-35.42,1 483.94,sl 4745.65
2026.04.21 12:00:00,130,GOLD,sell,in,0.01,4785.81,130,0.00,0.00,0.00,1 483.94,NEXUS_v2.50|SAR|60.0|PERIOD_H4
2026.04.28 04:00:01,131,GOLD,buy,out,0.01,4690.58,131,0.00,0.91,95.23,1 580.08,
2026.04.28 08:00:00,132,GOLD,sell,in,0.01,4667.53,132,0.00,0.00,0.00,1 580.08,NEXUS_v2.50|SAR|60.0|PERIOD_H4
2026.05.05 01:02:01,133,GOLD,buy,out,0.01,4524.78,133,0.00,0.91,142.75,1 723.74,
2026.05.05 01:15:00,134,GOLD,sell,in,0.01,4521.04,134,0.00,0.00,0.00,1 723.74,NEXUS_v2.50|SAR|60.0|PERIOD_H4
2026.05.05 14:42:19,135,GOLD,buy,out,0.01,4562.30,135,0.00,0.00,-41.26,1 682.48,sl 4562.28
2026.05.05 14:45:00,136,GOLD,sell,in,0.01,4563.25,136,0.00,0.00,0.00,1 682.48,NEXUS_v2.50|SAR|60.0|PERIOD_H4
2026.05.06 03:25:20,137,GOLD,buy,out,0.01,4603.64,137,0.00,0.13,-40.39,1 642.22,sl 4603.64
2026.05.06 03:30:00,138,GOLD,sell,in,0.01,4602.13,138,0.00,0.00,0.00,1 642.22,NEXUS_v2.50|SAR|60.0|PERIOD_H4
2026.05.06 05:55:13,139,GOLD,buy,out,0.01,4639.67,139,0.00,0.00,-37.54,1 604.68,sl 4639.41
2026.05.06 08:00:00,140,GOLD,buy,in,0.01,4649.22,140,0.00,0.00,0.00,1 604.68,NEXUS_v2.50|SAR|60.0|PERIOD_H4
2026.05.13 01:02:00,141,GOLD,sell,out,0.01,4715.54,141,0.00,-6.78,66.32,1 664.22,
2026.05.14 20:00:00,142,GOLD,sell,in,0.01,4678.33,142,0.00,0.00,0.00,1 664.22,NEXUS_v2.50|SAR|60.0|PERIOD_H4
2026.05.19 16:31:22,143,GOLD,buy,out,0.01,4477.76,143,0.00,0.39,200.57,1 865.18,tp 4478.07
2026.05.19 20:00:00,144,GOLD,sell,in,0.01,4507.42,144,0.00,0.00,0.00,1 865.18,NEXUS_v2.50|SAR|60.0|PERIOD_H4
2026.05.20 18:16:03,145,GOLD,buy,out,0.01,4550.84,145,0.00,0.13,-43.42,1 821.89,sl 4550.79
2026.05.20 18:30:00,146,GOLD,sell,in,0.01,4529.28,146,0.00,0.00,0.00,1 821.89,NEXUS_v2.50|SAR|60.0|PERIOD_H4
2026.05.21 04:23:18,147,GOLD,buy,out,0.01,4566.52,147,0.00,0.39,-37.24,1 785.04,sl 4566.52
2026.05.21 04:30:00,148,GOLD,sell,in,0.01,4566.72,148,0.00,0.00,0.00,1 785.04,NEXUS_v2.50|SAR|60.0|PERIOD_H4
2026.05.27 20:30:01,149,GOLD,buy,out,0.01,4450.51,149,0.00,0.52,116.21,1 901.77,
2026.05.27 20:45:00,150,GOLD,sell,in,0.01,4450.44,150,0.00,0.00,0.00,1 901.77,NEXUS_v2.50|SAR|60.0|PERIOD_H4
2026.05.28 18:36:02,151,GOLD,buy,out,0.01,4484.27,151,0.00,0.39,-33.83,1 868.33,sl 4484.18
2026.05.28 18:45:00,152,GOLD,sell,in,0.01,4479.10,152,0.00,0.00,0.00,1 868.33,NEXUS_v2.50|SAR|60.0|PERIOD_H4
2026.05.29 04:18:45,153,GOLD,buy,out,0.01,4520.52,153,0.00,0.13,-41.42,1 827.04,sl 4519.87
2026.05.29 16:00:00,154,GOLD,buy,in,0.01,4523.50,154,0.00,0.00,0.00,1 827.04,NEXUS_v2.50|SAR|60.0|PERIOD_H4
2026.06.01 16:12:29,155,GOLD,sell,out,0.01,4481.02,155,0.00,-0.97,-42.48,1 783.59,sl 4481.20
2026.06.02 01:15:00,156,GOLD,sell,in,0.01,4484.41,156,0.00,0.00,0.00,1 783.59,NEXUS_v2.50|SAR|60.0|PERIOD_H4
2026.06.02 08:27:20,157,GOLD,buy,out,0.01,4522.02,157,0.00,0.00,-37.61,1 745.98,sl 4521.26
2026.06.03 01:15:00,158,GOLD,sell,in,0.01,4489.26,158,0.00,0.00,0.00,1 745.98,NEXUS_v2.50|SAR|60.0|PERIOD_H4
2026.06.08 08:36:05,159,GOLD,buy,out,0.01,4281.31,159,0.00,0.65,207.95,1 954.58,tp 4281.54
2026.06.08 08:45:00,160,GOLD,sell,in,0.01,4287.86,160,0.00,0.00,0.00,1 954.58,NEXUS_v2.50|SAR|60.0|PERIOD_H4
2026.06.08 14:32:50,161,GOLD,buy,out,0.01,4332.91,161,0.00,0.00,-45.05,1 909.53,sl 4332.73
2026.06.08 14:45:00,162,GOLD,sell,in,0.01,4323.83,162,0.00,0.00,0.00,1 909.53,NEXUS_v2.50|SAR|60.0|PERIOD_H4
2026.06.11 01:09:52,163,GOLD,buy,out,0.01,4051.71,163,0.00,0.65,272.12,2 182.30,tp 4051.71
2026.06.11 01:15:00,164,GOLD,sell,in,0.01,4056.33,164,0.00,0.00,0.00,2 182.30,NEXUS_v2.50|SAR|60.0|PERIOD_H4
2026.06.11 04:25:03,165,GOLD,buy,out,0.01,4103.95,165,0.00,0.00,-47.62,2 134.68,sl 4103.69
2026.06.11 04:30:00,166,GOLD,sell,in,0.01,4104.25,166,0.00,0.00,0.00,2 134.68,NEXUS_v2.50|SAR|60.0|PERIOD_H4
2026.06.11 20:36:15,167,GOLD,buy,out,0.01,4153.21,167,0.00,0.00,-48.96,2 085.72,sl 4153.21
2026.06.11 20:45:00,168,GOLD,sell,in,0.01,4166.31,168,0.00,0.00,0.00,2 085.72,NEXUS_v2.50|SAR|60.0|PERIOD_H4
2026.06.12 01:43:08,169,GOLD,buy,out,0.01,4222.83,169,0.00,0.13,-56.52,2 029.33,sl 4222.56
2026.06.15 04:00:00,170,GOLD,buy,in,0.01,4292.96,170,0.00,0.00,0.00,2 029.33,NEXUS_v2.50|SAR|60.0|PERIOD_H4
2026.06.17 22:28:30,171,GOLD,sell,out,0.01,4233.55,171,0.00,-1.94,-59.41,1 967.98,sl 4233.55
2026.06.18 16:00:00,172,GOLD,sell,in,0.01,4246.43,172,0.00,0.00,0.00,1 967.98,NEXUS_v2.50|SAR|60.0|PERIOD_H4
2026.06.24 15:51:51,173,GOLD,buy,out,0.01,4000.42,173,0.00,0.52,246.01,2 214.51,tp 4000.52
2026.06.24 16:00:00,174,GOLD,sell,in,0.01,3987.88,174,0.00,0.00,0.00,2 214.51,NEXUS_v2.50|SAR|60.0|PERIOD_H4
2026.06.24 16:51:43,175,GOLD,buy,out,0.01,4028.93,175,0.00,0.00,-41.05,2 173.46,sl 4028.67
2026.06.24 20:00:00,176,GOLD,sell,in,0.01,4006.51,176,0.00,0.00,0.00,2 173.46,NEXUS_v2.50|SAR|60.0|PERIOD_H4
2026.06.26 12:26:54,177,GOLD,buy,out,0.01,4050.92,177,0.00,0.52,-44.41,2 129.57,sl 4050.85
2026.06.29 20:00:00,178,GOLD,sell,in,0.01,4023.71,178,0.00,0.00,0.00,2 129.57,NEXUS_v2.50|SAR|60.0|PERIOD_H4
2026.06.30 17:23:41,179,GOLD,buy,out,0.01,4059.98,179,0.00,0.13,-36.27,2 093.43,sl 4059.86
2026.06.30 17:30:00,180,GOLD,sell,in,0.01,4053.94,180,0.00,0.00,0.00,2 093.43,NEXUS_v2.50|SAR|60.0|PERIOD_H4
2026.07.01 16:44:34,181,GOLD,buy,out,0.01,4092.51,181,0.00,0.13,-38.57,2 054.99,sl 4092.40
2026.07.02 08:00:00,182,GOLD,buy,in,0.01,4061.07,182,0.00,0.00,0.00,2 054.99,NEXUS_v2.50|SAR|60.0|PERIOD_H4
2026.07.09 01:02:00,183,GOLD,sell,out,0.01,4078.99,183,0.00,-6.78,17.92,2 066.13,
2026.07.09 01:15:00,184,GOLD,sell,in,0.01,4076.97,184,0.00,0.00,0.00,2 066.13,NEXUS_v2.50|SAR|60.0|PERIOD_H4
2026.07.09 11:23:22,185,GOLD,buy,out,0.01,4116.91,185,0.00,0.00,-39.94,2 026.19,sl 4116.87
2026.07.09 11:30:00,186,GOLD,sell,in,0.01,4114.64,186,0.00,0.00,0.00,2 026.19,NEXUS_v2.50|SAR|60.0|PERIOD_H4
2026.07.16 03:30:01,187,GOLD,buy,out,0.01,4058.83,187,0.00,0.91,55.81,2 082.91,
2026.07.16 16:00:00,188,GOLD,sell,in,0.01,3991.83,188,0.00,0.00,0.00,2 082.91,NEXUS_v2.50|SAR|60.0|PERIOD_H4
2026.07.20 05:48:49,189,GOLD,buy,out,0.01,4027.79,189,0.00,0.26,-35.96,2 047.21,sl 4027.53
2026.07.20 06:00:00,190,GOLD,sell,in,0.01,4021.76,190,0.00,0.00,0.00,2 047.21,NEXUS_v2.50|SAR|60.0|PERIOD_H4
2026.07.21 08:26:13,191,GOLD,buy,out,0.01,4055.64,191,0.00,0.13,-33.88,2 013.46,sl 4055.63
2026.07.21 08:30:00,192,GOLD,buy,in,0.01,4055.06,192,0.00,0.00,0.00,2 013.46,NEXUS_v2.50|SAR|60.0|PERIOD_H4
2026.07.24 05:58:24,193,GOLD,sell,out,0.01,4023.88,193,0.00,-4.84,-31.18,1 977.44,sl 4023.95
2026.07.24 08:00:00,194,GOLD,sell,in,0.01,4026.91,194,0.00,0.00,0.00,1 977.44,NEXUS_v2.50|SAR|60.0|PERIOD_H4
2026.07.24 11:51:48,195,GOLD,buy,out,0.01,4056.07,195,0.00,0.00,-29.16,1 948.28,sl 4056.04
2026.07.24 12:00:00,196,GOLD,sell,in,0.01,4057.46,196,0.00,0.00,0.00,1 948.28,NEXUS_v2.50|SAR|60.0|PERIOD_H4
2026.07.27 01:02:00,197,GOLD,buy,out,0.01,4093.69,197,0.00,0.13,-36.23,1 912.18,sl 4087.36
2026.07.27 01:45:00,198,GOLD,sell,in,0.01,4091.10,198,0.00,0.00,0.00,1 912.18,NEXUS_v2.50|SAR|60.0|PERIOD_H4
2026.07.30 17:00:29,199,GOLD,buy,out,0.01,4119.01,199,0.00,0.65,-27.91,1 884.92,sl 4118.99
2026.07.30 17:15:00,200,GOLD,buy,in,0.01,4098.52,200,0.00,0.00,0.00,1 884.92,NEXUS_v2.50|SAR|60.0|PERIOD_H4
2026.07.31 11:03:39,201,GOLD,sell,out,0.01,4064.13,201,0.00,-0.97,-34.39,1 849.56,sl 4064.18
2026.07.31 11:15:00,202,GOLD,buy,in,0.01,4062.53,202,0.00,0.00,0.00,1 849.56,NEXUS_v2.50|SAR|60.0|PERIOD_H4
2026.07.31 16:39:43,203,GOLD,sell,out,0.01,4026.72,203,0.00,0.00,-35.81,1 813.75,sl 4026.73
2026.07.31 16:45:00,204,GOLD,buy,in,0.01,4025.43,204,0.00,0.00,0.00,1 813.75,NEXUS_v2.50|SAR|60.0|PERIOD_H4
2026.08.05 17:49:42,205,GOLD,sell,out,0.01,4245.94,205,0.00,-2.91,220.51,2 031.35,tp 4245.63
2026.08.05 18:00:00,206,GOLD,buy,in,0.01,4244.53,206,0.00,0.00,0.00,2 031.35,NEXUS_v2.50|SAR|60.0|PERIOD_H4
2026.08.12 10:00:01,207,GOLD,sell,out,0.01,4403.35,207,0.00,-6.78,158.82,2 183.39,
2026.08.12 10:15:00,208,GOLD,buy,in,0.01,4401.87,208,0.00,0.00,0.00,2 183.39,NEXUS_v2.50|SAR|60.0|PERIOD_H4
2026.08.13 11:00:35,209,GOLD,sell,out,0.01,4367.70,209,0.00,-2.90,-34.17,2 146.32,sl 4368.15
2026.08.14 12:00:00,210,GOLD,sell,in,0.01,4348.47,210,0.00,0.00,0.00,2 146.32,NEXUS_v2.50|SAR|60.0|PERIOD_H4
2026.08.14 15:31:30,211,GOLD,buy,out,0.01,4387.05,211,0.00,0.00,-38.58,2 107.74,sl 4387.01
2026.08.14 16:00:00,212,GOLD,sell,in,0.01,4373.49,212,0.00,0.00,0.00,2 107.74,NEXUS_v2.50|SAR|60.0|PERIOD_H4
2026.08.17 04:22:39,213,GOLD,buy,out,0.01,4412.29,213,0.00,0.13,-38.80,2 069.07,sl 4412.27
2026.08.17 04:30:00,214,GOLD,buy,in,0.01,4407.65,214,0.00,0.00,0.00,2 069.07,NEXUS_v2.50|SAR|60.0|PERIOD_H4
2026.08.18 17:53:25,215,GOLD,sell,out,0.01,4372.43,215,0.00,-0.97,-35.22,2 032.88,sl 4372.45
2026.08.18 18:00:00,216,GOLD,buy,in,0.01,4366.85,216,0.00,0.00,0.00,2 032.88,NEXUS_v2.50|SAR|60.0|PERIOD_H4
2026.08.18 23:21:14,217,GOLD,sell,out,0.01,4336.33,217,0.00,0.00,-30.52,2 002.36,sl 4337.04
2026.08.19 01:15:00,218,GOLD,sell,in,0.01,4340.20,218,0.00,0.00,0.00,2 002.36,NEXUS_v2.50|SAR|60.0|PERIOD_H4
2026.08.19 14:03:01,219,GOLD,buy,out,0.01,4371.08,219,0.00,0.00,-30.88,1 971.48,sl 4371.07
2026.08.19 14:15:00,220,GOLD,sell,in,0.01,4373.16,220,0.00,0.00,0.00,1 971.48,NEXUS_v2.50|SAR|60.0|PERIOD_H4
2026.08.19 15:37:17,221,GOLD,buy,out,0.01,4404.65,221,0.00,0.00,-31.49,1 939.99,sl 4404.62
2026.08.19 16:00:00,222,GOLD,buy,in,0.01,4439.03,222,0.00,0.00,0.00,1 939.99,NEXUS_v2.50|SAR|60.0|PERIOD_H4
2026.08.24 05:17:45,223,GOLD,sell,out,0.01,4654.02,223,0.00,-4.84,214.99,2 150.14,tp 4653.74
2026.08.24 05:30:00,224,GOLD,buy,in,0.01,4655.71,224,0.00,0.00,0.00,2 150.14,NEXUS_v2.50|SAR|60.0|PERIOD_H4
2026.08.25 16:23:01,225,GOLD,sell,out,0.01,4615.88,225,0.00,-0.97,-39.83,2 109.34,sl 4616.19
