sweep_id,side,trigger_price,actual_fill,slippage_trigger_to_fill_pips,actual_SL,actual_TP,counterfactual_SL,counterfactual_TP,actual_outcome,counterfactual_outcome,actual_pnl_pips,counterfactual_pnl_pips,actual_pnl_usd,category,ambiguous_same_bar
1,LOW,4511.07,4516.63,55.600000000004,4508.57,4521.07,4514.13,4526.63,SL,SL,-80.600000000004,-25.0,-13.88,BOTH_LOSS,False
2,LOW,4504.91,4507.66,27.5,4502.41,4514.91,4505.16,4517.66,SL,SL,-52.5,-25.0,-9.03,BOTH_LOSS,False
4,HIGH,4504.49,4504.38,1.0999999999967258,4506.99,4494.49,4506.88,4494.38,SL,SL,-26.099999999996726,-25.0,-5.11,BOTH_LOSS,False
6,LOW,4457.42,4466.4,89.79999999999563,4454.92,4467.42,4463.9,4476.4,TP,SL,10.200000000004366,-25.0,1.76,WIN_LOST,False
8,HIGH,4457.19,4453.32,38.69999999999891,4459.69,4447.19,4455.82,4443.32,TP,SL,61.30000000000109,-25.0,10.66,WIN_LOST,False
9,HIGH,4474.57,4471.67,28.999999999996362,4477.07,4464.57,4474.17,4461.67,TP,TP,71.00000000000364,100.0,12.24,WIN_PRESERVED,False
11,LOW,4446.43,4447.12,6.899999999995998,4443.93,4456.43,4444.62,4457.12,SL,SL,-31.899999999995998,-25.0,-5.75,BOTH_LOSS,False
12,LOW,4406.87,4405.46,-14.099999999998545,4404.37,4416.87,4402.96,4415.46,SL,SL,-10.900000000001455,-25.0,-1.9,BOTH_LOSS,False
13,LOW,4318.4,4322.73,43.29999999999927,4315.9,4328.4,4320.23,4332.73,SL,SL,-68.29999999999927,-25.0,-12.02,BOTH_LOSS,False
14,HIGH,4351.26,4345.14,61.19999999999891,4353.76,4341.26,4347.64,4335.14,TP,TP,38.80000000000109,100.0,6.73,WIN_PRESERVED,False
15,LOW,4305.17,4307.64,24.700000000002547,4302.67,4315.17,4305.14,4317.64,TP,SL,75.29999999999745,-25.0,13.16,WIN_LOST,False
16,LOW,4288.41,4292.44,40.29999999999745,4285.91,4298.41,4289.94,4302.44,TP,TP,59.70000000000255,100.0,10.61,WIN_PRESERVED,False
17,HIGH,4325.11,4323.83,12.799999999997453,4327.61,4315.11,4326.33,4313.83,SL,SL,-37.79999999999745,-25.0,-6.59,BOTH_LOSS,False
19,HIGH,4348.38,4343.46,49.20000000000073,4350.88,4338.38,4345.96,4333.46,TP,SL,50.79999999999927,-25.0,8.94,WIN_LOST,False
22,LOW,4187.53,4189.06,15.300000000006548,4185.03,4197.53,4186.56,4199.06,SL,SL,-40.30000000000655,-25.0,-7.0,BOTH_LOSS,False
23,LOW,4166.99,4172.45,54.600000000000364,4164.49,4176.99,4169.95,4182.45,TP,SL,45.399999999999636,-25.0,8.31,WIN_LOST,False
24,LOW,4154.64,4161.06,64.20000000000073,4152.14,4164.64,4158.56,4171.06,TP,SL,35.79999999999927,-25.0,6.43,WIN_LOST,False
25,LOW,4125.52,4128.2,26.799999999993815,4123.02,4135.52,4125.7,4138.2,SL,SL,-51.799999999993815,-25.0,-9.06,BOTH_LOSS,False
26,LOW,4102.72,4112.15,94.29999999999382,4100.22,4112.72,4109.65,4122.15,TP,SL,5.700000000006185,-25.0,1.13,WIN_LOST,False
27,LOW,4056.9,4063.11,62.100000000000364,4054.4,4066.9,4060.61,4073.11,SL,SL,-87.10000000000036,-25.0,-15.49,BOTH_LOSS,False
28,HIGH,4086.53,4082.34,41.900000000000546,4089.03,4076.53,4084.84,4072.34,TP,SL,58.099999999999454,-25.0,10.23,WIN_LOST,True
30,HIGH,4166.31,4164.54,17.700000000004366,4168.81,4156.31,4167.04,4154.54,SL,SL,-42.700000000004366,-25.0,-8.18,BOTH_LOSS,False
31,HIGH,4225.61,4223.5,21.099999999996726,4228.11,4215.61,4226.0,4213.5,TP,SL,78.90000000000327,-25.0,13.77,WIN_LOST,False
32,LOW,4187.52,4194.31,67.89999999999964,4185.02,4197.52,4191.81,4204.31,SL,SL,-92.89999999999964,-25.0,-16.22,BOTH_LOSS,False
35,HIGH,4285.06,4282.81,22.5,4287.56,4275.06,4285.31,4272.81,SL,SL,-47.5,-25.0,-8.25,BOTH_LOSS,False
36,HIGH,4317.58,4316.52,10.599999999994907,4320.08,4307.58,4319.02,4306.52,SL,SL,-35.59999999999491,-25.0,-6.5,BOTH_LOSS,False
38,HIGH,4349.23,4342.67,65.5999999999949,4351.73,4339.23,4345.17,4332.67,TP,TP,34.40000000000509,100.0,6.07,WIN_PRESERVED,False
40,HIGH,4331.65,4330.16,14.899999999997817,4334.15,4321.65,4332.66,4320.16,TP,TP,85.10000000000218,100.0,14.87,WIN_PRESERVED,False
41,HIGH,4340.99,4334.87,61.19999999999891,4343.49,4330.99,4337.37,4324.87,TP,SL,38.80000000000109,-25.0,6.73,WIN_LOST,False
43,HIGH,4360.12,4351.83,82.89999999999964,4362.62,4350.12,4354.33,4341.83,TP,SL,17.100000000000364,-25.0,3.43,WIN_LOST,True
45,LOW,4284.79,4292.94,81.49999999999636,4282.29,4294.79,4290.44,4302.94,TP,SL,18.500000000003638,-25.0,4.07,WIN_LOST,True
46,HIGH,4322.85,4318.95,39.00000000000546,4325.35,4312.85,4321.45,4308.95,SL,SL,-64.00000000000546,-25.0,-11.25,BOTH_LOSS,False
47,LOW,4299.31,4305.29,59.799999999995634,4296.81,4309.31,4302.79,4315.29,SL,SL,-84.79999999999563,-25.0,-14.74,BOTH_LOSS,False
49,LOW,4207.83,4214.42,65.90000000000146,4205.33,4217.83,4211.92,4224.42,TP,SL,34.099999999998545,-25.0,5.95,WIN_LOST,False
50,LOW,4196.27,4197.77,15.0,4193.77,4206.27,4195.27,4207.77,SL,SL,-40.0,-25.0,-7.12,BOTH_LOSS,False
52,HIGH,4200.83,4200.73,1.000000000003638,4203.33,4190.83,4203.23,4190.73,TP,TP,98.99999999999636,100.0,17.41,WIN_PRESERVED,False
53,HIGH,4212.72,4206.48,62.40000000000691,4215.22,4202.72,4208.98,4196.48,TP,SL,37.59999999999309,-25.0,6.64,WIN_LOST,False
54,LOW,4154.51,4161.7,71.899999999996,4152.01,4164.51,4159.2,4171.7,SL,SL,-96.899999999996,-25.0,-17.15,BOTH_LOSS,False
55,LOW,4105.3,4109.94,46.39999999999418,4102.8,4115.3,4107.44,4119.94,SL,SL,-71.39999999999418,-25.0,-12.55,BOTH_LOSS,False
56,HIGH,4137.52,4132.44,50.80000000000837,4140.02,4127.52,4134.94,4122.44,TP,SL,49.19999999999163,-25.0,8.7,WIN_LOST,False
57,LOW,4099.58,4107.5,79.20000000000073,4097.08,4109.58,4105.0,4117.5,SL,SL,-104.20000000000073,-25.0,-18.83,BOTH_LOSS,False
60,LOW,3968.26,3971.0,27.399999999997817,3965.76,3978.26,3968.5,3981.0,TP,SL,72.60000000000218,-25.0,13.37,WIN_LOST,True
62,HIGH,4030.72,4021.92,87.99999999999727,4033.22,4020.72,4024.42,4011.92,TP,SL,12.000000000002728,-25.0,2.45,WIN_LOST,True
63,LOW,4014.84,4019.9,50.599999999999454,4012.34,4024.84,4017.4,4029.9,SL,SL,-75.59999999999945,-25.0,-13.4,BOTH_LOSS,False
64,LOW,3992.63,3997.98,53.49999999999909,3990.13,4002.63,3995.48,4007.98,TP,SL,46.50000000000091,-25.0,8.27,WIN_LOST,False
65,HIGH,4037.7,4031.27,64.29999999999836,4040.2,4027.7,4033.77,4021.27,TP,SL,35.70000000000164,-25.0,6.5,WIN_LOST,False
66,HIGH,4048.05,4047.88,1.7000000000007276,4050.55,4038.05,4050.38,4037.88,SL,SL,-26.700000000000728,-25.0,-4.96,BOTH_LOSS,False
68,LOW,4057.43,4063.04,56.10000000000127,4054.93,4067.43,4060.54,4073.04,SL,SL,-81.10000000000127,-25.0,-14.63,BOTH_LOSS,False
69,LOW,4031.89,4038.71,68.20000000000164,4029.39,4041.89,4036.21,4048.71,SL,SL,-93.20000000000164,-25.0,-16.43,BOTH_LOSS,False
71,LOW,3958.43,3957.79,-6.399999999998727,3955.93,3968.43,3955.29,3967.79,SL,SL,-18.600000000001273,-25.0,-3.28,BOTH_LOSS,False
73,HIGH,4043.31,4037.25,60.599999999999454,4045.81,4033.31,4039.75,4027.25,TP,TP,39.400000000000546,100.0,6.93,WIN_PRESERVED,False
74,LOW,3984.92,3986.15,12.300000000000182,3982.42,3994.92,3983.65,3996.15,SL,SL,-37.30000000000018,-25.0,-6.59,BOTH_LOSS,False
75,LOW,3961.88,3964.69,28.099999999999454,3959.38,3971.88,3962.19,3974.69,TP,SL,71.90000000000055,-25.0,12.61,WIN_LOST,False
79,HIGH,4176.01,4175.84,1.7000000000007276,4178.51,4166.01,4178.34,4165.84,SL,SL,-26.700000000000728,-25.0,-4.9,BOTH_LOSS,False
80,HIGH,4182.96,4174.69,82.70000000000437,4185.46,4172.96,4177.19,4164.69,TP,SL,17.299999999995634,-25.0,3.3,WIN_LOST,False
82,LOW,4152.49,4153.14,6.500000000005457,4149.99,4162.49,4150.64,4163.14,SL,SL,-31.500000000005457,-25.0,-5.55,BOTH_LOSS,False
83,LOW,4139.58,4148.57,89.89999999999782,4137.08,4149.58,4146.07,4158.57,TP,TP,10.100000000002183,100.0,1.91,WIN_PRESERVED,False
86,LOW,4106.07,4109.58,35.10000000000218,4103.57,4116.07,4107.08,4119.58,TP,SL,64.89999999999782,-25.0,11.88,WIN_LOST,False
88,LOW,4043.68,4045.19,15.100000000002183,4041.18,4053.68,4042.69,4055.19,TP,TP,84.89999999999782,100.0,15.04,WIN_PRESERVED,False
89,LOW,4036.68,4041.68,50.0,4034.18,4046.68,4039.18,4051.68,SL,SL,-75.0,-25.0,-13.21,BOTH_LOSS,False
90,HIGH,4087.39,4083.9,34.89999999999782,4089.89,4077.39,4086.4,4073.9,TP,TP,65.10000000000218,100.0,11.55,WIN_PRESERVED,False
93,HIGH,4126.11,4121.78,43.29999999999927,4128.61,4116.11,4124.28,4111.78,SL,SL,-68.29999999999927,-25.0,-12.34,BOTH_LOSS,False
94,LOW,4087.97,4093.65,56.80000000000291,4085.47,4097.969999999999,4091.15,4103.65,TP,TP,43.19999999999254,100.0,7.89,WIN_PRESERVED,False
95,LOW,4078.91,4085.36,64.50000000000273,4076.41,4088.91,4082.86,4095.36,TP,SL,35.49999999999727,-25.0,6.4,WIN_LOST,False
96,LOW,4054.93,4055.76,8.30000000000382,4052.43,4064.93,4053.26,4065.76,TP,SL,91.69999999999618,-25.0,16.31,WIN_LOST,False
98,HIGH,4016.65,4010.81,58.400000000001455,4019.15,4006.65,4013.31,4000.81,SL,SL,-83.40000000000146,-25.0,-14.68,BOTH_LOSS,False
100,LOW,4047.07,4054.54,74.699999999998,4044.57,4057.07,4052.04,4064.54,TP,SL,25.300000000002,-25.0,4.43,WIN_LOST,False
102,LOW,4024.39,4025.06,6.700000000000728,4021.89,4034.39,4022.56,4035.06,SL,SL,-31.700000000000728,-25.0,-5.57,BOTH_LOSS,False
105,LOW,3986.45,3990.55,41.00000000000364,3983.95,3996.45,3988.05,4000.55,TP,SL,58.99999999999636,-25.0,10.41,WIN_LOST,False
108,LOW,3999.22,4007.1,78.80000000000109,3996.72,4009.22,4004.6,4017.1,TP,SL,21.19999999999891,-25.0,4.05,WIN_LOST,True
110,HIGH,4066.08,4061.27,48.099999999999454,4068.58,4056.08,4063.77,4051.27,SL,SL,-73.09999999999945,-25.0,-12.91,BOTH_LOSS,False
111,HIGH,4076.63,4075.74,8.900000000003274,4079.13,4066.63,4078.24,4065.74,SL,SL,-33.900000000003274,-25.0,-5.98,BOTH_LOSS,False
114,LOW,4122.05,4122.61,5.599999999994907,4119.55,4132.05,4120.11,4132.61,TP,TP,94.4000000000051,100.0,16.59,WIN_PRESERVED,False
117,LOW,4025.12,4032.16,70.39999999999964,4022.62,4035.12,4029.66,4042.16,SL,SL,-95.39999999999964,-25.0,-16.87,BOTH_LOSS,False
118,HIGH,4074.56,4071.89,26.700000000000728,4077.06,4064.56,4074.39,4061.89,SL,SL,-51.70000000000073,-25.0,-9.1,BOTH_LOSS,False
119,HIGH,4084.72,4084.59,1.299999999996544,4087.22,4074.72,4087.09,4074.59,SL,SL,-26.299999999996544,-25.0,-4.62,BOTH_LOSS,False
120,LOW,4076.59,4074.61,-19.800000000000182,4074.09,4086.59,4072.11,4084.61,SL,SL,-5.199999999999818,-25.0,-0.98,BOTH_LOSS,False
121,LOW,4024.25,4026.84,25.900000000001455,4021.75,4034.25,4024.34,4036.84,TP,SL,74.09999999999854,-25.0,13.2,WIN_LOST,False
122,HIGH,4034.75,4029.22,55.300000000002,4037.25,4024.75,4031.72,4019.22,TP,SL,44.699999999998,-25.0,7.86,WIN_LOST,False
123,LOW,3999.53,4005.8,62.69999999999982,3997.03,4009.53,4003.3,4015.8,TP,SL,37.30000000000018,-25.0,6.69,WIN_LOST,False
124,HIGH,4041.93,4039.08,28.49999999999909,4044.43,4031.93,4041.58,4029.08,SL,SL,-53.49999999999909,-25.0,-9.64,BOTH_LOSS,False
125,LOW,4033.69,4033.95,2.5999999999976353,4031.19,4043.69,4031.45,4043.95,SL,SL,-27.599999999997635,-25.0,-5.02,BOTH_LOSS,False
127,HIGH,4112.17,4110.6,15.69999999999709,4114.67,4102.17,4113.1,4100.6,TP,TP,84.30000000000291,100.0,15.1,WIN_PRESERVED,False
128,LOW,4075.95,4076.24,2.899999999999636,4073.45,4085.95,4073.74,4086.24,SL,SL,-27.899999999999636,-25.0,-4.85,BOTH_LOSS,False
129,LOW,4042.92,4049.49,65.69999999999709,4040.42,4052.92,4046.99,4059.49,SL,SL,-90.69999999999709,-25.0,-15.79,BOTH_LOSS,False
130,HIGH,4066.66,4063.55,31.099999999996726,4069.16,4056.66,4066.05,4053.55,SL,SL,-56.099999999996726,-25.0,-9.74,BOTH_LOSS,False
132,LOW,4034.37,4036.88,25.100000000002183,4031.87,4044.37,4034.38,4046.88,SL,SL,-50.10000000000218,-25.0,-8.81,BOTH_LOSS,False
134,HIGH,4089.89,4083.57,63.19999999999709,4092.39,4079.89,4086.07,4073.57,TP,SL,36.80000000000291,-25.0,6.47,WIN_LOST,False
140,LOW,4238.71,4248.04,93.29999999999927,4236.21,4248.71,4245.54,4258.04,TP,TP,6.700000000000728,100.0,2.03,WIN_PRESERVED,False
141,HIGH,4256.52,4249.52,70.0,4259.02,4246.52,4252.02,4239.52,SL,SL,-95.0,-25.0,-16.53,BOTH_LOSS,False
143,HIGH,4320.19,4314.9,52.899999999999636,4322.69,4310.19,4317.4,4304.9,TP,TP,47.100000000000364,100.0,13.79,WIN_PRESERVED,False
144,LOW,4323.68,4324.94,12.599999999993088,4321.18,4333.68,4322.44,4334.94,SL,SL,-37.59999999999309,-25.0,-6.7,BOTH_LOSS,False
145,HIGH,4354.97,4350.99,39.80000000000473,4357.47,4344.97,4353.49,4340.99,SL,SL,-64.80000000000473,-25.0,-12.44,BOTH_LOSS,False
147,HIGH,4358.48,4351.53,69.49999999999818,4360.98,4348.48,4354.03,4341.53,SL,SL,-94.49999999999818,-25.0,-16.69,BOTH_LOSS,False
148,HIGH,4379.57,4378.6,9.699999999993452,4382.07,4369.57,4381.1,4368.6,SL,SL,-34.69999999999345,-25.0,-6.12,BOTH_LOSS,False
149,HIGH,4429.45,4428.3,11.499999999996362,4431.95,4419.45,4430.8,4418.3,TP,TP,88.50000000000364,100.0,15.39,WIN_PRESERVED,False
151,LOW,4364.05,4371.51,74.60000000000036,4361.55,4374.05,4369.01,4381.51,SL,SL,-99.60000000000036,-25.0,-17.28,BOTH_LOSS,False
153,HIGH,4436.91,4427.62,92.89999999999964,4439.41,4426.91,4430.12,4417.62,TP,SL,7.100000000000364,-25.0,1.4,WIN_LOST,False
155,LOW,4368.0,4369.85,18.500000000003638,4365.5,4378.0,4367.35,4379.85,SL,SL,-43.50000000000364,-25.0,-7.61,BOTH_LOSS,False
156,LOW,4347.21,4351.91,46.99999999999818,4344.71,4357.21,4349.41,4361.91,TP,SL,53.00000000000182,-25.0,7.53,WIN_LOST,False
157,LOW,4324.56,4326.08,15.19999999999527,4322.06,4334.56,4323.58,4336.08,SL,SL,-40.19999999999527,-25.0,-7.12,BOTH_LOSS,False
158,HIGH,4393.71,4384.29,94.20000000000073,4396.21,4383.71,4386.79,4374.29,TP,SL,5.799999999999272,-25.0,1.19,WIN_LOST,False
159,HIGH,4400.69,4395.48,52.100000000000364,4403.19,4390.69,4397.98,4385.48,TP,SL,47.899999999999636,-25.0,8.27,WIN_LOST,False
162,LOW,4401.39,4402.63,12.399999999997817,4398.89,4411.39,4400.13,4412.63,SL,SL,-37.39999999999782,-25.0,-6.6,BOTH_LOSS,False
164,HIGH,4355.3,4353.4,19.000000000005457,4357.8,4345.3,4355.9,4343.4,SL,SL,-44.00000000000546,-25.0,-7.87,BOTH_LOSS,False
170,HIGH,4537.85,4533.59,42.60000000000218,4540.35,4527.85,4536.09,4523.59,TP,SL,57.39999999999782,-25.0,9.87,WIN_LOST,False
171,HIGH,4553.54,4550.69,28.500000000003638,4556.04,4543.54,4553.19,4540.69,SL,SL,-53.50000000000364,-25.0,-9.34,BOTH_LOSS,False
174,HIGH,4650.28,4643.56,67.19999999999345,4652.78,4640.28,4646.06,4633.56,TP,TP,32.80000000000655,100.0,5.92,WIN_PRESERVED,False
175,HIGH,4677.01,4672.18,48.29999999999927,4679.51,4667.01,4674.68,4662.18,SL,SL,-73.29999999999927,-25.0,-12.6,BOTH_LOSS,True
176,LOW,4632.38,4640.85,84.70000000000255,4629.88,4642.38,4638.35,4650.85,SL,SL,-109.70000000000255,-25.0,-18.92,BOTH_LOSS,False
179,LOW,4609.96,4613.18,32.20000000000255,4607.46,4619.96,4610.68,4623.18,SL,SL,-57.20000000000255,-25.0,-9.89,BOTH_LOSS,False
