sweep_id,level_id,side,trigger_price,armed_time,reclaim_time,reclaim_delay_sec,max_pen,entry_attempts,opened,open_time,fill_price,slippage_pips,outcome,pnl,reclaim_to_open_delay_sec,abandoned
1,3,LOW,4511.07,2026-06-01T06:45:00,2026-06-01T07:00:02,902,54.7,1,True,2026-06-01T07:00:02,4516.63,55.600000000004,SL,-13.88,0.0,True
2,4,LOW,4504.91,2026-06-01T09:45:00,2026-06-01T10:15:00,1800,64.7,1,True,2026-06-01T10:15:00,4507.66,27.5,SL,-9.03,0.0,True
3,8,LOW,4484.7,2026-06-01T16:15:00,,,,0,False,,,,,,,True
4,10,HIGH,4504.49,2026-06-02T07:15:00,2026-06-02T07:30:00,900,75.3,1,True,2026-06-02T07:30:00,4504.38,1.0999999999967258,SL,-5.11,0.0,True
5,14,LOW,4508.48,2026-06-02T16:45:00,,,,0,False,,,,,,,True
6,22,LOW,4457.42,2026-06-03T09:00:00,2026-06-03T09:15:00,900,57.3,1,True,2026-06-03T09:15:00,4466.4,89.79999999999563,TP,1.76,0.0,True
7,26,LOW,4427.26,2026-06-03T16:45:00,2026-06-03T17:00:00,900,115.5,12,False,,,,,,,True
8,29,HIGH,4457.19,2026-06-04T03:00:00,2026-06-04T03:15:00,900,51.3,1,True,2026-06-04T03:15:00,4453.32,38.69999999999891,TP,10.66,0.0,True
9,31,HIGH,4474.57,2026-06-04T06:00:00,2026-06-04T06:15:00,900,93.1,1,True,2026-06-04T06:15:00,4471.67,28.999999999996362,TP,12.24,0.0,True
10,33,HIGH,4489.74,2026-06-04T14:30:00,,,,0,False,,,,,,,True
11,41,LOW,4446.43,2026-06-05T04:45:00,2026-06-05T05:00:00,900,40.4,1,True,2026-06-05T05:00:00,4447.12,6.899999999995998,SL,-5.75,0.0,True
12,45,LOW,4406.87,2026-06-05T16:00:00,2026-06-05T16:15:00,900,216.3,2,True,2026-06-05T16:30:00,4405.46,-14.099999999998545,SL,-1.9,900.0,True
13,48,LOW,4318.4,2026-06-05T21:45:00,2026-06-05T22:00:00,900,49.4,1,True,2026-06-05T22:00:00,4322.73,43.29999999999927,SL,-12.02,0.0,True
14,49,HIGH,4351.26,2026-06-08T03:30:00,2026-06-08T03:45:00,900,40.9,1,True,2026-06-08T03:45:00,4345.14,61.19999999999891,TP,6.73,0.0,True
15,52,LOW,4305.17,2026-06-08T06:15:00,2026-06-08T06:30:00,900,37.9,1,True,2026-06-08T06:30:00,4307.64,24.700000000002547,TP,13.16,0.0,True
16,54,LOW,4288.41,2026-06-08T08:45:00,2026-06-08T09:00:00,900,115.0,1,True,2026-06-08T09:00:00,4292.44,40.29999999999745,TP,10.61,0.0,True
17,55,HIGH,4325.11,2026-06-08T14:30:00,2026-06-08T14:45:00,900,84.2,1,True,2026-06-08T14:45:00,4323.83,12.799999999997453,SL,-6.59,0.0,True
18,57,HIGH,4343.79,2026-06-08T19:45:00,,,,0,False,,,,,,,True
19,62,HIGH,4348.38,2026-06-09T08:45:00,2026-06-09T09:00:00,900,63.4,1,True,2026-06-09T09:00:00,4343.46,49.20000000000073,TP,8.94,0.0,True
20,66,LOW,4318.31,2026-06-09T17:30:00,,,,0,False,,,,,,,True
21,70,LOW,4237.59,2026-06-10T02:00:00,,,,0,False,,,,,,,True
22,72,LOW,4187.53,2026-06-10T04:45:00,2026-06-10T05:00:00,900,113.2,1,True,2026-06-10T05:00:00,4189.06,15.300000000006548,SL,-7.0,0.0,True
23,73,LOW,4166.99,2026-06-10T11:15:00,2026-06-10T11:30:00,900,53.2,1,True,2026-06-10T11:30:00,4172.45,54.600000000000364,TP,8.31,0.0,True
24,75,LOW,4154.64,2026-06-10T14:45:00,2026-06-10T15:45:00,3600,247.9,1,True,2026-06-10T15:45:00,4161.06,64.20000000000073,TP,6.43,0.0,True
25,77,LOW,4125.52,2026-06-10T18:00:00,2026-06-10T18:30:00,1800,68.3,1,True,2026-06-10T18:30:00,4128.2,26.799999999993815,SL,-9.06,0.0,True
26,79,LOW,4102.72,2026-06-10T20:45:00,2026-06-10T21:00:00,900,40.0,1,True,2026-06-10T21:00:00,4112.15,94.29999999999382,TP,1.13,0.0,True
27,81,LOW,4056.9,2026-06-11T01:15:00,2026-06-11T01:45:00,1800,219.5,1,True,2026-06-11T01:45:00,4063.11,62.100000000000364,SL,-15.49,0.0,True
28,82,HIGH,4086.53,2026-06-11T04:15:00,2026-06-11T05:30:00,4500,354.9,1,True,2026-06-11T05:30:00,4082.34,41.900000000000546,TP,10.23,0.0,True
29,88,HIGH,4102.46,2026-06-11T19:15:00,2026-06-11T19:30:00,900,62.2,2,False,,,,,,,True
30,90,HIGH,4166.31,2026-06-11T20:45:00,2026-06-11T21:00:00,900,588.5,4,True,2026-06-11T21:45:00,4164.54,17.700000000004366,SL,-8.18,2700.0,True
31,92,HIGH,4225.61,2026-06-12T01:45:00,2026-06-12T02:15:00,1800,230.7,1,True,2026-06-12T02:15:00,4223.5,21.099999999996726,TP,13.77,0.0,True
32,95,LOW,4187.52,2026-06-12T04:15:00,2026-06-12T05:15:00,3600,207.4,1,True,2026-06-12T05:15:00,4194.31,67.89999999999964,SL,-16.22,0.0,True
33,96,HIGH,4218.14,2026-06-12T11:45:00,,,,0,False,,,,,,,True
34,101,LOW,4184.64,2026-06-12T17:45:00,2026-06-12T18:00:00,900,37.2,8,False,,,,,,,True
35,104,HIGH,4285.06,2026-06-15T01:45:00,2026-06-15T02:15:00,1800,501.8,1,True,2026-06-15T02:15:00,4282.81,22.5,SL,-8.25,0.0,True
36,106,HIGH,4317.58,2026-06-15T04:45:00,2026-06-15T05:00:00,900,87.7,1,True,2026-06-15T05:00:00,4316.52,10.599999999994907,SL,-6.5,0.0,True
37,108,HIGH,4340.87,2026-06-15T11:45:00,,,,0,False,,,,,,,True
38,110,HIGH,4349.23,2026-06-15T16:15:00,2026-06-15T19:30:00,11700,182.7,1,True,2026-06-15T19:30:00,4342.67,65.5999999999949,TP,6.07,0.0,True
39,114,LOW,4330.15,2026-06-15T20:30:00,,,,0,False,,,,,,,True
40,115,HIGH,4331.65,2026-06-16T06:45:00,2026-06-16T07:00:00,900,110.9,1,True,2026-06-16T07:00:00,4330.16,14.899999999997817,TP,14.87,0.0,True
41,117,HIGH,4340.99,2026-06-16T11:30:00,2026-06-16T16:30:00,18000,138.6,1,True,2026-06-16T16:30:00,4334.87,61.19999999999891,TP,6.73,0.0,True
42,120,LOW,4320.02,2026-06-16T17:30:00,2026-06-16T17:45:00,900,149.3,9,False,,,,,,,True
43,124,HIGH,4360.12,2026-06-17T17:30:00,2026-06-17T17:45:00,900,246.6,1,True,2026-06-17T17:45:00,4351.83,82.89999999999964,TP,3.43,0.0,True
44,126,HIGH,4376.35,2026-06-17T20:45:00,2026-06-17T21:15:00,1800,125.8,11,False,,,,,,,True
45,127,LOW,4284.79,2026-06-17T21:15:00,2026-06-17T21:30:00,900,391.3,1,True,2026-06-17T21:30:00,4292.94,81.49999999999636,TP,4.07,0.0,True
46,130,HIGH,4322.85,2026-06-18T04:15:00,2026-06-18T04:30:00,900,76.8,1,True,2026-06-18T04:30:00,4318.95,39.00000000000546,SL,-11.25,0.0,True
47,133,LOW,4299.31,2026-06-18T09:15:00,2026-06-18T09:30:00,900,74.3,1,True,2026-06-18T09:30:00,4305.29,59.799999999995634,SL,-14.74,0.0,True
48,136,LOW,4236.08,2026-06-18T18:30:00,,,,0,False,,,,,,,True
49,138,LOW,4207.83,2026-06-18T22:15:00,2026-06-18T22:45:00,1800,83.5,1,True,2026-06-18T22:45:00,4214.42,65.90000000000146,TP,5.95,0.0,True
50,140,LOW,4196.27,2026-06-19T02:15:00,2026-06-19T02:30:00,900,50.1,1,True,2026-06-19T02:30:00,4197.77,15.0,SL,-7.12,0.0,True
51,142,LOW,4180.16,2026-06-19T05:15:00,,,,0,False,,,,,,,True
52,147,HIGH,4200.83,2026-06-22T04:00:00,2026-06-22T04:45:00,2700,287.5,1,True,2026-06-22T04:45:00,4200.73,1.000000000003638,TP,17.41,0.0,True
53,152,HIGH,4212.72,2026-06-22T13:15:00,2026-06-22T14:45:00,5400,55.8,1,True,2026-06-22T14:45:00,4206.48,62.40000000000691,TP,6.64,0.0,True
54,158,LOW,4154.51,2026-06-23T04:45:00,2026-06-23T05:00:00,900,236.9,1,True,2026-06-23T05:00:00,4161.7,71.899999999996,SL,-17.15,0.0,True
55,160,LOW,4105.3,2026-06-23T10:45:00,2026-06-23T11:45:00,3600,202.4,1,True,2026-06-23T11:45:00,4109.94,46.39999999999418,SL,-12.55,0.0,True
56,163,HIGH,4137.52,2026-06-23T17:15:00,2026-06-23T17:30:00,900,44.0,1,True,2026-06-23T17:30:00,4132.44,50.80000000000837,TP,8.7,0.0,True
57,167,LOW,4099.58,2026-06-24T03:00:00,2026-06-24T03:15:00,900,76.7,1,True,2026-06-24T03:15:00,4107.5,79.20000000000073,SL,-18.83,0.0,True
58,169,LOW,4073.9,2026-06-24T05:30:00,,,,0,False,,,,,,,True
59,173,LOW,4056.0,2026-06-24T14:00:00,,,,0,False,,,,,,,True
60,180,LOW,3968.26,2026-06-25T05:15:00,2026-06-25T05:30:00,900,100.7,4,True,2026-06-25T06:15:00,3971.0,27.399999999997817,TP,13.37,2700.0,True
61,183,HIGH,4005.36,2026-06-25T15:45:00,,,,0,False,,,,,,,True
62,185,HIGH,4030.72,2026-06-25T16:15:00,2026-06-25T16:30:00,900,118.5,1,True,2026-06-25T16:30:00,4021.92,87.99999999999727,TP,2.45,0.0,True
63,190,LOW,4014.84,2026-06-26T03:00:00,2026-06-26T03:15:00,900,68.3,1,True,2026-06-26T03:15:00,4019.9,50.599999999999454,SL,-13.4,0.0,True
64,192,LOW,3992.63,2026-06-26T05:45:00,2026-06-26T06:15:00,1800,201.1,1,True,2026-06-26T06:15:00,3997.98,53.49999999999909,TP,8.27,0.0,True
65,193,HIGH,4037.7,2026-06-26T10:30:00,2026-06-26T10:45:00,900,84.4,1,True,2026-06-26T10:45:00,4031.27,64.29999999999836,TP,6.5,0.0,True
66,195,HIGH,4048.05,2026-06-26T12:30:00,2026-06-26T12:45:00,900,85.1,1,True,2026-06-26T12:45:00,4047.88,1.7000000000007276,SL,-4.96,0.0,True
67,197,HIGH,4073.09,2026-06-26T17:00:00,,,,0,False,,,,,,,True
68,200,LOW,4057.43,2026-06-29T02:30:00,2026-06-29T02:45:00,900,68.6,1,True,2026-06-29T02:45:00,4063.04,56.10000000000127,SL,-14.63,0.0,True
69,205,LOW,4031.89,2026-06-29T13:00:00,2026-06-29T13:15:00,900,72.9,1,True,2026-06-29T13:15:00,4038.71,68.20000000000164,SL,-16.43,0.0,True
70,207,LOW,4008.97,2026-06-29T17:15:00,2026-06-29T17:30:00,900,153.7,10,False,,,,,,,True
71,211,LOW,3958.43,2026-06-30T04:15:00,2026-06-30T04:30:00,900,209.2,4,True,2026-06-30T05:15:00,3957.79,-6.399999999998727,SL,-3.28,2700.0,True
72,212,HIGH,4011.79,2026-06-30T09:30:00,,,,0,False,,,,,,,True
73,216,HIGH,4043.31,2026-06-30T17:15:00,2026-06-30T18:00:00,2700,167.6,1,True,2026-06-30T18:00:00,4037.25,60.599999999999454,TP,6.93,0.0,True
74,219,LOW,3984.92,2026-07-01T04:15:00,2026-07-01T04:30:00,900,80.2,1,True,2026-07-01T04:30:00,3986.15,12.300000000000182,SL,-6.59,0.0,True
75,221,LOW,3961.88,2026-07-01T10:15:00,2026-07-01T10:30:00,900,80.7,1,True,2026-07-01T10:30:00,3964.69,28.099999999999454,TP,12.61,0.0,True
76,222,HIGH,3998.2,2026-07-01T14:00:00,,,,0,False,,,,,,,True
77,224,HIGH,4046.73,2026-07-01T16:30:00,,,,0,False,,,,,,,True
78,233,HIGH,4132.27,2026-07-02T15:45:00,,,,0,False,,,,,,,True
79,239,HIGH,4176.01,2026-07-03T04:15:00,2026-07-03T07:00:00,9900,364.2,1,True,2026-07-03T07:00:00,4175.84,1.7000000000007276,SL,-4.9,0.0,True
80,246,HIGH,4182.96,2026-07-06T03:00:00,2026-07-06T03:15:00,900,38.3,1,True,2026-07-06T03:15:00,4174.69,82.70000000000437,TP,3.3,0.0,True
81,249,LOW,4166.15,2026-07-06T06:30:00,,,,0,False,,,,,,,True
82,251,LOW,4152.49,2026-07-06T08:15:00,2026-07-06T08:30:00,900,47.6,1,True,2026-07-06T08:30:00,4153.14,6.500000000005457,SL,-5.55,0.0,True
83,253,LOW,4139.58,2026-07-06T12:45:00,2026-07-06T13:15:00,1800,51.1,1,True,2026-07-06T13:15:00,4148.57,89.89999999999782,TP,1.91,0.0,True
84,254,HIGH,4163.92,2026-07-06T21:45:02,,,,0,False,,,,,,,True
85,260,HIGH,4142.96,2026-07-07T14:30:00,,,,0,False,,,,,,,True
86,265,LOW,4106.07,2026-07-07T22:15:00,2026-07-07T22:45:00,1800,319.1,1,True,2026-07-07T22:45:00,4109.58,35.10000000000218,TP,11.88,0.0,True
87,271,LOW,4089.25,2026-07-08T11:30:00,,,,0,False,,,,,,,True
88,273,LOW,4043.68,2026-07-08T13:00:00,2026-07-08T13:15:00,900,84.4,1,True,2026-07-08T13:15:00,4045.19,15.100000000002183,TP,15.04,0.0,True
89,275,LOW,4036.68,2026-07-08T17:45:00,2026-07-08T18:00:00,900,37.5,1,True,2026-07-08T18:00:00,4041.68,50.0,SL,-13.21,0.0,True
90,276,HIGH,4087.39,2026-07-08T22:15:00,2026-07-08T22:45:00,1800,54.4,1,True,2026-07-08T22:45:00,4083.9,34.89999999999782,TP,11.55,0.0,True
91,281,LOW,4065.31,2026-07-09T06:00:00,,,,0,False,,,,,,,True
92,282,HIGH,4091.85,2026-07-09T09:15:00,,,,0,False,,,,,,,True
93,285,HIGH,4126.11,2026-07-09T16:30:00,2026-07-09T17:00:00,1800,46.0,1,True,2026-07-09T17:00:00,4121.78,43.29999999999927,SL,-12.34,0.0,True
94,295,LOW,4087.97,2026-07-10T16:30:00,2026-07-10T16:45:00,900,63.7,6,True,2026-07-10T18:00:00,4093.65,56.80000000000291,TP,7.89,4500.0,True
95,298,LOW,4078.91,2026-07-13T01:45:00,2026-07-13T03:00:00,4500,270.8,1,True,2026-07-13T03:00:00,4085.36,64.50000000000273,TP,6.4,0.0,True
96,300,LOW,4054.93,2026-07-13T07:15:00,2026-07-13T07:30:00,900,59.8,1,True,2026-07-13T07:30:00,4055.76,8.30000000000382,TP,16.31,0.0,True
97,306,LOW,4036.19,2026-07-13T17:15:00,,,,0,False,,,,,,,True
98,308,HIGH,4016.65,2026-07-14T05:15:00,2026-07-14T05:45:00,1800,107.2,1,True,2026-07-14T05:45:00,4010.81,58.400000000001455,SL,-14.68,0.0,True
99,312,HIGH,4092.92,2026-07-14T15:45:00,,,,0,False,,,,,,,True
100,317,LOW,4047.07,2026-07-14T21:45:00,2026-07-14T22:00:00,900,104.5,1,True,2026-07-14T22:00:00,4054.54,74.699999999998,TP,4.43,0.0,True
101,319,LOW,4035.59,2026-07-15T06:00:00,,,,0,False,,,,,,,True
102,321,LOW,4024.39,2026-07-15T10:30:00,2026-07-15T11:00:00,1800,47.3,1,True,2026-07-15T11:00:00,4025.06,6.700000000000728,SL,-5.57,0.0,True
103,322,HIGH,4062.86,2026-07-15T15:45:00,,,,0,False,,,,,,,True
104,329,LOW,4003.03,2026-07-16T15:45:00,,,,0,False,,,,,,,True
105,331,LOW,3986.45,2026-07-16T16:45:00,2026-07-16T17:00:00,900,36.6,1,True,2026-07-16T17:00:00,3990.55,41.00000000000364,TP,10.41,0.0,True
106,339,HIGH,4005.74,2026-07-17T18:15:00,,,,0,False,,,,,,,True
107,345,HIGH,4014.72,2026-07-20T05:45:00,,,,0,False,,,,,,,True
108,350,LOW,3999.22,2026-07-20T17:15:00,2026-07-20T17:30:00,900,71.6,1,True,2026-07-20T17:30:00,4007.1,78.80000000000109,TP,4.05,0.0,True
109,353,HIGH,4035.48,2026-07-21T05:45:00,,,,0,False,,,,,,,True
110,355,HIGH,4066.08,2026-07-21T08:45:00,2026-07-21T09:00:00,900,145.2,1,True,2026-07-21T09:00:00,4061.27,48.099999999999454,SL,-12.91,0.0,True
111,357,HIGH,4076.63,2026-07-21T18:30:00,2026-07-21T18:45:00,900,66.4,1,True,2026-07-21T18:45:00,4075.74,8.900000000003274,SL,-5.98,0.0,True
112,361,HIGH,4115.24,2026-07-22T04:30:00,,,,0,False,,,,,,,True
113,366,HIGH,4142.58,2026-07-22T16:45:00,,,,0,False,,,,,,,True
114,369,LOW,4122.05,2026-07-23T04:45:00,2026-07-23T05:45:00,3600,115.0,1,True,2026-07-23T05:45:00,4122.61,5.599999999994907,TP,16.59,0.0,True
115,372,LOW,4096.1,2026-07-23T10:45:00,,,,0,False,,,,,,,True
116,374,LOW,4081.72,2026-07-23T15:15:00,,,,0,False,,,,,,,True
117,378,LOW,4025.12,2026-07-24T06:00:00,2026-07-24T06:15:00,900,159.5,1,True,2026-07-24T06:15:00,4032.16,70.39999999999964,SL,-16.87,0.0,True
118,381,HIGH,4074.56,2026-07-24T18:15:00,2026-07-24T18:45:00,1800,112.8,1,True,2026-07-24T18:45:00,4071.89,26.700000000000728,SL,-9.1,0.0,True
119,385,HIGH,4084.72,2026-07-27T02:15:00,2026-07-27T02:30:00,900,150.7,1,True,2026-07-27T02:30:00,4084.59,1.299999999996544,SL,-4.62,0.0,True
120,390,LOW,4076.59,2026-07-27T16:30:00,2026-07-27T16:45:00,900,49.5,2,True,2026-07-27T17:00:00,4074.61,-19.800000000000182,SL,-0.98,900.0,True
121,394,LOW,4024.25,2026-07-28T13:15:00,2026-07-28T14:00:00,2700,168.9,1,True,2026-07-28T14:00:00,4026.84,25.900000000001455,TP,13.2,0.0,True
122,398,HIGH,4034.75,2026-07-29T05:45:00,2026-07-29T06:00:00,900,44.2,1,True,2026-07-29T06:00:00,4029.22,55.300000000002,TP,7.86,0.0,True
123,400,LOW,3999.53,2026-07-29T17:15:00,2026-07-29T17:30:00,900,94.5,1,True,2026-07-29T17:30:00,4005.8,62.69999999999982,TP,6.69,0.0,True
124,401,HIGH,4041.93,2026-07-29T20:15:00,2026-07-29T20:30:00,900,92.0,1,True,2026-07-29T20:30:00,4039.08,28.49999999999909,SL,-9.64,0.0,True
125,406,LOW,4033.69,2026-07-30T08:45:00,2026-07-30T09:00:00,900,105.8,1,True,2026-07-30T09:00:00,4033.95,2.5999999999976353,SL,-5.02,0.0,True
126,407,HIGH,4076.33,2026-07-30T13:30:00,,,,0,False,,,,,,,True
127,409,HIGH,4112.17,2026-07-30T17:00:00,2026-07-30T17:15:00,900,256.1,3,True,2026-07-30T17:45:00,4110.6,15.69999999999709,TP,15.1,1800.0,True
128,413,LOW,4075.95,2026-07-31T05:45:00,2026-07-31T06:00:00,900,143.4,1,True,2026-07-31T06:00:00,4076.24,2.899999999999636,SL,-4.85,0.0,True
129,415,LOW,4042.92,2026-07-31T16:30:00,2026-07-31T18:00:00,5400,285.6,1,True,2026-07-31T18:00:00,4049.49,65.69999999999709,SL,-15.79,0.0,True
130,419,HIGH,4066.66,2026-08-03T01:45:00,2026-08-03T02:00:00,900,111.9,1,True,2026-08-03T02:00:00,4063.55,31.099999999996726,SL,-9.74,0.0,True
131,424,LOW,4045.26,2026-08-03T15:45:00,,,,0,False,,,,,,,True
132,426,LOW,4034.37,2026-08-03T16:30:00,2026-08-03T17:45:00,4500,94.7,1,True,2026-08-03T17:45:00,4036.88,25.100000000002183,SL,-8.81,0.0,True
133,428,HIGH,4077.88,2026-08-04T15:45:00,,,,0,False,,,,,,,True
134,429,HIGH,4089.89,2026-08-04T17:15:00,2026-08-04T17:30:00,900,57.0,1,True,2026-08-04T17:30:00,4083.57,63.19999999999709,TP,6.47,0.0,True
135,432,HIGH,4099.6,2026-08-05T05:15:00,,,,0,False,,,,,,,True
136,434,HIGH,4156.82,2026-08-05T08:45:00,,,,0,False,,,,,,,True
137,436,HIGH,4184.6,2026-08-05T14:45:00,,,,0,False,,,,,,,True
138,437,HIGH,4229.51,2026-08-05T17:15:00,,,,0,False,,,,,,,True
139,440,HIGH,4273.72,2026-08-06T03:30:00,,,,0,False,,,,,,,True
140,446,LOW,4238.71,2026-08-06T16:15:00,2026-08-06T16:30:00,900,82.3,1,True,2026-08-06T16:30:00,4248.04,93.29999999999927,TP,2.03,0.0,True
141,452,HIGH,4256.52,2026-08-07T04:45:00,2026-08-07T05:45:00,3600,76.7,1,True,2026-08-07T05:45:00,4249.52,70.0,SL,-16.53,0.0,True
142,454,HIGH,4278.47,2026-08-07T09:00:00,,,,0,False,,,,,,,True
143,455,HIGH,4320.19,2026-08-07T14:15:00,2026-08-07T15:15:00,3600,85.1,1,True,2026-08-07T15:15:00,4314.9,52.899999999999636,TP,13.79,0.0,True
144,460,LOW,4323.68,2026-08-10T04:15:00,2026-08-10T05:15:00,3600,103.5,1,True,2026-08-10T05:15:00,4324.94,12.599999999993088,SL,-6.7,0.0,True
145,462,HIGH,4354.97,2026-08-10T09:45:00,2026-08-10T10:15:00,1800,70.8,1,True,2026-08-10T10:15:00,4350.99,39.80000000000473,SL,-12.44,0.0,True
146,467,LOW,4318.29,2026-08-10T17:00:00,2026-08-10T17:15:00,900,56.8,11,False,,,,,,,True
147,466,HIGH,4358.48,2026-08-10T19:00:00,2026-08-10T19:45:00,2700,126.9,1,True,2026-08-10T19:45:00,4351.53,69.49999999999818,SL,-16.69,0.0,True
148,468,HIGH,4379.57,2026-08-10T21:45:00,2026-08-10T22:00:00,900,149.4,1,True,2026-08-10T22:00:00,4378.6,9.699999999993452,SL,-6.12,0.0,True
149,470,HIGH,4429.45,2026-08-11T05:00:00,2026-08-11T05:30:00,1800,145.2,1,True,2026-08-11T05:30:00,4428.3,11.499999999996362,TP,15.39,0.0,True
150,473,LOW,4377.55,2026-08-11T08:45:00,,,,0,False,,,,,,,True
151,478,LOW,4364.05,2026-08-11T21:15:00,2026-08-11T21:45:00,1800,72.9,1,True,2026-08-11T21:45:00,4371.51,74.60000000000036,SL,-17.28,0.0,True
152,479,HIGH,4390.4,2026-08-12T04:30:00,,,,0,False,,,,,,,True
153,481,HIGH,4436.91,2026-08-12T16:00:00,2026-08-12T16:15:00,900,266.6,4,True,2026-08-12T17:00:00,4427.62,92.89999999999964,TP,1.4,2700.0,True
154,489,LOW,4383.17,2026-08-13T09:00:00,,,,0,False,,,,,,,True
155,492,LOW,4368.0,2026-08-13T17:30:00,2026-08-13T17:45:00,900,42.2,3,True,2026-08-13T18:15:00,4369.85,18.500000000003638,SL,-7.61,1800.0,True
156,493,LOW,4347.21,2026-08-13T22:15:00,2026-08-13T22:30:00,900,38.3,1,True,2026-08-13T22:30:00,4351.91,46.99999999999818,TP,7.53,0.0,True
157,495,LOW,4324.56,2026-08-14T04:15:00,2026-08-14T06:30:00,8100,163.4,1,True,2026-08-14T06:30:00,4326.08,15.19999999999527,SL,-7.12,0.0,True
158,498,HIGH,4393.71,2026-08-14T16:45:00,2026-08-14T17:00:00,900,69.4,1,True,2026-08-14T17:00:00,4384.29,94.20000000000073,TP,1.19,0.0,True
159,500,HIGH,4400.69,2026-08-17T04:00:00,2026-08-17T05:00:00,3600,122.4,1,True,2026-08-17T05:00:00,4395.48,52.100000000000364,TP,8.27,0.0,True
160,506,LOW,4378.67,2026-08-17T15:45:00,,,,0,False,,,,,,,True
161,507,HIGH,4412.26,2026-08-17T17:15:00,,,,0,False,,,,,,,True
162,511,LOW,4401.39,2026-08-18T05:15:00,2026-08-18T05:30:00,900,82.5,1,True,2026-08-18T05:30:00,4402.63,12.399999999997817,SL,-6.6,0.0,True
163,513,LOW,4380.02,2026-08-18T17:45:00,,,,0,False,,,,,,,True
164,518,HIGH,4355.3,2026-08-19T04:45:00,2026-08-19T05:15:00,1800,91.5,1,True,2026-08-19T05:15:00,4353.4,19.000000000005457,SL,-7.87,0.0,True
165,522,HIGH,4417.48,2026-08-19T15:45:00,,,,0,False,,,,,,,True
166,524,HIGH,4456.05,2026-08-19T16:15:00,,,,0,False,,,,,,,True
167,526,HIGH,4503.1,2026-08-19T22:15:00,,,,0,False,,,,,,,True
168,531,LOW,4467.32,2026-08-20T15:00:00,,,,0,False,,,,,,,True
169,532,HIGH,4499.13,2026-08-20T17:45:00,,,,0,False,,,,,,,True
170,536,HIGH,4537.85,2026-08-21T05:45:00,2026-08-21T06:00:00,900,51.8,1,True,2026-08-21T06:00:00,4533.59,42.60000000000218,TP,9.87,0.0,True
171,537,HIGH,4553.54,2026-08-21T09:00:00,2026-08-21T09:15:00,900,58.3,1,True,2026-08-21T09:15:00,4550.69,28.500000000003638,SL,-9.34,0.0,True
172,540,HIGH,4609.38,2026-08-21T18:45:00,,,,0,False,,,,,,,True
173,543,HIGH,4637.23,2026-08-24T03:15:00,2026-08-24T03:30:00,900,51.6,2,False,,,,,,,True
174,545,HIGH,4650.28,2026-08-24T05:15:00,2026-08-24T05:45:00,1800,144.8,2,True,2026-08-24T06:00:00,4643.56,67.19999999999345,TP,5.92,900.0,True
175,551,HIGH,4677.01,2026-08-24T16:15:00,2026-08-24T16:30:00,900,70.9,1,True,2026-08-24T16:30:00,4672.18,48.29999999999927,SL,-12.6,0.0,True
176,554,LOW,4632.38,2026-08-24T21:15:00,2026-08-24T21:30:00,900,73.4,1,True,2026-08-24T21:30:00,4640.85,84.70000000000255,SL,-18.92,0.0,True
177,555,HIGH,4661.29,2026-08-25T01:45:00,,,,0,False,,,,,,,True
178,558,LOW,4642.24,2026-08-25T05:15:00,2026-08-25T05:30:00,900,96.1,10,False,,,,,,,True
179,564,LOW,4609.96,2026-08-25T16:30:00,2026-08-25T16:45:00,900,139.5,1,True,2026-08-25T16:45:00,4613.18,32.20000000000255,SL,-9.89,0.0,True
180,563,HIGH,4656.02,2026-08-25T18:45:00,2026-08-25T19:00:00,900,87.8,4,False,,,,,,,True
181,565,HIGH,4666.74,2026-08-25T23:00:00,2026-08-25T23:15:00,900,73.3,1,True,2026-08-25T23:15:00,,,,,0.0,False
