bar_time,raw_dir,c1,c2,range_hi,range_lo,cooldown_state,htf_state,event
2019-04-17 03:00,-1,1274.2735,1276.6985,1324.575,1282.5935,OK,OK,SIGNAL_FIRE
2019-05-14 00:00,1,1297.1515,1301.8185,1295.8415,1266.3235,OK,OK,SIGNAL_FIRE
2019-06-03 00:00,1,1325.255,1309.4785,1303.385,1268.535,OK,OK,SIGNAL_FIRE
2019-06-04 00:00,1,1325.5,1325.255,1309.52,1269.5935,BLOCKED,,BLOCKED_COOLDOWN
2019-06-09 22:00,1,1334.7635,1341.405,1329.1535,1269.5935,BLOCKED,,BLOCKED_COOLDOWN
2019-06-23 22:00,1,1406.9415,1382.1565,1354.7085,1269.5935,OK,OK,SIGNAL_FIRE
2019-06-24 00:00,1,1425.3485,1406.9415,1394.131,1272.5535,BLOCKED,,BLOCKED_COOLDOWN
2019-06-25 03:00,1,1417.215,1425.3485,1410.34,1275.9035,BLOCKED,,BLOCKED_COOLDOWN
2019-08-06 00:00,1,1476.905,1474.075,1448.0785,1391.2615,OK,OK,SIGNAL_FIRE
2019-08-07 12:00,1,1501.81,1476.905,1474.815,1400.1785,BLOCKED,,BLOCKED_COOLDOWN
2019-08-11 22:00,1,1500.885,1501.81,1477.41,1400.1785,BLOCKED,,BLOCKED_COOLDOWN
2019-10-01 02:00,-1,1481.687,1473.7185,1557.1115,1483.3035,OK,OK,SIGNAL_FIRE
2019-11-11 01:00,-1,1455.6815,1468.765,1514.8915,1474.0635,OK,OK,SIGNAL_FIRE
2019-11-12 02:00,-1,1458.4015,1455.6815,1514.8915,1463.42,BLOCKED,,BLOCKED_COOLDOWN
2019-12-25 23:00,1,1499.52,1499.41,1486.8315,1452.6635,OK,OK,SIGNAL_FIRE
2019-12-27 18:00,1,1513.2865,1511.275,1500.585,1454.0185,BLOCKED,,BLOCKED_COOLDOWN
2019-12-30 00:00,1,1515.05,1513.2865,1512.69,1454.0185,BLOCKED,,BLOCKED_COOLDOWN
2019-12-31 00:00,1,1521.955,1515.05,1514.23,1458.78,BLOCKED,,BLOCKED_COOLDOWN
2020-01-01 23:00,1,1518.44,1521.955,1516.1915,1458.78,BLOCKED,,BLOCKED_COOLDOWN
2020-01-03 00:00,1,1552.16,1528.4065,1525.3785,1458.78,BLOCKED,,BLOCKED_COOLDOWN
2020-01-06 00:00,1,1563.8065,1552.16,1531.4565,1459.17,OK,OK,SIGNAL_FIRE
2020-01-07 00:00,1,1595.14,1563.8065,1553.615,1460.0935,BLOCKED,,BLOCKED_COOLDOWN
2020-02-20 13:00,1,1619.475,1600.94,1590.725,1546.38,OK,OK,SIGNAL_FIRE
2020-02-21 16:00,1,1643.375,1619.475,1605.1565,1547.5535,BLOCKED,,BLOCKED_COOLDOWN
2020-02-23 23:00,1,1665.615,1643.375,1621.145,1547.5535,BLOCKED,,BLOCKED_COOLDOWN
2020-02-24 00:00,1,1654.015,1665.615,1647.3335,1547.5535,BLOCKED,,BLOCKED_COOLDOWN
2020-03-17 01:00,-1,1537.87,1509.16,1703.145,1565.9485,OK,BLOCKED,BLOCKED_HTF
2020-04-12 22:00,1,1687.005,1683.995,1669.845,1451.32,OK,OK,SIGNAL_FIRE
2020-04-16 13:00,1,1716.07,1717.735,1692.75,1455.29,BLOCKED,,BLOCKED_COOLDOWN
2020-06-22 00:00,1,1755.5165,1749.335,1745.18,1677.7435,OK,OK,SIGNAL_FIRE
2020-06-23 00:00,1,1768.8635,1755.5165,1751.465,1677.7435,BLOCKED,,BLOCKED_COOLDOWN
2020-07-08 19:00,1,1809.64,1794.5835,1789.2715,1704.1785,OK,OK,SIGNAL_FIRE
2020-07-09 15:00,1,1800.1,1809.64,1797.445,1704.1785,BLOCKED,,BLOCKED_COOLDOWN
2020-07-24 00:00,1,1901.655,1859.85,1815.034,1747.465,OK,OK,SIGNAL_FIRE
2020-07-26 22:00,1,1913.8185,1901.655,1865.9185,1747.465,BLOCKED,,BLOCKED_COOLDOWN
2020-07-27 00:00,1,1965.2,1913.8185,1906.67,1747.465,BLOCKED,,BLOCKED_COOLDOWN
2020-07-28 00:00,1,1956.2065,1965.2,1915.16,1759.25,BLOCKED,,BLOCKED_COOLDOWN
2020-08-05 00:00,1,2036.6265,2031.13,1990.625,1773.74,OK,OK,SIGNAL_FIRE
2020-08-06 00:00,1,2069.31,2036.6265,2031.13,1790.705,BLOCKED,,BLOCKED_COOLDOWN
2020-09-23 00:00,-1,1855.0215,1906.34,1992.49,1907.94,OK,BLOCKED,BLOCKED_HTF
2020-09-24 00:00,-1,1867.8935,1855.0215,1992.49,1894.7135,BLOCKED,,BLOCKED_COOLDOWN
2020-11-06 00:00,1,1951.15,1946.26,1932.025,1860.01,OK,OK,SIGNAL_FIRE
2020-11-24 00:00,-1,1809.2915,1835.68,1960.4215,1855.215,OK,BLOCKED,BLOCKED_HTF
2020-11-25 00:00,-1,1808.385,1809.2915,1960.4215,1831.018,BLOCKED,,BLOCKED_COOLDOWN
2020-11-30 00:00,-1,1778.8935,1786.7865,1960.4215,1800.275,BLOCKED,,BLOCKED_COOLDOWN
2020-12-18 18:00,1,1881.555,1883.7735,1870.5865,1764.5235,OK,OK,SIGNAL_FIRE
2021-01-04 12:00,1,1942.89,1913.305,1906.835,1818.9665,OK,OK,SIGNAL_FIRE
2021-01-05 00:00,1,1950.3315,1942.89,1915.0965,1818.9665,BLOCKED,,BLOCKED_COOLDOWN
2021-02-17 00:00,-1,1776.1335,1788.4985,1875.7075,1792.185,OK,OK,SIGNAL_FIRE
2021-02-18 00:00,-1,1771.7305,1776.1335,1875.7075,1786.953,BLOCKED,,BLOCKED_COOLDOWN
2021-02-28 23:00,-1,1739.33,1733.95,1864.175,1760.7405,OK,OK,SIGNAL_FIRE
2021-03-05 12:00,-1,1699.1505,1694.433,1855.4735,1702.007,BLOCKED,,BLOCKED_COOLDOWN
2021-04-16 12:00,1,1776.4,1763.9985,1758.7385,1677.9715,OK,BLOCKED,BLOCKED_HTF
2021-04-19 00:00,1,1772.205,1776.4,1769.6735,1677.9715,BLOCKED,,BLOCKED_COOLDOWN
2021-05-07 00:00,1,1831.265,1814.8215,1799.0765,1723.775,OK,OK,SIGNAL_FIRE
2021-05-09 22:00,1,1836.3435,1831.265,1818.1105,1723.775,BLOCKED,,BLOCKED_COOLDOWN
2021-05-18 12:00,1,1870.215,1847.1835,1846.0285,1756.2,OK,OK,SIGNAL_FIRE
2021-05-19 20:00,1,1866.0385,1870.215,1848.2,1756.2,BLOCKED,,BLOCKED_COOLDOWN
2021-05-27 00:00,1,1896.52,1898.812,1889.3965,1764.285,BLOCKED,,BLOCKED_COOLDOWN
2021-06-01 02:00,1,1911.6235,1907.73,1906.045,1770.39,OK,OK,SIGNAL_FIRE
2021-06-18 00:00,-1,1763.99,1776.0105,1915.4615,1851.63,OK,OK,SIGNAL_FIRE
2021-06-20 22:00,-1,1769.495,1763.99,1915.4615,1769.5735,BLOCKED,,BLOCKED_COOLDOWN
2021-07-15 00:00,1,1829.615,1826.455,1818.465,1750.7525,OK,OK,SIGNAL_FIRE
2021-08-08 22:00,-1,1719.2135,1763.7795,1834.1815,1789.7245,OK,OK,SIGNAL_FIRE
2021-08-09 00:00,-1,1731.5885,1719.2135,1834.1815,1763.24,BLOCKED,,BLOCKED_COOLDOWN
2021-09-05 22:00,1,1827.695,1827.84,1823.2405,1706.8185,OK,OK,SIGNAL_FIRE
2021-09-17 00:00,-1,1754.5,1753.967,1834.0195,1776.59,OK,OK,SIGNAL_FIRE
2021-09-29 00:00,-1,1728.905,1735.4235,1834.0195,1737.9425,OK,OK,SIGNAL_FIRE
2021-10-14 00:00,1,1795.46,1791.807,1787.345,1721.6865,OK,OK,SIGNAL_FIRE
2021-11-08 00:00,1,1824.655,1815.9075,1813.852,1750.8215,OK,OK,SIGNAL_FIRE
2021-11-09 00:00,1,1829.97,1824.655,1818.685,1757.9655,BLOCKED,,BLOCKED_COOLDOWN
2021-11-10 00:00,1,1848.593,1829.97,1826.51,1761.235,BLOCKED,,BLOCKED_COOLDOWN
2021-11-11 00:00,1,1862.4,1848.593,1832.765,1761.235,BLOCKED,,BLOCKED_COOLDOWN
2022-01-02 23:00,1,1828.563,1829.505,1820.2725,1753.3065,OK,OK,SIGNAL_FIRE
2022-01-20 00:00,1,1839.01,1838.623,1831.845,1782.6665,OK,OK,SIGNAL_FIRE
2022-02-13 23:00,1,1859.623,1858.65,1853.9,1780.32,OK,OK,SIGNAL_FIRE
2022-02-18 00:00,1,1898.47,1900.015,1879.542,1780.32,BLOCKED,,BLOCKED_COOLDOWN
2022-02-21 00:00,1,1909.595,1904.965,1902.4965,1780.32,BLOCKED,,BLOCKED_COOLDOWN
2022-03-07 00:00,1,1998.095,1988.803,1974.52,1820.995,OK,OK,SIGNAL_FIRE
2022-03-08 00:00,1,2043.885,1998.095,1991.525,1820.995,BLOCKED,,BLOCKED_COOLDOWN
2022-04-26 00:00,-1,1906.6675,1899.465,1998.435,1915.554,OK,BLOCKED,BLOCKED_HTF
2022-05-03 00:00,-1,1868.475,1863.2525,1998.435,1872.18,BLOCKED,,BLOCKED_COOLDOWN
2022-05-13 00:00,-1,1811.505,1821.455,1982.025,1832.045,OK,OK,SIGNAL_FIRE
2022-07-06 00:00,-1,1765.3865,1769.6,1878.983,1788.45,OK,OK,SIGNAL_FIRE
2022-07-08 01:00,-1,1742.355,1740.21,1857.635,1759.612,BLOCKED,,BLOCKED_COOLDOWN
2022-07-17 22:00,-1,1709.073,1708.25,1846.36,1722.5455,BLOCKED,,BLOCKED_COOLDOWN
2022-09-02 18:00,-1,1709.7235,1709.032,1807.967,1720.387,OK,OK,SIGNAL_FIRE
2022-09-16 17:00,-1,1674.95,1664.948,1762.8435,1695.255,OK,OK,SIGNAL_FIRE
2022-09-26 02:00,-1,1640.0385,1644.15,1740.57,1653.8705,BLOCKED,,BLOCKED_COOLDOWN
2022-11-09 13:00,1,1706.825,1711.67,1682.0155,1624.78,OK,BLOCKED,BLOCKED_HTF
2022-11-14 01:00,1,1769.55,1755.8,1722.3855,1624.78,BLOCKED,,BLOCKED_COOLDOWN
2022-11-15 00:00,1,1780.9,1769.55,1756.165,1624.78,BLOCKED,,BLOCKED_COOLDOWN
2022-12-02 00:00,1,1797.675,1802.35,1786.54,1664.79,OK,OK,SIGNAL_FIRE
2022-12-14 00:00,1,1807.735,1809.7385,1806.18,1728.292,OK,OK,SIGNAL_FIRE
2023-01-04 00:00,1,1854.8365,1836.5165,1833.44,1767.33,OK,OK,SIGNAL_FIRE
2023-01-09 00:00,1,1870.575,1869.76,1865.19,1773.84,BLOCKED,,BLOCKED_COOLDOWN
2023-01-10 00:00,1,1877.32,1870.575,1870.0255,1773.84,BLOCKED,,BLOCKED_COOLDOWN
2023-01-13 00:00,1,1920.35,1898.115,1886.7015,1773.84,OK,OK,SIGNAL_FIRE
2023-01-15 23:00,1,1917.0,1920.35,1901.65,1782.2335,BLOCKED,,BLOCKED_COOLDOWN
2023-02-05 23:00,-1,1865.61,1865.15,1959.789,1867.16,OK,BLOCKED,BLOCKED_HTF
2023-02-16 00:00,-1,1834.4535,1836.505,1959.789,1843.3335,OK,BLOCKED,BLOCKED_HTF
2023-02-26 23:00,-1,1811.795,1811.0835,1959.789,1818.965,OK,BLOCKED,BLOCKED_HTF
2023-03-12 22:00,1,1877.84,1867.825,1860.1735,1804.798,OK,OK,SIGNAL_FIRE
2023-03-13 00:00,1,1912.1735,1877.84,1870.23,1804.798,BLOCKED,,BLOCKED_COOLDOWN
2023-03-14 00:00,1,1903.1365,1912.1735,1894.593,1804.798,BLOCKED,,BLOCKED_COOLDOWN
2023-03-16 00:00,1,1921.44,1921.28,1914.66,1804.798,BLOCKED,,BLOCKED_COOLDOWN
2023-03-20 00:00,1,1976.705,1989.15,1937.465,1804.798,BLOCKED,,BLOCKED_COOLDOWN
2023-04-05 02:00,1,2023.1295,2021.9035,2009.855,1855.03,OK,OK,SIGNAL_FIRE
2023-05-04 00:00,1,2049.168,2051.99,2048.7255,1969.3235,OK,OK,SIGNAL_FIRE
2023-05-26 00:00,-1,1946.5,1940.63,2080.4085,1952.045,OK,BLOCKED,BLOCKED_HTF
2023-06-23 00:00,-1,1919.1935,1914.525,1983.48,1919.2385,OK,BLOCKED,BLOCKED_HTF
2023-06-29 00:00,-1,1908.8235,1909.6915,1973.1065,1910.2405,BLOCKED,,BLOCKED_COOLDOWN
2023-07-20 00:00,1,1972.28,1977.87,1963.7885,1893.0905,OK,OK,SIGNAL_FIRE
2023-08-10 00:00,-1,1912.46,1916.36,1987.555,1924.64,OK,OK,SIGNAL_FIRE
2023-08-11 00:00,-1,1913.6065,1912.46,1987.555,1915.69,BLOCKED,,BLOCKED_COOLDOWN
2023-08-16 12:00,-1,1893.35,1904.2885,1982.27,1910.1095,BLOCKED,,BLOCKED_COOLDOWN
2023-08-17 12:00,-1,1889.9465,1893.35,1982.27,1902.025,BLOCKED,,BLOCKED_COOLDOWN
2023-08-18 02:00,-1,1889.005,1889.9465,1982.27,1891.6,BLOCKED,,BLOCKED_COOLDOWN
2023-09-27 00:00,-1,1877.65,1901.61,1953.0745,1905.57,OK,OK,SIGNAL_FIRE
2023-09-28 00:00,-1,1873.087,1877.65,1947.465,1899.15,BLOCKED,,BLOCKED_COOLDOWN
2023-10-01 22:00,-1,1848.43,1848.315,1947.465,1871.365,BLOCKED,,BLOCKED_COOLDOWN
2023-10-03 00:00,-1,1823.4,1825.015,1947.465,1845.78,BLOCKED,,BLOCKED_COOLDOWN
2023-10-19 00:00,1,1977.27,1950.89,1933.16,1810.4465,OK,OK,SIGNAL_FIRE
2023-10-20 00:00,1,1981.225,1977.27,1962.705,1810.4465,BLOCKED,,BLOCKED_COOLDOWN
2023-11-28 15:00,1,2044.47,2015.295,2007.64,1931.7035,OK,OK,SIGNAL_FIRE
2023-11-29 03:00,1,2037.5,2044.47,2018.1955,1931.7035,BLOCKED,,BLOCKED_COOLDOWN
2023-12-03 23:00,1,2118.125,2072.02,2049.065,1931.7035,BLOCKED,,BLOCKED_COOLDOWN
2024-02-14 00:00,-1,1993.795,1991.5935,2065.4865,2011.945,OK,BLOCKED,BLOCKED_HTF
2024-03-03 23:00,1,2083.6435,2082.77,2050.77,1984.3,OK,OK,SIGNAL_FIRE
2024-03-05 11:00,1,2128.38,2114.63,2088.385,1984.3,BLOCKED,,BLOCKED_COOLDOWN
2024-03-06 00:00,1,2147.445,2128.38,2119.975,1984.3,BLOCKED,,BLOCKED_COOLDOWN
2024-03-07 00:00,1,2162.025,2147.445,2139.5645,1984.3,BLOCKED,,BLOCKED_COOLDOWN
2024-03-08 00:00,1,2179.315,2162.025,2152.26,1984.3,BLOCKED,,BLOCKED_COOLDOWN
2024-03-10 22:00,1,2181.7,2179.315,2164.8335,1984.3,BLOCKED,,BLOCKED_COOLDOWN
2024-03-31 22:00,1,2246.07,2233.05,2212.535,2122.7135,OK,OK,SIGNAL_FIRE
2024-04-01 12:00,1,2249.06,2246.07,2236.759,2123.77,BLOCKED,,BLOCKED_COOLDOWN
2024-04-02 00:00,1,2280.015,2249.06,2247.4455,2144.2315,BLOCKED,,BLOCKED_COOLDOWN
2024-04-03 00:00,1,2297.62,2280.015,2257.9065,2148.45,BLOCKED,,BLOCKED_COOLDOWN
2024-04-04 00:00,1,2288.81,2297.62,2283.8335,2148.45,BLOCKED,,BLOCKED_COOLDOWN
2024-04-07 22:00,1,2311.32,2329.6,2305.645,2148.45,BLOCKED,,BLOCKED_COOLDOWN
2024-04-09 00:00,1,2354.92,2338.895,2330.525,2148.45,OK,OK,SIGNAL_FIRE
2024-05-19 22:00,1,2420.3685,2415.21,2397.4985,2277.3585,OK,OK,SIGNAL_FIRE
2024-06-09 22:00,-1,2298.5565,2293.78,2450.1365,2314.8135,OK,BLOCKED,BLOCKED_HTF
2024-07-07 22:00,1,2386.155,2391.255,2368.7565,2293.7045,OK,OK,SIGNAL_FIRE
2024-07-12 00:00,1,2411.215,2416.0435,2392.9985,2293.7045,BLOCKED,,BLOCKED_COOLDOWN
2024-07-17 00:00,1,2461.3985,2468.36,2439.785,2293.7045,OK,OK,SIGNAL_FIRE
2024-08-18 22:00,1,2506.5135,2507.6345,2480.025,2353.2055,OK,OK,SIGNAL_FIRE
2024-08-21 00:00,1,2512.775,2513.015,2510.1665,2364.2995,BLOCKED,,BLOCKED_COOLDOWN
2024-09-13 00:00,1,2567.3885,2558.5445,2531.76,2470.8335,OK,OK,SIGNAL_FIRE
2024-09-15 22:00,1,2579.205,2567.3885,2558.8595,2470.8335,BLOCKED,,BLOCKED_COOLDOWN
2024-09-16 00:00,1,2583.775,2579.205,2571.1065,2470.8335,BLOCKED,,BLOCKED_COOLDOWN
2024-09-22 22:00,1,2620.5805,2622.1,2600.2555,2471.8815,BLOCKED,,BLOCKED_COOLDOWN
2024-09-24 00:00,1,2658.2485,2626.405,2625.7685,2471.8815,OK,OK,SIGNAL_FIRE
2024-09-25 00:00,1,2656.405,2658.2485,2634.9,2471.8815,BLOCKED,,BLOCKED_COOLDOWN
2024-10-18 01:00,1,2719.75,2693.855,2685.595,2604.7845,OK,OK,SIGNAL_FIRE
2024-10-20 22:00,1,2723.535,2719.75,2696.7865,2604.7845,BLOCKED,,BLOCKED_COOLDOWN
2024-10-21 00:00,1,2721.5235,2723.535,2720.59,2604.7845,BLOCKED,,BLOCKED_COOLDOWN
2024-10-30 00:00,1,2785.41,2775.1035,2758.527,2604.7845,OK,OK,SIGNAL_FIRE
2024-11-12 00:00,-1,2598.98,2624.0835,2790.155,2643.405,OK,BLOCKED,BLOCKED_HTF
2024-11-15 00:00,-1,2562.3035,2564.675,2790.155,2589.7065,BLOCKED,,BLOCKED_COOLDOWN
2024-12-19 00:00,-1,2593.605,2588.2715,2725.925,2605.3585,OK,BLOCKED,BLOCKED_HTF
2025-01-10 01:00,1,2690.45,2670.05,2670.0195,2582.8845,OK,OK,SIGNAL_FIRE
2025-01-12 23:00,1,2691.2565,2690.45,2678.5735,2582.8845,BLOCKED,,BLOCKED_COOLDOWN
2025-01-17 00:00,1,2703.248,2714.66,2698.107,2596.1435,BLOCKED,,BLOCKED_COOLDOWN
2025-01-22 00:00,1,2756.29,2744.3265,2724.823,2596.1435,OK,OK,SIGNAL_FIRE
2025-01-23 00:00,1,2754.595,2756.29,2746.105,2596.1435,BLOCKED,,BLOCKED_COOLDOWN
2025-01-26 23:00,1,2767.58,2770.745,2763.43,2614.6955,BLOCKED,,BLOCKED_COOLDOWN
2025-01-31 00:00,1,2799.05,2796.265,2786.045,2633.0235,OK,OK,SIGNAL_FIRE
2025-02-05 00:00,1,2869.24,2844.3735,2830.14,2656.835,BLOCKED,,BLOCKED_COOLDOWN
2025-02-06 09:00,1,2859.455,2869.24,2845.555,2656.835,BLOCKED,,BLOCKED_COOLDOWN
2025-02-11 00:00,1,2898.685,2917.925,2882.465,2689.48,OK,OK,SIGNAL_FIRE
2025-03-14 00:00,1,2984.72,2986.5,2956.25,2846.385,OK,OK,SIGNAL_FIRE
2025-03-19 00:00,1,3050.15,3031.7865,3004.98,2846.385,BLOCKED,,BLOCKED_COOLDOWN
2025-03-20 00:00,1,3046.5285,3050.15,3038.3465,2846.385,BLOCKED,,BLOCKED_COOLDOWN
2025-03-30 22:00,1,3089.1865,3080.845,3059.2665,2880.245,OK,OK,SIGNAL_FIRE
2025-03-31 00:00,1,3120.6365,3089.1865,3086.955,2880.245,BLOCKED,,BLOCKED_COOLDOWN
2025-04-01 00:00,1,3115.3065,3120.6365,3097.935,2880.245,BLOCKED,,BLOCKED_COOLDOWN
2025-04-11 04:00,1,3240.58,3189.065,3167.785,2956.58,OK,OK,SIGNAL_FIRE
2025-04-13 22:00,1,3223.865,3240.58,3191.365,2956.58,BLOCKED,,BLOCKED_COOLDOWN
2025-04-16 00:00,1,3350.165,3251.98,3245.91,2956.58,BLOCKED,,BLOCKED_COOLDOWN
2025-04-17 00:00,1,3327.415,3350.165,3251.99,2956.58,BLOCKED,,BLOCKED_COOLDOWN
2025-06-15 22:00,1,3444.2835,3415.9685,3403.51,3204.635,OK,OK,SIGNAL_FIRE
2025-06-29 22:00,-1,3263.8685,3274.285,3451.89,3293.6435,OK,BLOCKED,BLOCKED_HTF
2025-07-22 14:00,1,3428.0,3396.5615,3374.18,3247.8,OK,OK,SIGNAL_FIRE
2025-08-29 00:00,1,3447.63,3414.8265,3405.3815,3311.555,OK,OK,SIGNAL_FIRE
2025-08-31 22:00,1,3447.99,3447.63,3423.202,3311.555,BLOCKED,,BLOCKED_COOLDOWN
2025-09-02 00:00,1,3520.4835,3479.285,3453.8465,3311.555,BLOCKED,,BLOCKED_COOLDOWN
2025-09-03 00:00,1,3572.49,3520.4835,3481.4715,3311.555,BLOCKED,,BLOCKED_COOLDOWN
2025-09-04 00:00,1,3552.71,3572.49,3520.515,3311.555,BLOCKED,,BLOCKED_COOLDOWN
2025-09-07 22:00,1,3591.1615,3586.62,3572.64,3311.555,BLOCKED,,BLOCKED_COOLDOWN
2025-09-09 13:00,1,3633.635,3634.995,3600.175,3311.555,OK,OK,SIGNAL_FIRE
2025-09-16 00:00,1,3694.405,3676.9115,3674.2,3329.0385,BLOCKED,,BLOCKED_COOLDOWN
2025-09-23 00:00,1,3763.845,3747.8515,3707.6965,3404.425,OK,OK,SIGNAL_FIRE
2025-09-30 00:00,1,3862.995,3832.94,3791.1435,3544.865,BLOCKED,,BLOCKED_COOLDOWN
2025-10-01 12:00,1,3863.485,3862.995,3834.275,3578.2935,BLOCKED,,BLOCKED_COOLDOWN
2025-10-06 00:00,1,3969.6165,3909.6535,3897.455,3613.04,OK,OK,SIGNAL_FIRE
2025-10-07 00:00,1,3994.435,3969.6165,3920.9685,3626.5115,BLOCKED,,BLOCKED_COOLDOWN
2025-10-08 00:00,1,4011.79,3994.435,3976.235,3626.5115,BLOCKED,,BLOCKED_COOLDOWN
2025-10-14 00:00,1,4161.665,4071.1535,4060.165,3632.3565,BLOCKED,,BLOCKED_COOLDOWN
2025-10-15 00:00,1,4209.51,4161.665,4077.6,3683.7665,OK,OK,SIGNAL_FIRE
2025-10-16 00:00,1,4365.8135,4209.51,4179.935,3685.555,BLOCKED,,BLOCKED_COOLDOWN
2025-10-17 00:00,1,4252.353,4365.8135,4218.3635,3717.5965,BLOCKED,,BLOCKED_COOLDOWN
2025-12-12 00:00,1,4299.865,4276.415,4264.67,3998.0365,OK,OK,SIGNAL_FIRE
2025-12-14 23:00,1,4302.47,4299.865,4285.975,4022.45,BLOCKED,,BLOCKED_COOLDOWN
2025-12-23 00:00,1,4503.465,4443.66,4356.62,4157.86,OK,OK,SIGNAL_FIRE
2025-12-24 01:00,1,4490.745,4503.465,4449.285,4163.7715,BLOCKED,,BLOCKED_COOLDOWN
2025-12-28 23:00,1,4527.1615,4533.615,4526.058,4175.184,BLOCKED,,BLOCKED_COOLDOWN
2026-01-13 00:00,1,4597.115,4599.56,4550.13,4274.365,OK,OK,SIGNAL_FIRE
2026-01-19 01:00,1,4665.45,4672.845,4642.96,4274.365,BLOCKED,,BLOCKED_COOLDOWN
2026-01-21 01:00,1,4778.285,4729.495,4690.895,4274.365,BLOCKED,,BLOCKED_COOLDOWN
2026-01-22 00:00,1,4959.26,4778.285,4731.745,4274.365,OK,OK,SIGNAL_FIRE
2026-01-23 00:00,1,4984.53,4959.26,4878.2785,4274.365,BLOCKED,,BLOCKED_COOLDOWN
2026-01-25 23:00,1,5039.805,4984.53,4960.7,4274.365,BLOCKED,,BLOCKED_COOLDOWN
2026-01-26 12:00,1,5043.555,5039.805,4990.25,4310.07,BLOCKED,,BLOCKED_COOLDOWN
2026-01-27 19:00,1,5180.085,5043.555,5040.155,4310.07,BLOCKED,,BLOCKED_COOLDOWN
2026-01-28 12:00,1,5415.138,5180.085,5105.28,4346.05,BLOCKED,,BLOCKED_COOLDOWN
2026-01-29 00:00,1,5264.2885,5415.138,5190.535,4396.3235,BLOCKED,,BLOCKED_COOLDOWN
2026-03-01 23:00,1,5387.095,5278.72,5249.9485,4693.8765,OK,OK,SIGNAL_FIRE
2026-03-02 00:00,1,5346.12,5387.095,5281.41,4693.8765,BLOCKED,,BLOCKED_COOLDOWN
2026-03-19 00:00,-1,4643.65,4836.955,5419.245,4973.81,OK,BLOCKED,BLOCKED_HTF
2026-03-20 00:00,-1,4491.8035,4643.65,5419.245,4804.27,BLOCKED,,BLOCKED_COOLDOWN
2026-03-22 22:00,-1,4464.79,4491.8035,5419.245,4502.635,BLOCKED,,BLOCKED_COOLDOWN
2026-03-23 00:00,-1,4441.24,4464.79,5419.245,4477.5235,BLOCKED,,BLOCKED_COOLDOWN
2026-06-07 22:00,-1,4344.1,4318.81,4726.9565,4366.4515,OK,OK,SIGNAL_FIRE
2026-06-10 00:00,-1,4047.205,4222.145,4589.635,4268.515,BLOCKED,,BLOCKED_COOLDOWN
2026-06-25 04:00,-1,4014.605,4012.55,4541.71,4023.93,OK,OK,SIGNAL_FIRE
2026-08-06 03:00,1,4241.485,4278.35,4166.0,3959.825,OK,BLOCKED,BLOCKED_HTF
2026-08-09 22:00,1,4332.845,4343.08,4284.83,3959.825,BLOCKED,,BLOCKED_COOLDOWN
