window_id,structural_level_id,structural_episode_id,sweep_event_id,true_break_event_id,timestamp,source_tf,side,direction,level_price,price_at_event,penetration_pips,regime_at_event,structure_trend_at_event,atr_at_event,consumer,label_retest_occurred,label_retest_hold_or_fail,label_plus1r_before_minus1r,label_continuation_1atr_before_failure
w1,Equal-High_2026.01.06 19:55,Equal-High_2026.01.06 19:55__ep1,146,147,2026-01-06 00:00:00,PERIOD_D1,Equal-High,SELL,4490.81,4448.87,419.4,STRONG_TREND,UP,90.00786,SH_BMS_RTO,False,N/A_NO_RETEST,MINUS_1R_FIRST,FAILURE_FIRST
w1,Equal-Low_2026.01.09 07:25,Equal-Low_2026.01.09 07:25__ep1,262,263,2026-01-09 07:45:00,PERIOD_M5,Equal-Low,BUY,4460.44,4467.35,69.1,WEAK_TREND,UP,3.56857,SH_BMS_RTO,False,N/A_NO_RETEST,AMBIGUOUS_SAME_BAR,FAILURE_FIRST
w1,Equal-Low_2026.01.09 15:30,Equal-Low_2026.01.09 15:30__ep1,278,280,2026-01-09 16:00:00,PERIOD_H1,Equal-Low,BUY,4460.44,4482.58,221.4,RANGING,UP,12.90429,SH_BMS_RTO,False,N/A_NO_RETEST,PLUS_1R_FIRST,FAILURE_FIRST
w1,Asia-Low_2026.01.12,Asia-Low_2026.01.12__ep1,285,286,2026-01-12 04:00:00,PERIOD_H4,Asia-Low,BUY,4455.97,4569.91,1139.4,STRONG_TREND,UP,32.98929,SH_BMS_RTO,False,N/A_NO_RETEST,AMBIGUOUS_SAME_BAR,FAILURE_FIRST
w1,Asia-High_2026.01.12,Asia-High_2026.01.12__ep4,304,305,2026-01-12 23:00:00,PERIOD_H1,Asia-High,SELL,4600.89,4593.36,75.3,STRONG_TREND,UP,17.87571,SH_BMS_RTO,False,N/A_NO_RETEST,AMBIGUOUS_SAME_BAR,FAILURE_FIRST
w1,Asia-Low_2026.01.13,Asia-Low_2026.01.13__ep1,306,308,2026-01-13 01:00:00,PERIOD_M5,Asia-Low,BUY,4536.18,4597.37,611.9,RANGING,DOWN,3.63857,SH_BMS_RTO,True,FAIL,PLUS_1R_FIRST,CONTINUATION_FIRST
w1,Asia-Low_2026.01.13,Asia-Low_2026.01.13__ep1,306,314,2026-01-13 02:00:00,PERIOD_M30,Asia-Low,BUY,4536.18,4599.48,633.0,WEAK_TREND,UP,12.44643,SH_BMS_RTO,True,FAIL,MINUS_1R_FIRST,FAILURE_FIRST
w1,Asia-Low_2026.01.13,Asia-Low_2026.01.13__ep1,306,318,2026-01-13 02:30:00,PERIOD_M30,Asia-Low,BUY,4536.18,4588.11,519.3,WEAK_TREND,UP,12.38071,SH_BMS_RTO,True,FAIL,PLUS_1R_FIRST,FAILURE_FIRST
w1,Asia-Low_2026.01.13,Asia-Low_2026.01.13__ep1,306,321,2026-01-13 00:00:00,PERIOD_D1,Asia-Low,BUY,4536.18,4597.37,611.9,STRONG_TREND,UP,98.15214,SH_BMS_RTO,True,FAIL,PLUS_1R_FIRST,FAILURE_FIRST
w1,Asia-Low_2026.01.13,Asia-Low_2026.01.13__ep1,306,330,2026-01-13 05:00:00,PERIOD_M30,Asia-Low,BUY,4561.47,4594.08,326.1,STRONG_TREND,DOWN,12.57286,SH_BMS_RTO,True,FAIL,AMBIGUOUS_SAME_BAR,FAILURE_FIRST
w1,Asia-Low_2026.01.13,Asia-Low_2026.01.13__ep1,306,345,2026-01-13 10:00:00,PERIOD_M5,Asia-Low,BUY,4573.6,4580.56,69.6,RANGING,UP,3.575,SH_BMS_RTO,True,FAIL,AMBIGUOUS_SAME_BAR,FAILURE_FIRST
w1,Asia-Low_2026.01.13,Asia-Low_2026.01.13__ep1,306,352,2026-01-13 15:30:00,PERIOD_M30,Asia-Low,BUY,4573.6,4600.88,272.8,RANGING,UP,9.50714,SH_BMS_RTO,True,FAIL,PLUS_1R_FIRST,CONTINUATION_FIRST
w1,Asia-Low_2026.01.13,Asia-Low_2026.01.13__ep1,306,355,2026-01-13 16:00:00,PERIOD_H1,Asia-Low,BUY,4573.6,4611.41,378.1,WEAK_TREND,DOWN,14.57286,SH_BMS_RTO,True,FAIL,AMBIGUOUS_SAME_BAR,FAILURE_FIRST
w1,Asia-Low_2026.01.13,Asia-Low_2026.01.13__ep1,306,358,2026-01-13 17:30:00,PERIOD_M30,Asia-Low,BUY,4573.6,4608.65,350.5,WEAK_TREND,DOWN,12.75071,SH_BMS_RTO,True,FAIL,PLUS_1R_FIRST,FAILURE_FIRST
w1,Asia-Low_2026.01.13,Asia-Low_2026.01.13__ep1,306,367,2026-01-13 19:00:00,PERIOD_M30,Asia-Low,BUY,4573.6,4613.27,396.7,WEAK_TREND,UP,15.47,SH_BMS_RTO,True,FAIL,PLUS_1R_FIRST,FAILURE_FIRST
w1,Asia-High_2026.01.16,Asia-High_2026.01.16__ep5,553,556,2026-01-16 17:30:00,PERIOD_M30,Asia-High,SELL,4616.11,4565.12,509.9,RANGING,DOWN,14.54071,SH_BMS_RTO,False,N/A_NO_RETEST,AMBIGUOUS_SAME_BAR,FAILURE_FIRST
w1,Asia-High_2026.01.16,Asia-High_2026.01.16__ep7,558,566,2026-01-16 18:00:00,PERIOD_H1,Asia-High,SELL,4616.11,4570.92,451.9,RANGING,DOWN,19.20857,SH_BMS_RTO,False,N/A_NO_RETEST,MINUS_1R_FIRST,FAILURE_FIRST
w1,Daily-Low_2026.01.15,Daily-Low_2026.01.15__ep10,584,594,2026-01-19 01:15:00,PERIOD_M15,Daily-Low,BUY,4580.96,4654.05,730.9,WEAK_TREND,DOWN,11.05571,SH_BMS_RTO,False,N/A_NO_RETEST,PLUS_1R_FIRST,CONTINUATION_FIRST
w1,Asia-Low_2026.01.19,Asia-Low_2026.01.19__ep2,593,597,2026-01-19 02:00:00,PERIOD_H1,Asia-Low,BUY,4591.06,4672.46,814.0,RANGING,DOWN,27.11929,SH_BMS_RTO,False,N/A_NO_RETEST,MINUS_1R_FIRST,FAILURE_FIRST
w1,Asia-Low_2026.01.20,Asia-Low_2026.01.20__ep1,617,618,2026-01-20 03:15:00,PERIOD_M15,Asia-Low,BUY,4653.06,4670.14,170.8,RANGING,UP,5.885,SH_BMS_RTO,False,N/A_NO_RETEST,AMBIGUOUS_SAME_BAR,FAILURE_FIRST
w1,Asia-Low_2026.01.20,Asia-Low_2026.01.20__ep1,617,626,2026-01-20 04:00:00,PERIOD_H1,Asia-Low,BUY,4653.06,4669.59,165.3,WEAK_TREND,UP,9.985,SH_BMS_RTO,False,N/A_NO_RETEST,PLUS_1R_FIRST,FAILURE_FIRST
w1,Asia-Low_2026.01.21,Asia-Low_2026.01.21__ep1,647,648,2026-01-21 03:30:00,PERIOD_M30,Asia-Low,BUY,4659.52,4827.53,1680.1,STRONG_TREND,UP,12.475,SH_BMS_RTO,True,HOLD,AMBIGUOUS_SAME_BAR,FAILURE_FIRST
w1,Asia-Low_2026.01.21,Asia-Low_2026.01.21__ep1,647,650,2026-01-21 04:00:00,PERIOD_H4,Asia-Low,BUY,4665.35,4835.19,1698.4,STRONG_TREND,UP,33.16357,SH_BMS_RTO,True,HOLD,PLUS_1R_FIRST,FAILURE_FIRST
w1,Asia-Low_2026.01.21,Asia-Low_2026.01.21__ep1,647,657,2026-01-21 06:45:00,PERIOD_M15,Asia-Low,BUY,4676.75,4865.42,1886.7,STRONG_TREND,UP,15.11286,SH_BMS_RTO,True,HOLD,MINUS_1R_FIRST,FAILURE_FIRST
w1,Equal-High_2026.01.21 16:40,Equal-High_2026.01.21 16:40__ep1,666,667,2026-01-21 00:00:00,PERIOD_D1,Equal-High,SELL,4871.24,4763.46,1077.8,STRONG_TREND,UP,84.05143,SH_BMS_RTO,False,N/A_NO_RETEST,AMBIGUOUS_SAME_BAR,FAILURE_FIRST
w1,Equal-High_2026.01.21 21:25,Equal-High_2026.01.21 21:25__ep1,671,672,2026-01-21 00:00:00,PERIOD_D1,Equal-High,SELL,4850.77,4763.46,873.1,STRONG_TREND,UP,84.05143,SH_BMS_RTO,False,N/A_NO_RETEST,AMBIGUOUS_SAME_BAR,FAILURE_FIRST
w1,Asia-Low_2026.01.22,Asia-Low_2026.01.22__ep1,676,677,2026-01-22 01:15:00,PERIOD_M15,Asia-Low,BUY,4770.65,4814.69,440.4,WEAK_TREND,DOWN,21.56786,SH_BMS_RTO,True,FAIL,MINUS_1R_FIRST,FAILURE_FIRST
w1,Asia-Low_2026.01.22,Asia-Low_2026.01.22__ep1,676,687,2026-01-22 13:15:00,PERIOD_M5,Asia-Low,BUY,4772.37,4826.11,537.4,WEAK_TREND,UP,3.25071,SH_BMS_RTO,True,FAIL,MINUS_1R_FIRST,FAILURE_FIRST
w1,Asia-Low_2026.01.22,Asia-Low_2026.01.22__ep1,676,689,2026-01-22 14:00:00,PERIOD_M5,Asia-Low,BUY,4772.37,4830.89,585.2,WEAK_TREND,UP,3.27214,SH_BMS_RTO,True,FAIL,MINUS_1R_FIRST,FAILURE_FIRST
w1,Asia-Low_2026.01.22,Asia-Low_2026.01.22__ep1,676,692,2026-01-22 15:00:00,PERIOD_M30,Asia-Low,BUY,4772.37,4819.55,471.8,WEAK_TREND,UP,10.32357,SH_BMS_RTO,True,FAIL,AMBIGUOUS_SAME_BAR,FAILURE_FIRST
w1,Asia-Low_2026.01.22,Asia-Low_2026.01.22__ep1,676,695,2026-01-22 15:30:00,PERIOD_M5,Asia-Low,BUY,4772.37,4828.28,559.1,WEAK_TREND,UP,4.63714,SH_BMS_RTO,True,FAIL,MINUS_1R_FIRST,FAILURE_FIRST
w1,Asia-Low_2026.01.22,Asia-Low_2026.01.22__ep1,676,699,2026-01-22 16:45:00,PERIOD_M15,Asia-Low,BUY,4772.37,4845.52,731.5,RANGING,DOWN,9.31786,SH_BMS_RTO,True,FAIL,MINUS_1R_FIRST,FAILURE_FIRST
w1,Asia-Low_2026.01.22,Asia-Low_2026.01.22__ep1,676,704,2026-01-22 17:30:00,PERIOD_M30,Asia-Low,BUY,4772.37,4853.67,813.0,WEAK_TREND,DOWN,13.52286,SH_BMS_RTO,True,FAIL,PLUS_1R_FIRST,CONTINUATION_FIRST
w1,Asia-Low_2026.01.23,Asia-Low_2026.01.23__ep1,708,709,2026-01-23 00:00:00,PERIOD_D1,Asia-Low,BUY,4774.67,4936.24,1615.7,STRONG_TREND,UP,91.88643,SH_BMS_RTO,False,N/A_NO_RETEST,PLUS_1R_FIRST,FAILURE_FIRST
w1,Daily-High_2026.01.22,Daily-High_2026.01.22__ep2,713,715,2026-01-23 10:45:00,PERIOD_M15,Daily-High,SELL,4940.51,4925.22,152.9,WEAK_TREND,UP,10.84429,SH_BMS_RTO,False,N/A_NO_RETEST,PLUS_1R_FIRST,CONTINUATION_FIRST
w1,Asia-Low_2026.01.23,Asia-Low_2026.01.23__ep2,725,735,2026-01-23 17:15:00,PERIOD_M15,Asia-Low,BUY,4936.2,4952.6,164.0,STRONG_TREND,UP,11.595,SH_BMS_RTO,True,AMBIGUOUS,MINUS_1R_FIRST,FAILURE_FIRST
w1,Asia-Low_2026.01.23,Asia-Low_2026.01.23__ep6,749,750,2026-01-23 20:15:00,PERIOD_M15,Asia-Low,BUY,4936.2,4980.62,444.2,STRONG_TREND,UP,13.27714,SH_BMS_RTO,True,FAIL,AMBIGUOUS_SAME_BAR,FAILURE_FIRST
w1,Asia-High_2026.01.23,Asia-High_2026.01.23__ep3,755,756,2026-01-23 00:00:00,PERIOD_D1,Asia-High,SELL,4967.28,4936.24,310.4,STRONG_TREND,UP,91.88643,SH_BMS_RTO,False,N/A_NO_RETEST,MINUS_1R_FIRST,FAILURE_FIRST
w1,Asia-Low_2026.01.23,Asia-Low_2026.01.23__ep6,749,761,2026-01-23 22:00:00,PERIOD_M5,Asia-Low,BUY,4936.2,4983.97,477.7,STRONG_TREND,UP,5.57786,SH_BMS_RTO,True,FAIL,MINUS_1R_FIRST,FAILURE_FIRST
w1,Equal-High_2026.01.23 21:45,Equal-High_2026.01.23 21:45__ep1,759,762,2026-01-23 00:00:00,PERIOD_D1,Equal-High,SELL,4987.91,4936.24,516.7,STRONG_TREND,UP,91.88643,SH_BMS_RTO,False,N/A_NO_RETEST,MINUS_1R_FIRST,FAILURE_FIRST
w1,Asia-Low_2026.01.26,Asia-Low_2026.01.26__ep1,766,767,2026-01-26 02:00:00,PERIOD_H1,Asia-Low,BUY,4936.2,5039.5,1033.0,STRONG_TREND,UP,23.98643,SH_BMS_RTO,False,N/A_NO_RETEST,MINUS_1R_FIRST,FAILURE_FIRST
w1,Asia-Low_2026.01.28,Asia-Low_2026.01.28__ep1,848,849,2026-01-28 00:00:00,PERIOD_H4,Asia-Low,BUY,5013.69,5181.0,1673.1,STRONG_TREND,UP,57.545,SH_BMS_RTO,True,HOLD,AMBIGUOUS_SAME_BAR,FAILURE_FIRST
w1,Asia-High_2026.01.28,Asia-High_2026.01.28__ep5,857,858,2026-01-28 00:00:00,PERIOD_D1,Asia-High,SELL,5292.56,5181.0,1115.6,STRONG_TREND,UP,100.83071,SH_BMS_RTO,False,N/A_NO_RETEST,AMBIGUOUS_SAME_BAR,FAILURE_FIRST
w1,Asia-Low_2026.01.28,Asia-Low_2026.01.28__ep1,848,862,2026-01-28 13:00:00,PERIOD_M5,Asia-Low,BUY,5157.24,5269.89,1126.5,RANGING,UP,5.64857,SH_BMS_RTO,True,HOLD,MINUS_1R_FIRST,FAILURE_FIRST
w1,Asia-Low_2026.01.28,Asia-Low_2026.01.28__ep1,848,866,2026-01-28 15:00:00,PERIOD_M30,Asia-Low,BUY,5157.24,5279.13,1218.9,STRONG_TREND,UP,19.305,SH_BMS_RTO,True,HOLD,AMBIGUOUS_SAME_BAR,FAILURE_FIRST
w1,Equal-High_2026.01.28 15:10,Equal-High_2026.01.28 15:10__ep1,867,868,2026-01-28 00:00:00,PERIOD_D1,Equal-High,SELL,5280.57,5181.0,995.7,STRONG_TREND,UP,100.83071,SH_BMS_RTO,False,N/A_NO_RETEST,AMBIGUOUS_SAME_BAR,FAILURE_FIRST
w1,Asia-Low_2026.01.28,Asia-Low_2026.01.28__ep1,848,871,2026-01-28 15:45:00,PERIOD_M15,Asia-Low,BUY,5157.24,5261.39,1041.5,WEAK_TREND,DOWN,14.23857,SH_BMS_RTO,True,HOLD,AMBIGUOUS_SAME_BAR,FAILURE_FIRST
w1,Asia-Low_2026.01.28,Asia-Low_2026.01.28__ep1,848,873,2026-01-28 16:45:00,PERIOD_M15,Asia-Low,BUY,5157.24,5278.99,1217.5,RANGING,UP,15.71929,SH_BMS_RTO,True,HOLD,MINUS_1R_FIRST,FAILURE_FIRST
w1,Equal-High_2026.01.28 18:10,Equal-High_2026.01.28 18:10__ep1,880,881,2026-01-28 00:00:00,PERIOD_D1,Equal-High,SELL,5285.29,5181.0,1042.9,STRONG_TREND,UP,100.83071,SH_BMS_RTO,False,N/A_NO_RETEST,AMBIGUOUS_SAME_BAR,FAILURE_FIRST
w1,Asia-Low_2026.01.28,Asia-Low_2026.01.28__ep1,848,887,2026-01-28 19:00:00,PERIOD_M5,Asia-Low,BUY,5157.24,5299.54,1423.0,STRONG_TREND,UP,9.23071,SH_BMS_RTO,True,HOLD,PLUS_1R_FIRST,FAILURE_FIRST
w1,Asia-Low_2026.01.28,Asia-Low_2026.01.28__ep1,848,894,2026-01-28 21:00:00,PERIOD_M30,Asia-Low,BUY,5157.24,5283.3,1260.6,WEAK_TREND,DOWN,27.02214,SH_BMS_RTO,True,HOLD,AMBIGUOUS_SAME_BAR,FAILURE_FIRST
w1,Asia-Low_2026.01.28,Asia-Low_2026.01.28__ep1,848,899,2026-01-28 22:00:00,PERIOD_M30,Asia-Low,BUY,5157.24,5325.43,1681.9,WEAK_TREND,DOWN,30.43429,SH_BMS_RTO,True,HOLD,PLUS_1R_FIRST,FAILURE_FIRST
w1,Asia-Low_2026.01.29,Asia-Low_2026.01.29__ep1,904,905,2026-01-29 03:15:00,PERIOD_M15,Asia-Low,BUY,5160.23,5479.76,3195.3,VOLATILE,UP,41.87857,SH_BMS_RTO,True,FAIL,PLUS_1R_FIRST,CONTINUATION_FIRST
w1,Asia-Low_2026.01.29,Asia-Low_2026.01.29__ep1,904,907,2026-01-29 00:00:00,PERIOD_H4,Asia-Low,BUY,5163.04,5417.68,2546.4,STRONG_TREND,UP,68.30286,SH_BMS_RTO,True,FAIL,PLUS_1R_FIRST,CONTINUATION_FIRST
w1,Asia-Low_2026.01.29,Asia-Low_2026.01.29__ep1,904,911,2026-01-29 04:00:00,PERIOD_H4,Asia-Low,BUY,5186.21,5545.48,3592.7,STRONG_TREND,UP,77.85214,SH_BMS_RTO,True,FAIL,MINUS_1R_FIRST,FAILURE_FIRST
w1,Equal-High_2026.01.29 16:10,Equal-High_2026.01.29 16:10__ep1,921,922,2026-01-29 00:00:00,PERIOD_D1,Equal-High,SELL,5530.67,5417.68,1129.9,STRONG_TREND,UP,114.39071,SH_BMS_RTO,False,N/A_NO_RETEST,MINUS_1R_FIRST,FAILURE_FIRST
w1,Equal-High_2026.01.29 16:40,Equal-High_2026.01.29 16:40__ep1,924,925,2026-01-29 00:00:00,PERIOD_D1,Equal-High,SELL,5530.67,5417.68,1129.9,STRONG_TREND,UP,114.39071,SH_BMS_RTO,True,FAIL,MINUS_1R_FIRST,FAILURE_FIRST
w1,Daily-Low_2026.01.29,Daily-Low_2026.01.29__ep2,952,954,2026-01-30 13:00:00,PERIOD_M30,Daily-Low,BUY,5104.45,5119.74,152.9,STRONG_TREND,DOWN,64.67214,SH_BMS_RTO,False,N/A_NO_RETEST,MINUS_1R_FIRST,FAILURE_FIRST
w1,Weekly-High_2026.01.18,Weekly-High_2026.01.18__ep2,971,975,2026-01-30 19:15:00,PERIOD_M15,Weekly-High,SELL,4989.78,4914.66,751.2,STRONG_TREND,DOWN,53.46571,SH_BMS_RTO,False,N/A_NO_RETEST,MINUS_1R_FIRST,FAILURE_FIRST
w1,Weekly-High_2026.01.18,Weekly-High_2026.01.18__ep3,978,979,2026-01-30 20:00:00,PERIOD_H1,Weekly-High,SELL,4989.78,4849.38,1404.0,STRONG_TREND,DOWN,100.23571,SH_BMS_RTO,False,N/A_NO_RETEST,MINUS_1R_FIRST,FAILURE_FIRST
w1,Weekly-High_2026.01.18,Weekly-High_2026.01.18__ep3,978,981,2026-01-30 20:45:00,PERIOD_M5,Weekly-High,SELL,4989.78,4779.65,2101.3,STRONG_TREND,DOWN,56.75214,SH_BMS_RTO,False,N/A_NO_RETEST,MINUS_1R_FIRST,FAILURE_FIRST
w1,Weekly-High_2026.01.18,Weekly-High_2026.01.18__ep3,978,988,2026-02-02 00:00:00,PERIOD_D1,Weekly-High,SELL,4989.78,4890.34,994.4,VOLATILE,UP,191.11357,SH_BMS_RTO,False,N/A_NO_RETEST,PLUS_1R_FIRST,CONTINUATION_FIRST
w1,Weekly-Low_2026.01.25,Weekly-Low_2026.01.25__ep11,1026,1027,2026-02-02 00:00:00,PERIOD_D1,Weekly-Low,BUY,4684.92,4890.34,2054.2,VOLATILE,UP,191.11357,SH_BMS_RTO,False,N/A_NO_RETEST,MINUS_1R_FIRST,FAILURE_FIRST
w1,Equal-Low_2026.02.02 20:55,Equal-Low_2026.02.02 20:55__ep1,1041,1042,2026-02-02 00:00:00,PERIOD_D1,Equal-Low,BUY,4649.09,4890.34,2412.5,VOLATILE,UP,191.11357,SH_BMS_RTO,False,N/A_NO_RETEST,MINUS_1R_FIRST,FAILURE_FIRST
w1,Equal-Low_2026.02.02 22:55,Equal-Low_2026.02.02 22:55__ep1,1049,1050,2026-02-02 00:00:00,PERIOD_D1,Equal-Low,BUY,4649.58,4890.34,2407.6,VOLATILE,UP,191.11357,SH_BMS_RTO,False,N/A_NO_RETEST,MINUS_1R_FIRST,FAILURE_FIRST
w1,Equal-High_2026.02.04 09:55,Equal-High_2026.02.04 09:55__ep1,1141,1142,2026-02-04 00:00:00,PERIOD_D1,Equal-High,SELL,5090.28,4946.89,1433.9,VOLATILE,UP,241.04571,SH_BMS_RTO,False,N/A_NO_RETEST,MINUS_1R_FIRST,FAILURE_FIRST
w1,Equal-High_2026.02.04 15:55,Equal-High_2026.02.04 15:55__ep1,1156,1157,2026-02-04 00:00:00,PERIOD_D1,Equal-High,SELL,5063.26,4946.89,1163.7,VOLATILE,UP,241.04571,SH_BMS_RTO,False,N/A_NO_RETEST,MINUS_1R_FIRST,FAILURE_FIRST
w1,Daily-High_2026.02.03,Daily-High_2026.02.03__ep4,1162,1164,2026-02-04 00:00:00,PERIOD_D1,Daily-High,SELL,4993.53,4946.89,466.4,VOLATILE,UP,241.04571,SH_BMS_RTO,False,N/A_NO_RETEST,MINUS_1R_FIRST,FAILURE_FIRST
w1,Daily-High_2026.02.03,Daily-High_2026.02.03__ep6,1166,1167,2026-02-04 18:00:00,PERIOD_M30,Daily-High,SELL,4993.53,4920.44,730.9,STRONG_TREND,DOWN,35.96429,SH_BMS_RTO,False,N/A_NO_RETEST,AMBIGUOUS_SAME_BAR,FAILURE_FIRST
w1,Equal-Low_2026.02.05 17:45,Equal-Low_2026.02.05 17:45__ep1,1219,1222,2026-02-05 18:45:00,PERIOD_M5,Equal-Low,BUY,4801.91,4878.29,763.8,STRONG_TREND,DOWN,18.23,SH_BMS_RTO,False,N/A_NO_RETEST,MINUS_1R_FIRST,FAILURE_FIRST
w1,Equal-High_2026.02.10 17:00,Equal-High_2026.02.10 17:00__ep1,1364,1367,2026-02-10 17:45:00,PERIOD_M15,Equal-High,SELL,5045.14,5014.01,311.3,WEAK_TREND,UP,18.90286,SH_BMS_RTO,False,N/A_NO_RETEST,AMBIGUOUS_SAME_BAR,FAILURE_FIRST
w1,Asia-High_2026.02.12,Asia-High_2026.02.12__ep6,1503,1514,2026-02-12 18:15:00,PERIOD_M5,Asia-High,SELL,5078.28,4951.29,1269.9,WEAK_TREND,UP,13.97214,SH_BMS_RTO,False,N/A_NO_RETEST,AMBIGUOUS_SAME_BAR,FAILURE_FIRST
w1,Asia-High_2026.02.12,Asia-High_2026.02.12__ep6,1503,1516,2026-02-12 18:30:00,PERIOD_M5,Asia-High,SELL,5078.28,4897.28,1810.0,VOLATILE,UP,21.36571,SH_BMS_RTO,False,N/A_NO_RETEST,MINUS_1R_FIRST,FAILURE_FIRST
w1,Asia-High_2026.02.12,Asia-High_2026.02.12__ep6,1503,1517,2026-02-12 19:00:00,PERIOD_H1,Asia-High,SELL,5078.28,4954.56,1237.2,RANGING,UP,34.07214,SH_BMS_RTO,False,N/A_NO_RETEST,PLUS_1R_FIRST,FAILURE_FIRST
w1,Equal-Low_2026.02.13 01:40,Equal-Low_2026.02.13 01:40__ep1,1520,1524,2026-02-13 02:15:00,PERIOD_M15,Equal-Low,BUY,4911.04,4941.68,306.4,WEAK_TREND,DOWN,17.60643,SH_BMS_RTO,False,N/A_NO_RETEST,AMBIGUOUS_SAME_BAR,FAILURE_FIRST
w1,Daily-High_2026.02.13,Daily-High_2026.02.13__ep1,1564,1568,2026-02-16 01:45:00,PERIOD_M15,Daily-High,SELL,5045.91,5018.69,272.2,RANGING,UP,11.82571,SH_BMS_RTO,False,N/A_NO_RETEST,AMBIGUOUS_SAME_BAR,FAILURE_FIRST
w1,Equal-High_2026.02.20 01:10,Equal-High_2026.02.20 01:10__ep1,1706,1709,2026-02-20 02:00:00,PERIOD_M5,Equal-High,SELL,5001.53,4987.42,141.1,WEAK_TREND,DOWN,6.18357,SH_BMS_RTO,False,N/A_NO_RETEST,AMBIGUOUS_SAME_BAR,FAILURE_FIRST
w1,Asia-Low_2026.02.24,Asia-Low_2026.02.24__ep1,1778,1779,2026-02-24 01:15:00,PERIOD_M15,Asia-Low,BUY,5124.96,5244.26,1193.0,STRONG_TREND,UP,8.045,SH_BMS_RTO,True,FAIL,PLUS_1R_FIRST,FAILURE_FIRST
w1,Asia-Low_2026.02.24,Asia-Low_2026.02.24__ep1,1778,1786,2026-02-24 02:30:00,PERIOD_M5,Asia-Low,BUY,5124.96,5226.77,1018.1,WEAK_TREND,UP,8.49,SH_BMS_RTO,True,FAIL,AMBIGUOUS_SAME_BAR,FAILURE_FIRST
w1,Asia-Low_2026.02.24,Asia-Low_2026.02.24__ep1,1778,1790,2026-02-24 03:30:00,PERIOD_M30,Asia-Low,BUY,5124.96,5165.22,402.6,STRONG_TREND,UP,17.91786,SH_BMS_RTO,True,FAIL,AMBIGUOUS_SAME_BAR,FAILURE_FIRST
w1,Asia-Low_2026.02.24,Asia-Low_2026.02.24__ep1,1778,1795,2026-02-24 04:00:00,PERIOD_H4,Asia-Low,BUY,5124.96,5177.12,521.6,STRONG_TREND,UP,49.01143,SH_BMS_RTO,True,FAIL,PLUS_1R_FIRST,FAILURE_FIRST
w1,Asia-Low_2026.02.24,Asia-Low_2026.02.24__ep1,1778,1801,2026-02-24 08:30:00,PERIOD_M5,Asia-Low,BUY,5124.96,5168.84,438.8,WEAK_TREND,UP,6.13857,SH_BMS_RTO,True,FAIL,PLUS_1R_FIRST,FAILURE_FIRST
w1,Asia-Low_2026.02.24,Asia-Low_2026.02.24__ep1,1778,1804,2026-02-24 09:30:00,PERIOD_M5,Asia-Low,BUY,5124.96,5183.17,582.1,WEAK_TREND,UP,7.96643,SH_BMS_RTO,True,FAIL,MINUS_1R_FIRST,FAILURE_FIRST
w1,Asia-Low_2026.02.24,Asia-Low_2026.02.24__ep1,1778,1819,2026-02-24 14:00:00,PERIOD_M5,Asia-Low,BUY,5145.02,5172.54,275.2,WEAK_TREND,UP,3.58286,SH_BMS_RTO,True,FAIL,MINUS_1R_FIRST,FAILURE_FIRST
w1,Asia-Low_2026.02.24,Asia-Low_2026.02.24__ep1,1778,1822,2026-02-24 15:15:00,PERIOD_M15,Asia-Low,BUY,5145.02,5158.91,138.9,WEAK_TREND,DOWN,8.98714,SH_BMS_RTO,True,FAIL,MINUS_1R_FIRST,FAILURE_FIRST
w1,Asia-Low_2026.02.24,Asia-Low_2026.02.24__ep1,1778,1824,2026-02-24 15:00:00,PERIOD_H1,Asia-Low,BUY,5145.02,5150.41,53.9,WEAK_TREND,UP,24.31571,SH_BMS_RTO,True,FAIL,PLUS_1R_FIRST,FAILURE_FIRST
w1,Asia-Low_2026.02.24,Asia-Low_2026.02.24__ep9,1845,1850,2026-02-24 20:00:00,PERIOD_H4,Asia-Low,BUY,5145.02,5163.6,185.8,STRONG_TREND,UP,54.28,SH_BMS_RTO,True,AMBIGUOUS,PLUS_1R_FIRST,FAILURE_FIRST
w2,Asia-Low_2026.03.02,Asia-Low_2026.03.02__ep1,4,5,2026-03-02 04:45:00,PERIOD_M15,Asia-Low,BUY,5172.92,5351.03,1781.1,STRONG_TREND,UP,24.00929,SH_BMS_RTO,False,N/A_NO_RETEST,MINUS_1R_FIRST,FAILURE_FIRST
w2,Equal-High_2026.03.02 15:40,Equal-High_2026.03.02 15:40__ep1,12,13,2026-03-02 16:15:00,PERIOD_M15,Equal-High,SELL,5398.61,5375.19,234.2,RANGING,UP,17.14714,SH_BMS_RTO,False,N/A_NO_RETEST,PLUS_1R_FIRST,FAILURE_FIRST
w2,Equal-High_2026.03.02 23:25,Equal-High_2026.03.02 23:25__ep1,28,29,2026-03-02 20:00:00,PERIOD_H4,Equal-High,SELL,5333.96,5306.55,274.1,STRONG_TREND,DOWN,56.29429,SH_BMS_RTO,False,N/A_NO_RETEST,PLUS_1R_FIRST,FAILURE_FIRST
w2,Asia-Low_2026.03.03,Asia-Low_2026.03.03__ep2,36,39,2026-03-03 08:00:00,PERIOD_M30,Asia-Low,BUY,5305.08,5318.92,138.4,STRONG_TREND,UP,22.30786,SH_BMS_RTO,False,N/A_NO_RETEST,PLUS_1R_FIRST,FAILURE_FIRST
w2,Asia-Low_2026.03.03,Asia-Low_2026.03.03__ep2,36,42,2026-03-03 10:15:00,PERIOD_M5,Asia-Low,BUY,5278.95,5319.75,408.0,STRONG_TREND,UP,7.62429,SH_BMS_RTO,False,N/A_NO_RETEST,AMBIGUOUS_SAME_BAR,FAILURE_FIRST
w2,Asia-Low_2026.03.03,Asia-Low_2026.03.03__ep2,36,44,2026-03-03 11:00:00,PERIOD_H1,Asia-Low,BUY,5278.95,5295.44,164.9,WEAK_TREND,DOWN,29.93714,SH_BMS_RTO,False,N/A_NO_RETEST,PLUS_1R_FIRST,FAILURE_FIRST
w2,Monthly-High_2026.02.01,Monthly-High_2026.02.01__ep1,45,50,2026-03-03 11:45:00,PERIOD_M15,Monthly-High,SELL,5280.63,5263.76,168.7,STRONG_TREND,DOWN,22.98857,SH_BMS_RTO,False,N/A_NO_RETEST,AMBIGUOUS_SAME_BAR,FAILURE_FIRST
w2,Monthly-High_2026.02.01,Monthly-High_2026.02.01__ep4,54,60,2026-03-03 13:30:00,PERIOD_M5,Monthly-High,SELL,5280.63,5126.54,1540.9,VOLATILE,DOWN,29.05429,SH_BMS_RTO,False,N/A_NO_RETEST,AMBIGUOUS_SAME_BAR,AMBIGUOUS_SAME_BAR
w2,Monthly-High_2026.02.01,Monthly-High_2026.02.01__ep4,54,63,2026-03-03 14:00:00,PERIOD_H1,Monthly-High,SELL,5280.63,5144.35,1362.8,WEAK_TREND,DOWN,47.925,SH_BMS_RTO,False,N/A_NO_RETEST,MINUS_1R_FIRST,FAILURE_FIRST
w2,Monthly-High_2026.02.01,Monthly-High_2026.02.01__ep4,54,68,2026-03-03 16:00:00,PERIOD_H1,Monthly-High,SELL,5280.63,5156.69,1239.4,VOLATILE,DOWN,58.03714,SH_BMS_RTO,False,N/A_NO_RETEST,AMBIGUOUS_SAME_BAR,FAILURE_FIRST
w2,Monthly-High_2026.02.01,Monthly-High_2026.02.01__ep6,70,72,2026-03-03 16:30:00,PERIOD_M5,Monthly-High,SELL,5280.63,5145.74,1348.9,WEAK_TREND,DOWN,19.36,SH_BMS_RTO,False,N/A_NO_RETEST,PLUS_1R_FIRST,CONTINUATION_FIRST
w2,Monthly-High_2026.02.01,Monthly-High_2026.02.01__ep6,70,73,2026-03-03 16:45:00,PERIOD_M5,Monthly-High,SELL,5280.63,5071.17,2094.6,STRONG_TREND,DOWN,24.41071,SH_BMS_RTO,False,N/A_NO_RETEST,AMBIGUOUS_SAME_BAR,FAILURE_FIRST
w2,Monthly-High_2026.02.01,Monthly-High_2026.02.01__ep6,70,75,2026-03-03 17:00:00,PERIOD_H1,Monthly-High,SELL,5280.63,5038.0,2426.3,VOLATILE,DOWN,67.64571,SH_BMS_RTO,False,N/A_NO_RETEST,MINUS_1R_FIRST,FAILURE_FIRST
w2,Monthly-High_2026.02.01,Monthly-High_2026.02.01__ep6,70,85,2026-03-03 19:30:00,PERIOD_M5,Monthly-High,SELL,5280.63,5083.27,1973.6,WEAK_TREND,UP,15.49,SH_BMS_RTO,False,N/A_NO_RETEST,AMBIGUOUS_SAME_BAR,FAILURE_FIRST
w2,Equal-High_2026.03.04 09:10,Equal-High_2026.03.04 09:10__ep1,105,106,2026-03-04 00:00:00,PERIOD_D1,Equal-High,SELL,5167.83,5088.22,796.1,STRONG_TREND,DOWN,149.62571,SH_BMS_RTO,False,N/A_NO_RETEST,MINUS_1R_FIRST,FAILURE_FIRST
w2,Equal-High_2026.03.04 11:25,Equal-High_2026.03.04 11:25__ep1,112,113,2026-03-04 00:00:00,PERIOD_D1,Equal-High,SELL,5175.69,5088.22,874.7,STRONG_TREND,UP,149.62571,SH_BMS_RTO,False,N/A_NO_RETEST,MINUS_1R_FIRST,FAILURE_FIRST
w2,Asia-High_2026.03.04,Asia-High_2026.03.04__ep3,119,121,2026-03-04 00:00:00,PERIOD_D1,Asia-High,SELL,5190.65,5088.22,1024.3,STRONG_TREND,UP,149.62571,SH_BMS_RTO,False,N/A_NO_RETEST,MINUS_1R_FIRST,FAILURE_FIRST
w2,Equal-Low_2026.03.06 03:00,Equal-Low_2026.03.06 03:00__ep1,185,189,2026-03-06 03:45:00,PERIOD_M15,Equal-Low,BUY,5071.98,5118.34,463.6,RANGING,UP,15.12143,SH_BMS_RTO,False,N/A_NO_RETEST,PLUS_1R_FIRST,CONTINUATION_FIRST
w2,Asia-Low_2026.03.06,Asia-Low_2026.03.06__ep3,201,206,2026-03-06 15:45:00,PERIOD_M15,Asia-Low,BUY,5066.16,5121.98,558.2,WEAK_TREND,DOWN,16.81357,SH_BMS_RTO,False,N/A_NO_RETEST,MINUS_1R_FIRST,FAILURE_FIRST
w2,Daily-High_2026.03.06,Daily-High_2026.03.06__ep2,237,244,2026-03-09 02:15:00,PERIOD_M15,Daily-High,SELL,5175.57,5036.2,1393.7,WEAK_TREND,UP,31.37929,SH_BMS_RTO,False,N/A_NO_RETEST,AMBIGUOUS_SAME_BAR,FAILURE_FIRST
w2,Daily-Low_2026.03.06,Daily-Low_2026.03.06__ep10,281,284,2026-03-09 16:45:00,PERIOD_M15,Daily-Low,BUY,5062.66,5112.29,496.3,WEAK_TREND,DOWN,17.39643,SH_BMS_RTO,False,N/A_NO_RETEST,MINUS_1R_FIRST,FAILURE_FIRST
w2,Equal-Low_2026.03.11 02:10,Equal-Low_2026.03.11 02:10__ep1,360,361,2026-03-11 02:30:00,PERIOD_M30,Equal-Low,BUY,5187.56,5212.36,248.0,WEAK_TREND,UP,17.475,SH_BMS_RTO,False,N/A_NO_RETEST,MINUS_1R_FIRST,FAILURE_FIRST
w2,Asia-Low_2026.03.16,Asia-Low_2026.03.16__ep6,592,593,2026-03-16 13:00:00,PERIOD_H1,Asia-Low,BUY,4982.53,4998.52,159.9,STRONG_TREND,UP,26.98857,SH_BMS_RTO,False,N/A_NO_RETEST,AMBIGUOUS_SAME_BAR,FAILURE_FIRST
w2,Asia-High_2026.03.16,Asia-High_2026.03.16__ep4,610,620,2026-03-16 18:30:00,PERIOD_M5,Asia-High,SELL,5035.85,4978.97,568.8,WEAK_TREND,DOWN,7.47571,SH_BMS_RTO,False,N/A_NO_RETEST,AMBIGUOUS_SAME_BAR,FAILURE_FIRST
w2,Equal-High_2026.03.17 17:10,Equal-High_2026.03.17 17:10__ep1,698,700,2026-03-17 17:30:00,PERIOD_M30,Equal-High,SELL,5011.28,4994.62,166.6,RANGING,UP,14.87286,SH_BMS_RTO,False,N/A_NO_RETEST,MINUS_1R_FIRST,FAILURE_FIRST
w2,Equal-Low_2026.03.18 07:30,Equal-Low_2026.03.18 07:30__ep1,727,731,2026-03-18 08:15:00,PERIOD_M15,Equal-Low,BUY,4996.28,5009.13,128.5,WEAK_TREND,DOWN,7.51929,SH_BMS_RTO,False,N/A_NO_RETEST,AMBIGUOUS_SAME_BAR,FAILURE_FIRST
w2,Asia-High_2026.03.19,Asia-High_2026.03.19__ep1,783,784,2026-03-19 09:45:00,PERIOD_M15,Asia-High,SELL,5014.69,4739.47,2752.2,VOLATILE,DOWN,18.06429,SH_BMS_RTO,False,N/A_NO_RETEST,MINUS_1R_FIRST,FAILURE_FIRST
w2,Asia-High_2026.03.19,Asia-High_2026.03.19__ep1,783,786,2026-03-19 10:45:00,PERIOD_M15,Asia-High,SELL,5002.1,4688.31,3137.9,VOLATILE,DOWN,25.58857,SH_BMS_RTO,False,N/A_NO_RETEST,MINUS_1R_FIRST,FAILURE_FIRST
w2,Asia-High_2026.03.19,Asia-High_2026.03.19__ep1,783,787,2026-03-19 00:00:00,PERIOD_D1,Asia-High,SELL,4866.9,4818.68,482.2,STRONG_TREND,DOWN,144.35429,SH_BMS_RTO,False,N/A_NO_RETEST,MINUS_1R_FIRST,FAILURE_FIRST
w2,Asia-High_2026.03.19,Asia-High_2026.03.19__ep1,783,789,2026-03-19 12:00:00,PERIOD_H4,Asia-High,SELL,4866.9,4698.77,1681.3,STRONG_TREND,DOWN,56.20143,SH_BMS_RTO,False,N/A_NO_RETEST,MINUS_1R_FIRST,FAILURE_FIRST
w2,Asia-High_2026.03.19,Asia-High_2026.03.19__ep1,783,790,2026-03-19 14:00:00,PERIOD_M30,Asia-High,SELL,4866.9,4651.75,2151.5,VOLATILE,DOWN,34.88,SH_BMS_RTO,False,N/A_NO_RETEST,AMBIGUOUS_SAME_BAR,FAILURE_FIRST
w2,Asia-High_2026.03.19,Asia-High_2026.03.19__ep1,783,792,2026-03-19 16:00:00,PERIOD_M30,Asia-High,SELL,4866.9,4620.73,2461.7,VOLATILE,DOWN,47.02143,SH_BMS_RTO,False,N/A_NO_RETEST,MINUS_1R_FIRST,FAILURE_FIRST
w2,Asia-High_2026.03.19,Asia-High_2026.03.19__ep1,783,796,2026-03-19 21:00:00,PERIOD_M5,Asia-High,SELL,4866.9,4622.84,2440.6,RANGING,DOWN,10.32071,SH_BMS_RTO,False,N/A_NO_RETEST,MINUS_1R_FIRST,FAILURE_FIRST
w2,Asia-High_2026.03.23,Asia-High_2026.03.23__ep1,841,842,2026-03-23 00:00:00,PERIOD_D1,Asia-High,SELL,4735.42,4497.39,2380.3,STRONG_TREND,DOWN,169.36786,SH_BMS_RTO,False,N/A_NO_RETEST,PLUS_1R_FIRST,FAILURE_FIRST
w2,Weekly-Low_2026.03.15,Weekly-Low_2026.03.15__ep5,851,852,2026-03-23 00:00:00,PERIOD_D1,Weekly-Low,BUY,4477.13,4497.39,202.6,STRONG_TREND,DOWN,169.36786,SH_BMS_RTO,False,N/A_NO_RETEST,MINUS_1R_FIRST,FAILURE_FIRST
w2,Monthly-Low_2026.02.01,Monthly-Low_2026.02.01__ep48,962,965,2026-03-25 00:00:00,PERIOD_H1,Monthly-Low,BUY,4402.99,4474.3,713.1,RANGING,DOWN,43.60429,SH_BMS_RTO,False,N/A_NO_RETEST,AMBIGUOUS_SAME_BAR,FAILURE_FIRST
w2,Daily-High_2026.03.27,Daily-High_2026.03.27__ep2,1119,1120,2026-03-30 17:00:00,PERIOD_H1,Daily-High,SELL,4555.22,4523.04,321.8,STRONG_TREND,UP,33.00643,SH_BMS_RTO,False,N/A_NO_RETEST,MINUS_1R_FIRST,FAILURE_FIRST
w2,Equal-Low_2026.03.31 03:15,Equal-Low_2026.03.31 03:15__ep1,1154,1156,2026-03-31 03:45:00,PERIOD_M15,Equal-Low,BUY,4492.42,4536.02,436.0,RANGING,DOWN,15.17786,SH_BMS_RTO,False,N/A_NO_RETEST,PLUS_1R_FIRST,FAILURE_FIRST
w2,Daily-High_2026.04.01,Daily-High_2026.04.01__ep6,1286,1287,2026-04-02 04:30:00,PERIOD_M30,Daily-High,SELL,4792.83,4696.71,961.2,WEAK_TREND,UP,23.84214,SH_BMS_RTO,False,N/A_NO_RETEST,PLUS_1R_FIRST,CONTINUATION_FIRST
w2,Equal-Low_2026.04.02 16:25,Equal-Low_2026.04.02 16:25__ep1,1323,1325,2026-04-02 17:00:00,PERIOD_H1,Equal-Low,BUY,4592.56,4645.97,534.1,STRONG_TREND,DOWN,48.90786,SH_BMS_RTO,False,N/A_NO_RETEST,MINUS_1R_FIRST,FAILURE_FIRST
w2,Daily-Low_2026.04.01,Daily-Low_2026.04.01__ep7,1328,1332,2026-04-02 17:45:00,PERIOD_M15,Daily-Low,BUY,4661.52,4693.23,317.1,WEAK_TREND,DOWN,25.45857,SH_BMS_RTO,False,N/A_NO_RETEST,MINUS_1R_FIRST,FAILURE_FIRST
w2,Equal-Low_2026.04.07 11:00,Equal-Low_2026.04.07 11:00__ep1,1420,1422,2026-04-07 12:00:00,PERIOD_H1,Equal-Low,BUY,4645.39,4682.67,372.8,RANGING,DOWN,22.88429,SH_BMS_RTO,False,N/A_NO_RETEST,PLUS_1R_FIRST,FAILURE_FIRST
w2,Asia-High_2026.04.07,Asia-High_2026.04.07__ep4,1426,1427,2026-04-07 14:00:00,PERIOD_M30,Asia-High,SELL,4664.31,4651.92,123.9,RANGING,UP,19.62286,SH_BMS_RTO,False,N/A_NO_RETEST,MINUS_1R_FIRST,FAILURE_FIRST
w2,Asia-High_2026.04.07,Asia-High_2026.04.07__ep6,1433,1439,2026-04-07 16:45:00,PERIOD_M15,Asia-High,SELL,4664.31,4639.55,247.6,WEAK_TREND,DOWN,16.81643,SH_BMS_RTO,False,N/A_NO_RETEST,MINUS_1R_FIRST,FAILURE_FIRST
w2,Weekly-High_2026.03.29,Weekly-High_2026.03.29__ep7,1479,1480,2026-04-08 12:00:00,PERIOD_M30,Weekly-High,SELL,4800.13,4793.68,64.5,WEAK_TREND,DOWN,16.41071,SH_BMS_RTO,False,N/A_NO_RETEST,MINUS_1R_FIRST,FAILURE_FIRST
w2,Equal-High_2026.04.09 05:55,Equal-High_2026.04.09 05:55__ep1,1532,1533,2026-04-09 06:15:00,PERIOD_M5,Equal-High,SELL,4719.81,4712.45,73.6,STRONG_TREND,UP,4.82214,SH_BMS_RTO,False,N/A_NO_RETEST,PLUS_1R_FIRST,CONTINUATION_FIRST
w2,Equal-Low_2026.04.13 18:25,Equal-Low_2026.04.13 18:25__ep1,1663,1666,2026-04-13 19:30:00,PERIOD_M30,Equal-Low,BUY,4703.51,4730.29,267.8,RANGING,DOWN,16.34643,SH_BMS_RTO,False,N/A_NO_RETEST,AMBIGUOUS_SAME_BAR,FAILURE_FIRST
w2,Daily-High_2026.04.14,Daily-High_2026.04.14__ep6,1741,1747,2026-04-15 06:00:00,PERIOD_H1,Daily-High,SELL,4846.16,4823.76,224.0,STRONG_TREND,DOWN,20.775,SH_BMS_RTO,False,N/A_NO_RETEST,PLUS_1R_FIRST,FAILURE_FIRST
w2,Equal-High_2026.04.16 16:40,Equal-High_2026.04.16 16:40__ep1,1832,1835,2026-04-16 17:00:00,PERIOD_H1,Equal-High,SELL,4822.98,4794.68,283.0,RANGING,UP,15.43143,SH_BMS_RTO,False,N/A_NO_RETEST,AMBIGUOUS_SAME_BAR,FAILURE_FIRST
w2,Equal-High_2026.04.17 08:55,Equal-High_2026.04.17 08:55__ep1,1880,1883,2026-04-17 09:00:00,PERIOD_M30,Equal-High,SELL,4794.64,4793.99,6.5,RANGING,DOWN,10.23286,SH_BMS_RTO,False,N/A_NO_RETEST,PLUS_1R_FIRST,FAILURE_FIRST
w2,Equal-High_2026.04.22 04:25,Equal-High_2026.04.22 04:25__ep1,2061,2062,2026-04-22 00:00:00,PERIOD_D1,Equal-High,SELL,4747.32,4719.88,274.4,WEAK_TREND,DOWN,118.93286,SH_BMS_RTO,False,N/A_NO_RETEST,AMBIGUOUS_SAME_BAR,FAILURE_FIRST
w2,Equal-High_2026.04.22 16:45,Equal-High_2026.04.22 16:45__ep1,2077,2078,2026-04-22 00:00:00,PERIOD_D1,Equal-High,SELL,4760.57,4719.88,406.9,WEAK_TREND,DOWN,118.93286,SH_BMS_RTO,False,N/A_NO_RETEST,AMBIGUOUS_SAME_BAR,FAILURE_FIRST
w2,Equal-High_2026.04.23 11:40,Equal-High_2026.04.23 11:40__ep1,2115,2116,2026-04-23 12:00:00,PERIOD_H1,Equal-High,SELL,4707.33,4703.19,41.4,STRONG_TREND,UP,19.21929,SH_BMS_RTO,False,N/A_NO_RETEST,AMBIGUOUS_SAME_BAR,FAILURE_FIRST
w2,Equal-Low_2026.04.24 16:00,Equal-Low_2026.04.24 16:00__ep1,2191,2193,2026-04-24 17:15:00,PERIOD_M15,Equal-Low,BUY,4692.46,4731.22,387.6,RANGING,UP,14.26786,SH_BMS_RTO,False,N/A_NO_RETEST,AMBIGUOUS_SAME_BAR,FAILURE_FIRST
w2,Equal-High_2026.04.27 15:15,Equal-High_2026.04.27 15:15__ep1,2234,2235,2026-04-27 15:45:00,PERIOD_M15,Equal-High,SELL,4710.66,4698.6,120.6,WEAK_TREND,DOWN,6.40643,SH_BMS_RTO,False,N/A_NO_RETEST,MINUS_1R_FIRST,FAILURE_FIRST
w2,Equal-Low_2026.04.28 17:55,Equal-Low_2026.04.28 17:55__ep1,2296,2297,2026-04-28 16:00:00,PERIOD_H4,Equal-Low,BUY,4570.44,4593.63,231.9,STRONG_TREND,DOWN,34.795,SH_BMS_RTO,False,N/A_NO_RETEST,MINUS_1R_FIRST,FAILURE_FIRST
w3,Asia-Low_2026.05.01,Asia-Low_2026.05.01__ep6,22,23,2026-05-01 16:45:00,PERIOD_M5,Asia-Low,BUY,4590.75,4607.82,170.7,WEAK_TREND,DOWN,6.33429,SH_BMS_RTO,False,N/A_NO_RETEST,MINUS_1R_FIRST,FAILURE_FIRST
w3,Equal-High_2026.05.05 08:10,Equal-High_2026.05.05 08:10__ep1,109,110,2026-05-05 00:00:00,PERIOD_D1,Equal-High,SELL,4542.51,4523.63,188.8,WEAK_TREND,UP,101.035,SH_BMS_RTO,True,HOLD,AMBIGUOUS_SAME_BAR,FAILURE_FIRST
w3,Equal-High_2026.05.05 10:40,Equal-High_2026.05.05 10:40__ep1,112,114,2026-05-05 00:00:00,PERIOD_D1,Equal-High,SELL,4551.93,4523.63,283.0,WEAK_TREND,UP,101.035,SH_BMS_RTO,True,FAIL,AMBIGUOUS_SAME_BAR,FAILURE_FIRST
w3,Asia-High_2026.05.05,Asia-High_2026.05.05__ep2,116,117,2026-05-05 00:00:00,PERIOD_D1,Asia-High,SELL,4551.93,4523.63,283.0,WEAK_TREND,UP,101.035,SH_BMS_RTO,True,AMBIGUOUS,AMBIGUOUS_SAME_BAR,FAILURE_FIRST
w3,Equal-High_2026.05.05 16:00,Equal-High_2026.05.05 16:00__ep1,134,135,2026-05-05 00:00:00,PERIOD_D1,Equal-High,SELL,4584.33,4523.63,607.0,WEAK_TREND,UP,101.035,SH_BMS_RTO,True,FAIL,AMBIGUOUS_SAME_BAR,FAILURE_FIRST
w3,Equal-High_2026.05.05 17:00,Equal-High_2026.05.05 17:00__ep1,137,139,2026-05-05 00:00:00,PERIOD_D1,Equal-High,SELL,4584.33,4523.63,607.0,WEAK_TREND,UP,101.035,SH_BMS_RTO,True,HOLD,AMBIGUOUS_SAME_BAR,FAILURE_FIRST
w3,Equal-High_2026.05.05 17:40,Equal-High_2026.05.05 17:40__ep1,141,142,2026-05-05 00:00:00,PERIOD_D1,Equal-High,SELL,4584.88,4523.63,612.5,WEAK_TREND,UP,101.035,SH_BMS_RTO,True,HOLD,AMBIGUOUS_SAME_BAR,FAILURE_FIRST
w3,Equal-High_2026.05.05 21:25,Equal-High_2026.05.05 21:25__ep1,147,148,2026-05-05 00:00:00,PERIOD_D1,Equal-High,SELL,4562.67,4523.63,390.4,WEAK_TREND,UP,101.035,SH_BMS_RTO,True,AMBIGUOUS,AMBIGUOUS_SAME_BAR,FAILURE_FIRST
w3,Equal-High_2026.05.06 14:40,Equal-High_2026.05.06 14:40__ep1,166,167,2026-05-06 15:00:00,PERIOD_H1,Equal-High,SELL,4705.97,4691.98,139.9,STRONG_TREND,UP,22.36286,SH_BMS_RTO,False,N/A_NO_RETEST,PLUS_1R_FIRST,CONTINUATION_FIRST
w3,Equal-Low_2026.05.06 16:40,Equal-Low_2026.05.06 16:40__ep1,169,170,2026-05-06 17:00:00,PERIOD_H1,Equal-Low,BUY,4694.24,4701.97,77.3,STRONG_TREND,UP,23.43857,SH_BMS_RTO,False,N/A_NO_RETEST,PLUS_1R_FIRST,FAILURE_FIRST
w3,Asia-High_2026.05.07,Asia-High_2026.05.07__ep3,187,188,2026-05-07 00:00:00,PERIOD_D1,Asia-High,SELL,4749.85,4690.83,590.2,WEAK_TREND,UP,108.14143,SH_BMS_RTO,False,N/A_NO_RETEST,MINUS_1R_FIRST,FAILURE_FIRST
w3,Weekly-High_2026.04.26,Weekly-High_2026.04.26__ep1,198,200,2026-05-07 00:00:00,PERIOD_D1,Weekly-High,SELL,4729.8,4690.83,389.7,WEAK_TREND,UP,108.14143,SH_BMS_RTO,False,N/A_NO_RETEST,MINUS_1R_FIRST,FAILURE_FIRST
w3,Equal-High_2026.05.07 23:10,Equal-High_2026.05.07 23:10__ep1,225,226,2026-05-07 00:00:00,PERIOD_D1,Equal-High,SELL,4712.68,4690.83,218.5,WEAK_TREND,UP,108.14143,SH_BMS_RTO,False,N/A_NO_RETEST,MINUS_1R_FIRST,FAILURE_FIRST
w3,Weekly-High_2026.04.26,Weekly-High_2026.04.26__ep13,260,263,2026-05-08 10:30:00,PERIOD_M30,Weekly-High,SELL,4729.8,4706.6,232.0,WEAK_TREND,UP,15.20357,SH_BMS_RTO,False,N/A_NO_RETEST,PLUS_1R_FIRST,FAILURE_FIRST
w3,Daily-Low_2026.05.08,Daily-Low_2026.05.08__ep13,330,332,2026-05-11 16:30:00,PERIOD_M30,Daily-Low,BUY,4676.87,4728.22,513.5,STRONG_TREND,DOWN,14.12,SH_BMS_RTO,True,HOLD,PLUS_1R_FIRST,CONTINUATION_FIRST
w3,Asia-Low_2026.05.12,Asia-Low_2026.05.12__ep12,412,413,2026-05-12 22:00:00,PERIOD_H1,Asia-Low,BUY,4694.35,4695.92,15.7,STRONG_TREND,DOWN,19.785,SH_BMS_RTO,False,N/A_NO_RETEST,PLUS_1R_FIRST,CONTINUATION_FIRST
w3,Asia-High_2026.05.18,Asia-High_2026.05.18__ep1,567,569,2026-05-18 03:45:00,PERIOD_M15,Asia-High,SELL,4658.03,4481.41,1766.2,WEAK_TREND,DOWN,13.75143,SH_BMS_RTO,False,N/A_NO_RETEST,MINUS_1R_FIRST,FAILURE_FIRST
w3,Asia-High_2026.05.20,Asia-High_2026.05.20__ep1,683,684,2026-05-20 04:30:00,PERIOD_M30,Asia-High,SELL,4572.46,4473.5,989.6,STRONG_TREND,DOWN,11.60143,SH_BMS_RTO,False,N/A_NO_RETEST,AMBIGUOUS_SAME_BAR,FAILURE_FIRST
w3,Asia-High_2026.05.20,Asia-High_2026.05.20__ep1,683,693,2026-05-20 05:45:00,PERIOD_M15,Asia-High,SELL,4571.66,4460.53,1111.3,WEAK_TREND,DOWN,14.63,SH_BMS_RTO,False,N/A_NO_RETEST,AMBIGUOUS_SAME_BAR,FAILURE_FIRST
w3,Daily-Low_2026.05.19,Daily-Low_2026.05.19__ep10,708,709,2026-05-20 00:00:00,PERIOD_D1,Daily-Low,BUY,4464.39,4481.88,174.9,WEAK_TREND,DOWN,106.79286,SH_BMS_RTO,False,N/A_NO_RETEST,AMBIGUOUS_SAME_BAR,FAILURE_FIRST
w3,Equal-High_2026.05.20 11:55,Equal-High_2026.05.20 11:55__ep1,711,712,2026-05-20 12:30:00,PERIOD_M5,Equal-High,SELL,4485.75,4473.97,117.8,WEAK_TREND,UP,5.30929,SH_BMS_RTO,False,N/A_NO_RETEST,MINUS_1R_FIRST,FAILURE_FIRST
w3,Equal-Low_2026.05.22 06:10,Equal-Low_2026.05.22 06:10__ep1,835,838,2026-05-22 07:00:00,PERIOD_M30,Equal-Low,BUY,4520.8,4529.32,85.2,STRONG_TREND,DOWN,7.885,SH_BMS_RTO,False,N/A_NO_RETEST,MINUS_1R_FIRST,FAILURE_FIRST
w3,Asia-Low_2026.05.22,Asia-Low_2026.05.22__ep2,890,894,2026-05-25 01:30:00,PERIOD_M30,Asia-Low,BUY,4507.15,4551.46,443.1,WEAK_TREND,DOWN,12.34714,SH_BMS_RTO,False,N/A_NO_RETEST,PLUS_1R_FIRST,CONTINUATION_FIRST
w3,Asia-Low_2026.05.25,Asia-Low_2026.05.25__ep2,893,896,2026-05-25 02:30:00,PERIOD_M30,Asia-Low,BUY,4507.15,4574.84,676.9,WEAK_TREND,DOWN,12.25143,SH_BMS_RTO,True,FAIL,PLUS_1R_FIRST,FAILURE_FIRST
w3,Asia-Low_2026.05.25,Asia-Low_2026.05.25__ep2,893,898,2026-05-25 03:45:00,PERIOD_M5,Asia-Low,BUY,4507.15,4571.31,641.6,WEAK_TREND,DOWN,4.31786,SH_BMS_RTO,True,FAIL,PLUS_1R_FIRST,FAILURE_FIRST
w3,Daily-High_2026.05.25,Daily-High_2026.05.25__ep1,911,913,2026-05-26 03:30:00,PERIOD_M30,Daily-High,SELL,4579.76,4549.12,306.4,STRONG_TREND,UP,8.58357,SH_BMS_RTO,False,N/A_NO_RETEST,MINUS_1R_FIRST,FAILURE_FIRST
w3,Equal-High_2026.05.27 08:00,Equal-High_2026.05.27 08:00__ep1,989,992,2026-05-27 08:45:00,PERIOD_M15,Equal-High,SELL,4511.76,4493.29,184.7,WEAK_TREND,UP,7.66643,SH_BMS_RTO,False,N/A_NO_RETEST,AMBIGUOUS_SAME_BAR,FAILURE_FIRST
w3,Daily-Low_2026.05.27,Daily-Low_2026.05.27__ep5,1069,1070,2026-05-28 16:00:00,PERIOD_H1,Daily-Low,BUY,4401.14,4431.95,308.1,RANGING,DOWN,22.62,SH_BMS_RTO,False,N/A_NO_RETEST,AMBIGUOUS_SAME_BAR,FAILURE_FIRST
w3,Equal-High_2026.05.28 18:25,Equal-High_2026.05.28 18:25__ep1,1078,1079,2026-05-28 16:00:00,PERIOD_H4,Equal-High,SELL,4480.61,4431.95,486.6,STRONG_TREND,UP,40.76571,SH_BMS_RTO,False,N/A_NO_RETEST,AMBIGUOUS_SAME_BAR,FAILURE_FIRST
w3,Monthly-Low_2026.04.01,Monthly-Low_2026.04.01__ep51,1113,1114,2026-05-29 12:15:00,PERIOD_M15,Monthly-Low,BUY,4510.0,4528.85,188.5,WEAK_TREND,UP,9.10714,SH_BMS_RTO,False,N/A_NO_RETEST,AMBIGUOUS_SAME_BAR,FAILURE_FIRST
w3,Asia-High_2026.06.05,Asia-High_2026.06.05__ep3,1334,1335,2026-06-05 16:00:00,PERIOD_H1,Asia-High,SELL,4473.92,4405.93,679.9,WEAK_TREND,DOWN,18.44143,SH_BMS_RTO,False,N/A_NO_RETEST,AMBIGUOUS_SAME_BAR,FAILURE_FIRST
w3,Asia-High_2026.06.05,Asia-High_2026.06.05__ep3,1334,1336,2026-06-05 17:00:00,PERIOD_H1,Asia-High,SELL,4473.92,4365.64,1082.8,WEAK_TREND,DOWN,21.43429,SH_BMS_RTO,False,N/A_NO_RETEST,AMBIGUOUS_SAME_BAR,FAILURE_FIRST
w3,Asia-High_2026.06.05,Asia-High_2026.06.05__ep3,1334,1339,2026-06-05 18:15:00,PERIOD_M5,Asia-High,SELL,4473.92,4352.78,1211.4,STRONG_TREND,DOWN,9.95571,SH_BMS_RTO,False,N/A_NO_RETEST,AMBIGUOUS_SAME_BAR,FAILURE_FIRST
w3,Asia-High_2026.06.05,Asia-High_2026.06.05__ep3,1334,1341,2026-06-05 19:00:00,PERIOD_H1,Asia-High,SELL,4473.92,4335.31,1386.1,WEAK_TREND,DOWN,23.64429,SH_BMS_RTO,False,N/A_NO_RETEST,PLUS_1R_FIRST,FAILURE_FIRST
w3,Equal-Low_2026.06.05 23:10,Equal-Low_2026.06.05 23:10__ep1,1351,1352,2026-06-05 20:00:00,PERIOD_H4,Equal-Low,BUY,4313.72,4344.45,307.3,STRONG_TREND,DOWN,42.365,SH_BMS_RTO,False,N/A_NO_RETEST,MINUS_1R_FIRST,FAILURE_FIRST
w3,Asia-High_2026.06.08,Asia-High_2026.06.08__ep1,1353,1355,2026-06-08 00:00:00,PERIOD_D1,Asia-High,SELL,4473.92,4328.58,1453.4,STRONG_TREND,DOWN,102.34,SH_BMS_RTO,True,FAIL,AMBIGUOUS_SAME_BAR,FAILURE_FIRST
w3,Asia-High_2026.06.08,Asia-High_2026.06.08__ep1,1353,1405,2026-06-08 16:00:00,PERIOD_H4,Asia-High,SELL,4353.16,4332.96,202.0,STRONG_TREND,DOWN,47.17143,SH_BMS_RTO,True,FAIL,PLUS_1R_FIRST,FAILURE_FIRST
w3,Daily-High_2026.06.08,Daily-High_2026.06.08__ep1,1446,1449,2026-06-09 17:45:00,PERIOD_M15,Daily-High,SELL,4353.16,4284.8,683.6,WEAK_TREND,UP,12.57214,SH_BMS_RTO,True,HOLD,AMBIGUOUS_SAME_BAR,FAILURE_FIRST
w3,Daily-High_2026.06.08,Daily-High_2026.06.08__ep2,1458,1459,2026-06-09 20:00:00,PERIOD_H4,Daily-High,SELL,4353.16,4251.87,1012.9,STRONG_TREND,DOWN,48.86929,SH_BMS_RTO,False,N/A_NO_RETEST,MINUS_1R_FIRST,FAILURE_FIRST
w3,Daily-High_2026.06.08,Daily-High_2026.06.08__ep2,1458,1471,2026-06-09 22:15:00,PERIOD_M15,Daily-High,SELL,4353.16,4258.52,946.4,WEAK_TREND,DOWN,13.43143,SH_BMS_RTO,False,N/A_NO_RETEST,PLUS_1R_FIRST,FAILURE_FIRST
w3,Asia-High_2026.06.10,Asia-High_2026.06.10__ep1,1476,1478,2026-06-10 01:45:00,PERIOD_M15,Asia-High,SELL,4351.33,4249.08,1022.5,STRONG_TREND,DOWN,7.76214,SH_BMS_RTO,False,N/A_NO_RETEST,PLUS_1R_FIRST,CONTINUATION_FIRST
w3,Equal-Low_2026.06.10 07:55,Equal-Low_2026.06.10 07:55__ep1,1483,1484,2026-06-10 08:45:00,PERIOD_M15,Equal-Low,BUY,4173.61,4197.92,243.1,STRONG_TREND,DOWN,9.485,SH_BMS_RTO,False,N/A_NO_RETEST,AMBIGUOUS_SAME_BAR,FAILURE_FIRST
w3,Asia-Low_2026.06.10,Asia-Low_2026.06.10__ep3,1492,1493,2026-06-10 17:00:00,PERIOD_H1,Asia-Low,BUY,4172.31,4179.42,71.1,STRONG_TREND,DOWN,27.62143,SH_BMS_RTO,False,N/A_NO_RETEST,MINUS_1R_FIRST,FAILURE_FIRST
w3,Asia-High_2026.06.11,Asia-High_2026.06.11__ep1,1496,1497,2026-06-11 00:00:00,PERIOD_H4,Asia-High,SELL,4247.03,4071.08,1759.5,STRONG_TREND,DOWN,47.35714,SH_BMS_RTO,True,HOLD,AMBIGUOUS_SAME_BAR,FAILURE_FIRST
w3,Asia-High_2026.06.11,Asia-High_2026.06.11__ep1,1496,1499,2026-06-11 01:15:00,PERIOD_M15,Asia-High,SELL,4247.03,4055.99,1910.4,STRONG_TREND,DOWN,10.84714,SH_BMS_RTO,True,HOLD,PLUS_1R_FIRST,CONTINUATION_FIRST
w3,Asia-High_2026.06.11,Asia-High_2026.06.11__ep1,1496,1501,2026-06-11 02:15:00,PERIOD_M15,Asia-High,SELL,4247.03,4029.74,2172.9,STRONG_TREND,DOWN,15.04643,SH_BMS_RTO,True,HOLD,PLUS_1R_FIRST,FAILURE_FIRST
w3,Equal-High_2026.06.11 11:55,Equal-High_2026.06.11 11:55__ep1,1522,1523,2026-06-11 00:00:00,PERIOD_D1,Equal-High,SELL,4085.73,4071.08,146.5,STRONG_TREND,DOWN,109.30929,SH_BMS_RTO,False,N/A_NO_RETEST,AMBIGUOUS_SAME_BAR,FAILURE_FIRST
w3,Asia-High_2026.06.11,Asia-High_2026.06.11__ep1,1496,1525,2026-06-11 12:30:00,PERIOD_M5,Asia-High,SELL,4117.84,4079.23,386.1,STRONG_TREND,UP,4.86857,SH_BMS_RTO,True,HOLD,AMBIGUOUS_SAME_BAR,FAILURE_FIRST
w3,Asia-High_2026.06.11,Asia-High_2026.06.11__ep1,1496,1527,2026-06-11 13:30:00,PERIOD_M5,Asia-High,SELL,4117.84,4087.49,303.5,WEAK_TREND,UP,5.38429,SH_BMS_RTO,True,HOLD,MINUS_1R_FIRST,FAILURE_FIRST
w3,Asia-High_2026.06.11,Asia-High_2026.06.11__ep1,1496,1530,2026-06-11 15:00:00,PERIOD_M5,Asia-High,SELL,4117.84,4080.17,376.7,WEAK_TREND,UP,5.51,SH_BMS_RTO,True,HOLD,MINUS_1R_FIRST,FAILURE_FIRST
w3,Asia-High_2026.06.11,Asia-High_2026.06.11__ep1,1496,1535,2026-06-11 16:00:00,PERIOD_M30,Asia-High,SELL,4117.84,4081.67,361.7,WEAK_TREND,DOWN,15.42214,SH_BMS_RTO,True,HOLD,PLUS_1R_FIRST,FAILURE_FIRST
w3,Daily-High_2026.06.11,Daily-High_2026.06.11__ep7,1574,1575,2026-06-12 03:45:00,PERIOD_M5,Daily-High,SELL,4219.99,4203.75,162.4,RANGING,UP,8.32929,SH_BMS_RTO,False,N/A_NO_RETEST,MINUS_1R_FIRST,FAILURE_FIRST
w3,Equal-Low_2026.06.12 08:10,Equal-Low_2026.06.12 08:10__ep1,1582,1583,2026-06-12 00:00:00,PERIOD_D1,Equal-Low,BUY,4182.59,4210.52,279.3,STRONG_TREND,DOWN,119.46214,SH_BMS_RTO,True,FAIL,PLUS_1R_FIRST,FAILURE_FIRST
w3,Equal-Low_2026.06.12 10:30,Equal-Low_2026.06.12 10:30__ep1,1586,1588,2026-06-12 00:00:00,PERIOD_D1,Equal-Low,BUY,4170.53,4210.52,399.9,STRONG_TREND,DOWN,119.46214,SH_BMS_RTO,True,AMBIGUOUS,PLUS_1R_FIRST,FAILURE_FIRST
w3,Equal-Low_2026.06.12 17:55,Equal-Low_2026.06.12 17:55__ep1,1606,1607,2026-06-12 00:00:00,PERIOD_D1,Equal-Low,BUY,4202.61,4210.52,79.1,STRONG_TREND,DOWN,119.46214,SH_BMS_RTO,True,FAIL,PLUS_1R_FIRST,FAILURE_FIRST
w3,Equal-Low_2026.06.12 23:25,Equal-Low_2026.06.12 23:25__ep1,1629,1632,2026-06-15 01:30:00,PERIOD_M5,Equal-Low,BUY,4213.65,4286.3,726.5,VOLATILE,UP,11.50286,SH_BMS_RTO,False,N/A_NO_RETEST,MINUS_1R_FIRST,FAILURE_FIRST
w3,Weekly-High_2026.06.07,Weekly-High_2026.06.07__ep15,1736,1740,2026-06-17 22:00:00,PERIOD_H1,Weekly-High,SELL,4363.18,4285.83,773.5,WEAK_TREND,UP,22.55571,SH_BMS_RTO,False,N/A_NO_RETEST,AMBIGUOUS_SAME_BAR,FAILURE_FIRST
w3,Weekly-High_2026.06.07,Weekly-High_2026.06.07__ep15,1736,1744,2026-06-17 23:00:00,PERIOD_H1,Weekly-High,SELL,4363.18,4235.59,1275.9,WEAK_TREND,UP,27.07143,SH_BMS_RTO,False,N/A_NO_RETEST,MINUS_1R_FIRST,FAILURE_FIRST
w3,Weekly-High_2026.06.07,Weekly-High_2026.06.07__ep15,1736,1748,2026-06-18 00:00:00,PERIOD_H4,Weekly-High,SELL,4363.18,4257.56,1056.2,RANGING,UP,36.09714,SH_BMS_RTO,False,N/A_NO_RETEST,AMBIGUOUS_SAME_BAR,FAILURE_FIRST
w3,Equal-Low_2026.06.22 03:00,Equal-Low_2026.06.22 03:00__ep2,1803,1804,2026-06-22 04:00:00,PERIOD_H1,Equal-Low,BUY,4141.71,4200.65,589.4,WEAK_TREND,UP,21.52286,SH_BMS_RTO,False,N/A_NO_RETEST,PLUS_1R_FIRST,FAILURE_FIRST
w3,Equal-Low_2026.06.24 16:55,Equal-Low_2026.06.24 16:55__ep1,1916,1917,2026-06-24 17:00:00,PERIOD_M30,Equal-Low,BUY,4037.46,4038.17,7.1,STRONG_TREND,DOWN,21.02571,SH_BMS_RTO,False,N/A_NO_RETEST,MINUS_1R_FIRST,FAILURE_FIRST
w3,Asia-High_2026.06.25,Asia-High_2026.06.25__ep1,1925,1926,2026-06-25 00:00:00,PERIOD_D1,Asia-High,SELL,4111.8,3998.99,1128.1,STRONG_TREND,DOWN,126.88429,SH_BMS_RTO,False,N/A_NO_RETEST,MINUS_1R_FIRST,FAILURE_FIRST
w3,Asia-High_2026.06.30,Asia-High_2026.06.30__ep1,2058,2059,2026-06-30 04:15:00,PERIOD_M15,Asia-High,SELL,4075.4,3957.77,1176.3,VOLATILE,UP,10.56143,SH_BMS_RTO,True,FAIL,PLUS_1R_FIRST,FAILURE_FIRST
w3,Asia-High_2026.06.30,Asia-High_2026.06.30__ep1,2058,2064,2026-06-30 05:15:00,PERIOD_M15,Asia-High,SELL,4075.4,3957.23,1181.7,VOLATILE,DOWN,14.71071,SH_BMS_RTO,True,FAIL,MINUS_1R_FIRST,FAILURE_FIRST
w4,Daily-High_2026.06.30,Daily-High_2026.06.30__ep2,29,32,2026-07-01 22:45:00,PERIOD_M15,Daily-High,SELL,4063.16,4053.66,95.0,STRONG_TREND,UP,6.14143,SH_BMS_RTO,False,N/A_NO_RETEST,PLUS_1R_FIRST,CONTINUATION_FIRST
w4,Equal-High_2026.07.08 09:25,Equal-High_2026.07.08 09:25__ep1,175,176,2026-07-08 10:15:00,PERIOD_M15,Equal-High,SELL,4131.58,4117.83,137.5,WEAK_TREND,UP,6.73714,SH_BMS_RTO,False,N/A_NO_RETEST,AMBIGUOUS_SAME_BAR,FAILURE_FIRST
w4,Daily-High_2026.07.13,Daily-High_2026.07.13__ep2,380,381,2026-07-14 00:00:00,PERIOD_D1,Daily-High,SELL,4102.13,4000.79,1013.4,WEAK_TREND,DOWN,104.02643,SH_BMS_RTO,True,AMBIGUOUS,MINUS_1R_FIRST,FAILURE_FIRST
w4,Equal-Low_2026.07.15 15:00,Equal-Low_2026.07.15 15:00__ep1,421,426,2026-07-15 16:00:00,PERIOD_H4,Equal-Low,BUY,4042.74,4067.6,248.6,WEAK_TREND,DOWN,36.44857,SH_BMS_RTO,False,N/A_NO_RETEST,AMBIGUOUS_SAME_BAR,FAILURE_FIRST
w4,Equal-Low_2026.07.15 20:00,Equal-Low_2026.07.15 20:00__ep1,445,449,2026-07-15 21:30:00,PERIOD_M30,Equal-Low,BUY,4042.74,4074.0,312.6,STRONG_TREND,UP,14.675,SH_BMS_RTO,False,N/A_NO_RETEST,PLUS_1R_FIRST,FAILURE_FIRST
w4,Equal-Low_2026.07.17 05:30,Equal-Low_2026.07.17 05:30__ep1,495,497,2026-07-17 06:30:00,PERIOD_M30,Equal-Low,BUY,3973.05,4000.98,279.3,WEAK_TREND,DOWN,10.52143,SH_BMS_RTO,False,N/A_NO_RETEST,MINUS_1R_FIRST,FAILURE_FIRST
w4,Equal-High_2026.07.17 12:25,Equal-High_2026.07.17 12:25__ep1,500,501,2026-07-17 00:00:00,PERIOD_D1,Equal-High,SELL,3999.65,3976.24,234.1,STRONG_TREND,DOWN,99.14786,SH_BMS_RTO,False,N/A_NO_RETEST,MINUS_1R_FIRST,FAILURE_FIRST
w4,Equal-Low_2026.07.20 19:40,Equal-Low_2026.07.20 19:40__ep1,572,575,2026-07-21 04:00:00,PERIOD_H1,Equal-Low,BUY,4006.38,4024.72,183.4,RANGING,DOWN,13.29429,SH_BMS_RTO,False,N/A_NO_RETEST,AMBIGUOUS_SAME_BAR,FAILURE_FIRST
w4,Asia-Low_2026.07.21,Asia-Low_2026.07.21__ep2,584,586,2026-07-21 06:30:00,PERIOD_M30,Asia-Low,BUY,4000.01,4047.25,472.4,STRONG_TREND,DOWN,10.40429,SH_BMS_RTO,False,N/A_NO_RETEST,AMBIGUOUS_SAME_BAR,FAILURE_FIRST
w4,Equal-Low_2026.07.24 16:40,Equal-Low_2026.07.24 16:40__ep1,661,662,2026-07-24 17:00:00,PERIOD_H1,Equal-Low,BUY,4051.25,4067.23,159.8,STRONG_TREND,DOWN,12.84286,SH_BMS_RTO,False,N/A_NO_RETEST,AMBIGUOUS_SAME_BAR,FAILURE_FIRST
w4,Daily-Low_2026.07.28,Daily-Low_2026.07.28__ep8,750,753,2026-07-29 20:15:00,PERIOD_M15,Daily-Low,BUY,4011.28,4041.92,306.4,STRONG_TREND,DOWN,10.31071,SH_BMS_RTO,False,N/A_NO_RETEST,PLUS_1R_FIRST,FAILURE_FIRST
w4,Daily-High_2026.07.29,Daily-High_2026.07.29__ep6,803,806,2026-07-31 04:15:00,PERIOD_M15,Daily-High,SELL,4116.22,4088.75,274.7,WEAK_TREND,UP,5.40429,SH_BMS_RTO,False,N/A_NO_RETEST,PLUS_1R_FIRST,FAILURE_FIRST
w4,Asia-High_2026.08.04,Asia-High_2026.08.04__ep3,873,874,2026-08-04 12:00:00,PERIOD_H1,Asia-High,SELL,4069.2,4054.83,143.7,WEAK_TREND,UP,11.90571,SH_BMS_RTO,False,N/A_NO_RETEST,PLUS_1R_FIRST,FAILURE_FIRST
w4,Equal-Low_2026.08.04 14:00,Equal-Low_2026.08.04 14:00__ep1,876,879,2026-08-04 15:00:00,PERIOD_H1,Equal-Low,BUY,4053.99,4074.9,209.1,WEAK_TREND,UP,13.36571,SH_BMS_RTO,False,N/A_NO_RETEST,MINUS_1R_FIRST,FAILURE_FIRST
w4,Asia-Low_2026.08.05,Asia-Low_2026.08.05__ep1,918,933,2026-08-05 14:15:00,PERIOD_M15,Asia-Low,BUY,4065.24,4170.67,1054.3,WEAK_TREND,UP,6.93429,SH_BMS_RTO,False,N/A_NO_RETEST,AMBIGUOUS_SAME_BAR,FAILURE_FIRST
w4,Asia-Low_2026.08.05,Asia-Low_2026.08.05__ep1,918,938,2026-08-05 15:00:00,PERIOD_M30,Asia-Low,BUY,4065.24,4188.76,1235.2,STRONG_TREND,UP,13.08286,SH_BMS_RTO,False,N/A_NO_RETEST,PLUS_1R_FIRST,CONTINUATION_FIRST
w4,Asia-Low_2026.08.06,Asia-Low_2026.08.06__ep1,957,958,2026-08-06 03:30:00,PERIOD_M5,Asia-Low,BUY,4065.57,4273.96,2083.9,VOLATILE,UP,8.16857,SH_BMS_RTO,False,N/A_NO_RETEST,PLUS_1R_FIRST,CONTINUATION_FIRST
w4,Daily-High_2026.08.05,Daily-High_2026.08.05__ep5,966,967,2026-08-06 00:00:00,PERIOD_D1,Daily-High,SELL,4267.43,4246.61,208.2,RANGING,UP,87.58143,SH_BMS_RTO,False,N/A_NO_RETEST,MINUS_1R_FIRST,FAILURE_FIRST
w4,Asia-Low_2026.08.06,Asia-Low_2026.08.06__ep1,957,973,2026-08-06 00:00:00,PERIOD_D1,Asia-Low,BUY,4166.98,4246.61,796.3,RANGING,UP,87.58143,SH_BMS_RTO,False,N/A_NO_RETEST,PLUS_1R_FIRST,FAILURE_FIRST
w4,Equal-High_2026.08.06 11:00,Equal-High_2026.08.06 11:00__ep1,976,978,2026-08-06 00:00:00,PERIOD_D1,Equal-High,SELL,4268.34,4246.61,217.3,RANGING,UP,87.58143,SH_BMS_RTO,False,N/A_NO_RETEST,MINUS_1R_FIRST,FAILURE_FIRST
w4,Asia-Low_2026.08.07,Asia-Low_2026.08.07__ep2,1019,1032,2026-08-07 21:15:00,PERIOD_M5,Asia-Low,BUY,4229.51,4334.83,1053.2,RANGING,UP,4.24286,SH_BMS_RTO,False,N/A_NO_RETEST,PLUS_1R_FIRST,FAILURE_FIRST
w4,Asia-Low_2026.08.07,Asia-Low_2026.08.07__ep2,1019,1035,2026-08-07 22:15:00,PERIOD_M15,Asia-Low,BUY,4229.51,4343.47,1139.6,WEAK_TREND,UP,9.49571,SH_BMS_RTO,False,N/A_NO_RETEST,AMBIGUOUS_SAME_BAR,FAILURE_FIRST
w4,Asia-Low_2026.08.07,Asia-Low_2026.08.07__ep2,1019,1037,2026-08-10 00:00:00,PERIOD_D1,Asia-Low,BUY,4229.51,4341.88,1123.7,WEAK_TREND,UP,94.75571,SH_BMS_RTO,False,N/A_NO_RETEST,AMBIGUOUS_SAME_BAR,FAILURE_FIRST
w4,Asia-Low_2026.08.10,Asia-Low_2026.08.10__ep1,1047,1048,2026-08-10 00:00:00,PERIOD_D1,Asia-Low,BUY,4231.25,4341.88,1106.3,WEAK_TREND,DOWN,94.75571,SH_BMS_RTO,True,AMBIGUOUS,AMBIGUOUS_SAME_BAR,FAILURE_FIRST
w4,Asia-Low_2026.08.10,Asia-Low_2026.08.10__ep1,1047,1051,2026-08-10 06:00:00,PERIOD_M30,Asia-Low,BUY,4247.02,4319.56,725.4,RANGING,UP,12.28214,SH_BMS_RTO,True,AMBIGUOUS,AMBIGUOUS_SAME_BAR,FAILURE_FIRST
w4,Asia-Low_2026.08.10,Asia-Low_2026.08.10__ep1,1047,1054,2026-08-10 06:30:00,PERIOD_M5,Asia-Low,BUY,4247.02,4327.1,800.8,WEAK_TREND,UP,4.565,SH_BMS_RTO,True,AMBIGUOUS,MINUS_1R_FIRST,FAILURE_FIRST
w4,Asia-Low_2026.08.10,Asia-Low_2026.08.10__ep1,1047,1060,2026-08-10 08:45:00,PERIOD_M15,Asia-Low,BUY,4261.74,4343.35,816.1,STRONG_TREND,UP,7.20571,SH_BMS_RTO,True,AMBIGUOUS,MINUS_1R_FIRST,FAILURE_FIRST
w4,Asia-Low_2026.08.10,Asia-Low_2026.08.10__ep1,1047,1063,2026-08-10 09:45:00,PERIOD_M15,Asia-Low,BUY,4271.27,4354.9,836.3,STRONG_TREND,UP,7.64714,SH_BMS_RTO,True,AMBIGUOUS,PLUS_1R_FIRST,FAILURE_FIRST
w4,Asia-Low_2026.08.10,Asia-Low_2026.08.10__ep1,1047,1071,2026-08-10 12:00:00,PERIOD_M30,Asia-Low,BUY,4313.27,4346.4,331.3,STRONG_TREND,UP,10.90571,SH_BMS_RTO,True,AMBIGUOUS,AMBIGUOUS_SAME_BAR,FAILURE_FIRST
w4,Equal-High_2026.08.10 16:40,Equal-High_2026.08.10 16:40__ep1,1077,1078,2026-08-10 17:00:00,PERIOD_H1,Equal-High,SELL,4337.59,4317.73,198.6,STRONG_TREND,UP,15.31929,SH_BMS_RTO,False,N/A_NO_RETEST,MINUS_1R_FIRST,FAILURE_FIRST
w4,Asia-Low_2026.08.10,Asia-Low_2026.08.10__ep1,1047,1081,2026-08-10 17:00:00,PERIOD_M30,Asia-Low,BUY,4313.27,4317.73,44.6,STRONG_TREND,UP,9.55214,SH_BMS_RTO,True,AMBIGUOUS,PLUS_1R_FIRST,CONTINUATION_FIRST
w4,Asia-Low_2026.08.10,Asia-Low_2026.08.10__ep1,1047,1083,2026-08-10 17:30:00,PERIOD_M30,Asia-Low,BUY,4313.27,4345.38,321.1,STRONG_TREND,UP,11.085,SH_BMS_RTO,True,AMBIGUOUS,PLUS_1R_FIRST,FAILURE_FIRST
w4,Asia-Low_2026.08.10,Asia-Low_2026.08.10__ep1,1047,1088,2026-08-10 18:00:00,PERIOD_H1,Asia-Low,BUY,4313.27,4345.36,320.9,STRONG_TREND,UP,16.57929,SH_BMS_RTO,True,AMBIGUOUS,MINUS_1R_FIRST,FAILURE_FIRST
w4,Asia-Low_2026.08.10,Asia-Low_2026.08.10__ep1,1047,1091,2026-08-10 19:00:00,PERIOD_H1,Asia-Low,BUY,4313.27,4358.42,451.5,WEAK_TREND,UP,15.78286,SH_BMS_RTO,True,AMBIGUOUS,PLUS_1R_FIRST,FAILURE_FIRST
w4,Asia-Low_2026.08.10,Asia-Low_2026.08.10__ep1,1047,1097,2026-08-10 20:45:00,PERIOD_M5,Asia-Low,BUY,4313.27,4360.09,468.2,STRONG_TREND,UP,3.58857,SH_BMS_RTO,True,AMBIGUOUS,MINUS_1R_FIRST,FAILURE_FIRST
w4,Asia-Low_2026.08.10,Asia-Low_2026.08.10__ep1,1047,1105,2026-08-10 22:00:00,PERIOD_M30,Asia-Low,BUY,4313.27,4378.4,651.3,STRONG_TREND,UP,12.98571,SH_BMS_RTO,True,AMBIGUOUS,PLUS_1R_FIRST,CONTINUATION_FIRST
w4,Asia-Low_2026.08.10,Asia-Low_2026.08.10__ep1,1047,1111,2026-08-10 23:00:00,PERIOD_M5,Asia-Low,BUY,4313.27,4388.09,748.2,STRONG_TREND,UP,4.25,SH_BMS_RTO,True,AMBIGUOUS,PLUS_1R_FIRST,FAILURE_FIRST
w4,Asia-Low_2026.08.11,Asia-Low_2026.08.11__ep1,1117,1118,2026-08-11 05:45:00,PERIOD_M15,Asia-Low,BUY,4315.9,4418.22,1023.2,VOLATILE,UP,10.58714,SH_BMS_RTO,False,N/A_NO_RETEST,MINUS_1R_FIRST,FAILURE_FIRST
w4,Daily-High_2026.08.10,Daily-High_2026.08.10__ep1,1123,1125,2026-08-11 08:45:00,PERIOD_M15,Daily-High,SELL,4395.05,4376.96,180.9,STRONG_TREND,UP,9.50286,SH_BMS_RTO,False,N/A_NO_RETEST,PLUS_1R_FIRST,FAILURE_FIRST
w4,Asia-Low_2026.08.11,Asia-Low_2026.08.11__ep2,1135,1167,2026-08-11 18:45:00,PERIOD_M15,Asia-Low,BUY,4359.56,4375.73,161.7,STRONG_TREND,UP,11.11929,SH_BMS_RTO,False,N/A_NO_RETEST,PLUS_1R_FIRST,FAILURE_FIRST
w4,Asia-Low_2026.08.13,Asia-Low_2026.08.13__ep1,1238,1240,2026-08-13 03:45:00,PERIOD_M15,Asia-Low,BUY,4366.39,4440.05,736.6,STRONG_TREND,UP,7.095,SH_BMS_RTO,True,FAIL,MINUS_1R_FIRST,FAILURE_FIRST
w4,Weekly-High_2026.08.02,Weekly-High_2026.08.02__ep20,1297,1306,2026-08-13 22:15:00,PERIOD_M5,Weekly-High,SELL,4371.63,4346.66,249.7,WEAK_TREND,UP,3.59643,SH_BMS_RTO,False,N/A_NO_RETEST,AMBIGUOUS_SAME_BAR,FAILURE_FIRST
w4,Weekly-High_2026.08.02,Weekly-High_2026.08.02__ep22,1309,1310,2026-08-14 03:30:00,PERIOD_M30,Weekly-High,SELL,4371.63,4339.37,322.6,WEAK_TREND,DOWN,9.34643,SH_BMS_RTO,False,N/A_NO_RETEST,AMBIGUOUS_SAME_BAR,FAILURE_FIRST
w4,Daily-Low_2026.08.13,Daily-Low_2026.08.13__ep3,1319,1320,2026-08-14 15:30:00,PERIOD_M30,Daily-Low,BUY,4343.58,4379.99,364.1,STRONG_TREND,DOWN,9.97214,SH_BMS_RTO,False,N/A_NO_RETEST,PLUS_1R_FIRST,FAILURE_FIRST
w4,Daily-High_2026.08.14,Daily-High_2026.08.14__ep15,1356,1362,2026-08-17 15:30:00,PERIOD_M30,Daily-High,SELL,4396.91,4385.63,112.8,RANGING,DOWN,9.34857,SH_BMS_RTO,False,N/A_NO_RETEST,AMBIGUOUS_SAME_BAR,FAILURE_FIRST
w4,Equal-Low_2026.08.18 16:00,Equal-Low_2026.08.18 16:00__ep1,1392,1397,2026-08-18 16:45:00,PERIOD_M15,Equal-Low,BUY,4388.37,4400.82,124.5,RANGING,UP,8.325,SH_BMS_RTO,True,HOLD,MINUS_1R_FIRST,FAILURE_FIRST
w4,Daily-Low_2026.08.18,Daily-Low_2026.08.18__ep4,1428,1431,2026-08-19 04:45:00,PERIOD_M15,Daily-Low,BUY,4328.94,4355.32,263.8,WEAK_TREND,UP,8.64714,SH_BMS_RTO,False,N/A_NO_RETEST,MINUS_1R_FIRST,FAILURE_FIRST
w4,Asia-Low_2026.08.20,Asia-Low_2026.08.20__ep1,1479,1480,2026-08-20 05:00:00,PERIOD_M30,Asia-Low,BUY,4332.89,4489.43,1565.4,STRONG_TREND,UP,12.91643,SH_BMS_RTO,True,HOLD,PLUS_1R_FIRST,FAILURE_FIRST
w4,Asia-Low_2026.08.20,Asia-Low_2026.08.20__ep1,1479,1491,2026-08-20 13:30:00,PERIOD_M30,Asia-Low,BUY,4477.67,4493.56,158.9,WEAK_TREND,UP,9.16429,SH_BMS_RTO,True,HOLD,AMBIGUOUS_SAME_BAR,FAILURE_FIRST
w4,Asia-Low_2026.08.20,Asia-Low_2026.08.20__ep1,1479,1494,2026-08-20 14:30:00,PERIOD_M5,Asia-Low,BUY,4477.67,4484.13,64.6,WEAK_TREND,DOWN,3.875,SH_BMS_RTO,True,HOLD,AMBIGUOUS_SAME_BAR,FAILURE_FIRST
w4,Asia-Low_2026.08.20,Asia-Low_2026.08.20__ep3,1501,1503,2026-08-20 18:00:00,PERIOD_M30,Asia-Low,BUY,4477.67,4515.66,379.9,WEAK_TREND,DOWN,14.22,SH_BMS_RTO,False,N/A_NO_RETEST,PLUS_1R_FIRST,CONTINUATION_FIRST
w4,Asia-Low_2026.08.20,Asia-Low_2026.08.20__ep3,1501,1504,2026-08-20 18:30:00,PERIOD_M30,Asia-Low,BUY,4477.67,4532.27,546.0,STRONG_TREND,DOWN,15.46857,SH_BMS_RTO,False,N/A_NO_RETEST,MINUS_1R_FIRST,FAILURE_FIRST
w4,Asia-Low_2026.08.20,Asia-Low_2026.08.20__ep3,1501,1512,2026-08-20 00:00:00,PERIOD_D1,Asia-Low,BUY,4477.67,4522.7,450.3,STRONG_TREND,UP,103.015,SH_BMS_RTO,False,N/A_NO_RETEST,AMBIGUOUS_SAME_BAR,FAILURE_FIRST
w4,Asia-Low_2026.08.20,Asia-Low_2026.08.20__ep3,1501,1515,2026-08-20 20:00:00,PERIOD_H4,Asia-Low,BUY,4477.67,4509.77,321.0,WEAK_TREND,UP,42.57143,SH_BMS_RTO,False,N/A_NO_RETEST,PLUS_1R_FIRST,FAILURE_FIRST
w4,Asia-Low_2026.08.21,Asia-Low_2026.08.21__ep1,1526,1528,2026-08-21 04:30:00,PERIOD_M30,Asia-Low,BUY,4477.67,4529.29,516.2,WEAK_TREND,UP,9.72857,SH_BMS_RTO,False,N/A_NO_RETEST,PLUS_1R_FIRST,CONTINUATION_FIRST
w4,Asia-Low_2026.08.21,Asia-Low_2026.08.21__ep1,1526,1534,2026-08-21 05:00:00,PERIOD_H1,Asia-Low,BUY,4477.67,4530.51,528.4,WEAK_TREND,UP,20.615,SH_BMS_RTO,False,N/A_NO_RETEST,AMBIGUOUS_SAME_BAR,FAILURE_FIRST
w4,Asia-Low_2026.08.24,Asia-Low_2026.08.24__ep1,1581,1582,2026-08-24 05:00:00,PERIOD_M30,Asia-Low,BUY,4518.0,4632.06,1140.6,WEAK_TREND,UP,16.16929,SH_BMS_RTO,True,AMBIGUOUS,AMBIGUOUS_SAME_BAR,FAILURE_FIRST
w4,Equal-High_2026.08.24 13:40,Equal-High_2026.08.24 13:40__ep1,1601,1602,2026-08-24 00:00:00,PERIOD_D1,Equal-High,SELL,4645.9,4603.92,419.8,STRONG_TREND,UP,107.28929,SH_BMS_RTO,False,N/A_NO_RETEST,MINUS_1R_FIRST,FAILURE_FIRST
w4,Asia-High_2026.08.24,Asia-High_2026.08.24__ep4,1606,1607,2026-08-24 00:00:00,PERIOD_D1,Asia-High,SELL,4659.7,4603.92,557.8,STRONG_TREND,UP,107.28929,SH_BMS_RTO,False,N/A_NO_RETEST,MINUS_1R_FIRST,FAILURE_FIRST
w4,Equal-High_2026.08.24 17:10,Equal-High_2026.08.24 17:10__ep1,1614,1615,2026-08-24 00:00:00,PERIOD_D1,Equal-High,SELL,4669.92,4603.92,660.0,STRONG_TREND,UP,107.28929,SH_BMS_RTO,False,N/A_NO_RETEST,MINUS_1R_FIRST,FAILURE_FIRST
w4,Asia-Low_2026.08.24,Asia-Low_2026.08.24__ep1,1581,1622,2026-08-24 19:00:00,PERIOD_H1,Asia-Low,BUY,4594.44,4648.84,544.0,STRONG_TREND,UP,21.34857,SH_BMS_RTO,True,AMBIGUOUS,AMBIGUOUS_SAME_BAR,FAILURE_FIRST
w4,Asia-Low_2026.08.24,Asia-Low_2026.08.24__ep1,1581,1626,2026-08-24 00:00:00,PERIOD_D1,Asia-Low,BUY,4594.44,4603.92,94.8,STRONG_TREND,UP,107.28929,SH_BMS_RTO,True,AMBIGUOUS,PLUS_1R_FIRST,FAILURE_FIRST
