server,login,trade_mode,symbol,probe_from,probe_to_plus7d,ticks_found,first_tick,last_tick
XMGlobal-MT5 7,318337486,DEMO,GOLD,2005.01.01,2005.01.08,0,-,-
XMGlobal-MT5 7,318337486,DEMO,GOLD,2008.01.01,2008.01.08,0,-,-
XMGlobal-MT5 7,318337486,DEMO,GOLD,2010.01.01,2010.01.08,0,-,-
XMGlobal-MT5 7,318337486,DEMO,GOLD,2012.01.01,2012.01.08,0,-,-
XMGlobal-MT5 7,318337486,DEMO,GOLD,2014.01.01,2014.01.08,0,-,-
XMGlobal-MT5 7,318337486,DEMO,GOLD,2016.01.01,2016.01.08,0,-,-
XMGlobal-MT5 7,318337486,DEMO,GOLD,2018.01.01,2018.01.08,0,-,-
XMGlobal-MT5 7,318337486,DEMO,GOLD,2019.01.01,2019.01.08,0,-,-
XMGlobal-MT5 7,318337486,DEMO,GOLD,2020.01.01,2020.01.08,0,-,-
XMGlobal-MT5 7,318337486,DEMO,GOLD,2021.01.01,2021.01.08,0,-,-
XMGlobal-MT5 7,318337486,DEMO,GOLD,2022.01.01,2022.01.08,0,-,-
XMGlobal-MT5 7,318337486,DEMO,GOLD,2022.07.01,2022.07.08,0,-,-
XMGlobal-MT5 7,318337486,DEMO,GOLD,2023.01.01,2023.01.08,0,-,-
XMGlobal-MT5 7,318337486,DEMO,GOLD,2023.06.01,2023.06.08,0,-,-
XMGlobal-MT5 7,318337486,DEMO,GOLD,2023.08.01,2023.08.08,0,-,-
XMGlobal-MT5 7,318337486,DEMO,GOLD,2023.09.01,2023.09.08,0,-,-
XMGlobal-MT5 7,318337486,DEMO,GOLD,2023.09.08,2023.09.15,389012,2023.09.11 21:17:51,2023.09.14 23:58:53
XMGlobal-MT5 7,318337486,DEMO,GOLD,2023.09.10,2023.09.17,538186,2023.09.11 21:17:51,2023.09.15 23:57:58
XMGlobal-MT5 7,318337486,DEMO,GOLD,2023.09.11,2023.09.18,538186,2023.09.11 21:17:51,2023.09.15 23:57:58
XMGlobal-MT5 7,318337486,DEMO,GOLD,2023.09.12,2023.09.19,651918,2023.09.12 01:00:10,2023.09.18 23:58:59
XMGlobal-MT5 7,318337486,DEMO,GOLD,2023.09.15,2023.09.22,661876,2023.09.15 01:00:13,2023.09.21 23:58:49
XMGlobal-MT5 7,318337486,DEMO,GOLD,2023.10.01,2023.10.08,826624,2023.10.02 01:00:05,2023.10.06 23:57:58
XMGlobal-MT5 7,318337486,DEMO,GOLD,2024.01.01,2024.01.08,561729,2024.01.02 01:00:05,2024.01.05 23:57:58
XMGlobal-MT5 7,318337486,DEMO,XAUEUR,2005.01.01,2005.01.08,0,-,-
XMGlobal-MT5 7,318337486,DEMO,XAUEUR,2008.01.01,2008.01.08,0,-,-
XMGlobal-MT5 7,318337486,DEMO,XAUEUR,2010.01.01,2010.01.08,0,-,-
XMGlobal-MT5 7,318337486,DEMO,XAUEUR,2012.01.01,2012.01.08,0,-,-
XMGlobal-MT5 7,318337486,DEMO,XAUEUR,2014.01.01,2014.01.08,0,-,-
XMGlobal-MT5 7,318337486,DEMO,XAUEUR,2016.01.01,2016.01.08,0,-,-
XMGlobal-MT5 7,318337486,DEMO,XAUEUR,2018.01.01,2018.01.08,0,-,-
XMGlobal-MT5 7,318337486,DEMO,XAUEUR,2019.01.01,2019.01.08,0,-,-
XMGlobal-MT5 7,318337486,DEMO,XAUEUR,2020.01.01,2020.01.08,0,-,-
XMGlobal-MT5 7,318337486,DEMO,XAUEUR,2021.01.01,2021.01.08,0,-,-
XMGlobal-MT5 7,318337486,DEMO,XAUEUR,2022.01.01,2022.01.08,0,-,-
XMGlobal-MT5 7,318337486,DEMO,XAUEUR,2022.07.01,2022.07.08,0,-,-
XMGlobal-MT5 7,318337486,DEMO,XAUEUR,2023.01.01,2023.01.08,0,-,-
XMGlobal-MT5 7,318337486,DEMO,XAUEUR,2023.06.01,2023.06.08,0,-,-
XMGlobal-MT5 7,318337486,DEMO,XAUEUR,2023.08.01,2023.08.08,0,-,-
XMGlobal-MT5 7,318337486,DEMO,XAUEUR,2023.09.01,2023.09.08,0,-,-
XMGlobal-MT5 7,318337486,DEMO,XAUEUR,2023.09.08,2023.09.15,0,-,-
XMGlobal-MT5 7,318337486,DEMO,XAUEUR,2023.09.10,2023.09.17,0,-,-
XMGlobal-MT5 7,318337486,DEMO,XAUEUR,2023.09.11,2023.09.18,0,-,-
XMGlobal-MT5 7,318337486,DEMO,XAUEUR,2023.09.12,2023.09.19,0,-,-
XMGlobal-MT5 7,318337486,DEMO,XAUEUR,2023.09.15,2023.09.22,0,-,-
XMGlobal-MT5 7,318337486,DEMO,XAUEUR,2023.10.01,2023.10.08,0,-,-
XMGlobal-MT5 7,318337486,DEMO,XAUEUR,2024.01.01,2024.01.08,0,-,-
XMGlobal-MT5 7,318337486,DEMO,XAUCNH,2005.01.01,2005.01.08,0,-,-
XMGlobal-MT5 7,318337486,DEMO,XAUCNH,2008.01.01,2008.01.08,0,-,-
XMGlobal-MT5 7,318337486,DEMO,XAUCNH,2010.01.01,2010.01.08,0,-,-
XMGlobal-MT5 7,318337486,DEMO,XAUCNH,2012.01.01,2012.01.08,0,-,-
XMGlobal-MT5 7,318337486,DEMO,XAUCNH,2014.01.01,2014.01.08,0,-,-
XMGlobal-MT5 7,318337486,DEMO,XAUCNH,2016.01.01,2016.01.08,0,-,-
XMGlobal-MT5 7,318337486,DEMO,XAUCNH,2018.01.01,2018.01.08,0,-,-
XMGlobal-MT5 7,318337486,DEMO,XAUCNH,2019.01.01,2019.01.08,0,-,-
XMGlobal-MT5 7,318337486,DEMO,XAUCNH,2020.01.01,2020.01.08,0,-,-
XMGlobal-MT5 7,318337486,DEMO,XAUCNH,2021.01.01,2021.01.08,0,-,-
XMGlobal-MT5 7,318337486,DEMO,XAUCNH,2022.01.01,2022.01.08,0,-,-
XMGlobal-MT5 7,318337486,DEMO,XAUCNH,2022.07.01,2022.07.08,0,-,-
XMGlobal-MT5 7,318337486,DEMO,XAUCNH,2023.01.01,2023.01.08,0,-,-
XMGlobal-MT5 7,318337486,DEMO,XAUCNH,2023.06.01,2023.06.08,0,-,-
XMGlobal-MT5 7,318337486,DEMO,XAUCNH,2023.08.01,2023.08.08,0,-,-
XMGlobal-MT5 7,318337486,DEMO,XAUCNH,2023.09.01,2023.09.08,0,-,-
XMGlobal-MT5 7,318337486,DEMO,XAUCNH,2023.09.08,2023.09.15,0,-,-
XMGlobal-MT5 7,318337486,DEMO,XAUCNH,2023.09.10,2023.09.17,0,-,-
XMGlobal-MT5 7,318337486,DEMO,XAUCNH,2023.09.11,2023.09.18,0,-,-
XMGlobal-MT5 7,318337486,DEMO,XAUCNH,2023.09.12,2023.09.19,0,-,-
XMGlobal-MT5 7,318337486,DEMO,XAUCNH,2023.09.15,2023.09.22,0,-,-
XMGlobal-MT5 7,318337486,DEMO,XAUCNH,2023.10.01,2023.10.08,0,-,-
XMGlobal-MT5 7,318337486,DEMO,XAUCNH,2024.01.01,2024.01.08,0,-,-
XMGlobal-MT5 7,318337486,DEMO,XAUJPY,2005.01.01,2005.01.08,0,-,-
XMGlobal-MT5 7,318337486,DEMO,XAUJPY,2008.01.01,2008.01.08,0,-,-
XMGlobal-MT5 7,318337486,DEMO,XAUJPY,2010.01.01,2010.01.08,0,-,-
XMGlobal-MT5 7,318337486,DEMO,XAUJPY,2012.01.01,2012.01.08,0,-,-
XMGlobal-MT5 7,318337486,DEMO,XAUJPY,2014.01.01,2014.01.08,0,-,-
XMGlobal-MT5 7,318337486,DEMO,XAUJPY,2016.01.01,2016.01.08,0,-,-
XMGlobal-MT5 7,318337486,DEMO,XAUJPY,2018.01.01,2018.01.08,0,-,-
XMGlobal-MT5 7,318337486,DEMO,XAUJPY,2019.01.01,2019.01.08,0,-,-
XMGlobal-MT5 7,318337486,DEMO,XAUJPY,2020.01.01,2020.01.08,0,-,-
XMGlobal-MT5 7,318337486,DEMO,XAUJPY,2021.01.01,2021.01.08,0,-,-
XMGlobal-MT5 7,318337486,DEMO,XAUJPY,2022.01.01,2022.01.08,0,-,-
XMGlobal-MT5 7,318337486,DEMO,XAUJPY,2022.07.01,2022.07.08,0,-,-
XMGlobal-MT5 7,318337486,DEMO,XAUJPY,2023.01.01,2023.01.08,0,-,-
XMGlobal-MT5 7,318337486,DEMO,XAUJPY,2023.06.01,2023.06.08,0,-,-
XMGlobal-MT5 7,318337486,DEMO,XAUJPY,2023.08.01,2023.08.08,0,-,-
XMGlobal-MT5 7,318337486,DEMO,XAUJPY,2023.09.01,2023.09.08,0,-,-
XMGlobal-MT5 7,318337486,DEMO,XAUJPY,2023.09.08,2023.09.15,0,-,-
XMGlobal-MT5 7,318337486,DEMO,XAUJPY,2023.09.10,2023.09.17,0,-,-
XMGlobal-MT5 7,318337486,DEMO,XAUJPY,2023.09.11,2023.09.18,0,-,-
XMGlobal-MT5 7,318337486,DEMO,XAUJPY,2023.09.12,2023.09.19,0,-,-
XMGlobal-MT5 7,318337486,DEMO,XAUJPY,2023.09.15,2023.09.22,0,-,-
XMGlobal-MT5 7,318337486,DEMO,XAUJPY,2023.10.01,2023.10.08,0,-,-
XMGlobal-MT5 7,318337486,DEMO,XAUJPY,2024.01.01,2024.01.08,0,-,-
XMGlobal-MT5 7,318337486,DEMO,GOLD24-7,2005.01.01,2005.01.08,0,-,-
XMGlobal-MT5 7,318337486,DEMO,GOLD24-7,2008.01.01,2008.01.08,0,-,-
XMGlobal-MT5 7,318337486,DEMO,GOLD24-7,2010.01.01,2010.01.08,0,-,-
XMGlobal-MT5 7,318337486,DEMO,GOLD24-7,2012.01.01,2012.01.08,0,-,-
XMGlobal-MT5 7,318337486,DEMO,GOLD24-7,2014.01.01,2014.01.08,0,-,-
XMGlobal-MT5 7,318337486,DEMO,GOLD24-7,2016.01.01,2016.01.08,0,-,-
XMGlobal-MT5 7,318337486,DEMO,GOLD24-7,2018.01.01,2018.01.08,0,-,-
XMGlobal-MT5 7,318337486,DEMO,GOLD24-7,2019.01.01,2019.01.08,0,-,-
XMGlobal-MT5 7,318337486,DEMO,GOLD24-7,2020.01.01,2020.01.08,0,-,-
XMGlobal-MT5 7,318337486,DEMO,GOLD24-7,2021.01.01,2021.01.08,0,-,-
XMGlobal-MT5 7,318337486,DEMO,GOLD24-7,2022.01.01,2022.01.08,0,-,-
XMGlobal-MT5 7,318337486,DEMO,GOLD24-7,2022.07.01,2022.07.08,0,-,-
XMGlobal-MT5 7,318337486,DEMO,GOLD24-7,2023.01.01,2023.01.08,0,-,-
XMGlobal-MT5 7,318337486,DEMO,GOLD24-7,2023.06.01,2023.06.08,0,-,-
XMGlobal-MT5 7,318337486,DEMO,GOLD24-7,2023.08.01,2023.08.08,0,-,-
XMGlobal-MT5 7,318337486,DEMO,GOLD24-7,2023.09.01,2023.09.08,0,-,-
XMGlobal-MT5 7,318337486,DEMO,GOLD24-7,2023.09.08,2023.09.15,0,-,-
XMGlobal-MT5 7,318337486,DEMO,GOLD24-7,2023.09.10,2023.09.17,0,-,-
XMGlobal-MT5 7,318337486,DEMO,GOLD24-7,2023.09.11,2023.09.18,0,-,-
XMGlobal-MT5 7,318337486,DEMO,GOLD24-7,2023.09.12,2023.09.19,0,-,-
XMGlobal-MT5 7,318337486,DEMO,GOLD24-7,2023.09.15,2023.09.22,0,-,-
XMGlobal-MT5 7,318337486,DEMO,GOLD24-7,2023.10.01,2023.10.08,0,-,-
XMGlobal-MT5 7,318337486,DEMO,GOLD24-7,2024.01.01,2024.01.08,0,-,-
