event_id,level_id,timestamp,side,direction,level_price,entry_ref,created_time,level_age_seconds,touch_count_before_sweep,penetration_pips,sweep_depth_pips,session_bucket,hour,day_of_week,source_tf,window_id,outcome,time_to_outcome_seconds
W1_6,W1_3,2026-06-01 06:45:00,LOW,BUY,4516.54,4511.06,2026-06-01 00:00:00,24300.0,1,54.8,54.8,ASIA,6,Monday,PERIOD_H4,W1,PLUS_1R_FIRST,480.0
W1_10,W1_4,2026-06-01 09:45:00,LOW,BUY,4508.52,4504.91,2026-06-01 04:00:00,20700.0,1,36.1,36.1,LONDON,9,Monday,PERIOD_H4,W1,MINUS_1R_FIRST,60.0
W1_20,W1_8,2026-06-01 16:15:00,LOW,BUY,4489.0,4484.66,2026-06-01 12:00:00,15300.0,1,43.4,43.4,NY,16,Monday,PERIOD_H4,W1,MINUS_1R_FIRST,60.0
W1_29,W1_10,2026-06-02 07:15:00,HIGH,SELL,4496.96,4504.49,2026-06-02 00:00:00,26100.0,1,75.3,75.3,ASIA,7,Tuesday,PERIOD_H4,W1,MINUS_1R_FIRST,60.0
W1_39,W1_14,2026-06-02 16:30:00,LOW,BUY,4515.03,4511.17,2026-06-02 08:00:00,30600.0,1,38.6,38.6,NY,16,Tuesday,PERIOD_H4,W1,MINUS_1R_FIRST,60.0
W1_56,W1_22,2026-06-03 09:00:00,LOW,BUY,4463.15,4457.41,2026-06-03 04:00:00,18000.0,1,57.4,57.4,LONDON,9,Wednesday,PERIOD_H4,W1,PLUS_1R_FIRST,60.0
W1_66,W1_26,2026-06-03 16:45:00,LOW,BUY,4438.81,4427.09,2026-06-03 12:00:00,17100.0,1,117.2,117.2,NY,16,Wednesday,PERIOD_H4,W1,PLUS_1R_FIRST,60.0
W1_76,W1_29,2026-06-04 03:00:00,HIGH,SELL,4452.06,4457.19,2026-06-03 20:00:00,25200.0,1,51.3,51.3,ASIA,3,Thursday,PERIOD_H4,W1,MINUS_1R_FIRST,60.0
W1_82,W1_31,2026-06-04 06:00:00,HIGH,SELL,4465.26,4474.57,2026-06-04 00:00:00,21600.0,1,93.1,93.1,ASIA,6,Thursday,PERIOD_H4,W1,PLUS_1R_FIRST,60.0
W1_90,W1_33,2026-06-04 14:30:00,HIGH,SELL,4483.89,4489.74,2026-06-04 04:00:00,37800.0,1,58.5,58.5,NY,14,Thursday,PERIOD_H4,W1,PLUS_1R_FIRST,120.0
W1_102,W1_40,2026-06-05 03:30:00,LOW,BUY,4472.63,4457.76,2026-06-04 20:00:00,27000.0,1,148.7,148.7,ASIA,3,Friday,PERIOD_H4,W1,PLUS_1R_FIRST,60.0
W1_108,W1_42,2026-06-05 04:45:00,LOW,BUY,4450.47,4446.39,2026-06-05 00:00:00,17100.0,1,40.8,40.8,ASIA,4,Friday,PERIOD_H4,W1,PLUS_1R_FIRST,120.0
W1_120,W1_46,2026-06-05 16:00:00,LOW,BUY,4428.5,4406.72,2026-06-05 08:00:00,28800.0,1,217.8,217.8,NY,16,Friday,PERIOD_H4,W1,PLUS_1R_FIRST,60.0
W1_126,W1_49,2026-06-05 21:45:00,LOW,BUY,4323.34,4318.26,2026-06-05 16:00:00,20700.0,1,50.8,50.8,NY,21,Friday,PERIOD_H4,W1,PLUS_1R_FIRST,240.0
W1_132,W1_50,2026-06-08 03:30:00,HIGH,SELL,4347.17,4351.26,2026-06-05 20:00:00,199800.0,1,40.9,40.9,ASIA,3,Monday,PERIOD_H4,W1,PLUS_1R_FIRST,180.0
W1_138,W1_53,2026-06-08 06:15:00,LOW,BUY,4308.96,4305.13,2026-06-08 00:00:00,22500.0,1,38.3,38.3,ASIA,6,Monday,PERIOD_H4,W1,PLUS_1R_FIRST,300.0
W1_144,W1_55,2026-06-08 08:45:00,LOW,BUY,4299.91,4288.37,2026-06-08 04:00:00,17100.0,1,115.4,115.4,LONDON,8,Monday,PERIOD_H4,W1,PLUS_1R_FIRST,60.0
W1_150,W1_56,2026-06-08 14:30:00,HIGH,SELL,4316.69,4325.11,2026-06-08 08:00:00,23400.0,1,84.2,84.2,NY,14,Monday,PERIOD_H4,W1,MINUS_1R_FIRST,60.0
W1_156,W1_58,2026-06-08 19:45:00,HIGH,SELL,4339.25,4343.79,2026-06-08 12:00:00,27900.0,1,45.4,45.4,NY,19,Monday,PERIOD_H4,W1,PLUS_1R_FIRST,360.0
W1_166,W1_63,2026-06-09 08:45:00,HIGH,SELL,4342.04,4348.38,2026-06-09 04:00:00,17100.0,1,63.4,63.4,LONDON,8,Tuesday,PERIOD_H4,W1,PLUS_1R_FIRST,60.0
W1_176,W1_67,2026-06-09 17:30:00,LOW,BUY,4324.05,4318.15,2026-06-09 12:00:00,19800.0,1,59.0,59.0,NY,17,Tuesday,PERIOD_H4,W1,MINUS_1R_FIRST,60.0
W1_186,W1_71,2026-06-10 02:00:00,LOW,BUY,4249.76,4237.56,2026-06-09 20:00:00,21600.0,1,122.0,122.0,ASIA,2,Wednesday,PERIOD_H4,W1,PLUS_1R_FIRST,120.0
W1_192,W1_73,2026-06-10 04:45:00,LOW,BUY,4198.85,4187.47,2026-06-10 00:00:00,17100.0,1,113.8,113.8,ASIA,4,Wednesday,PERIOD_H4,W1,MINUS_1R_FIRST,60.0
W1_196,W1_74,2026-06-10 11:15:00,LOW,BUY,4172.31,4166.95,2026-06-10 04:00:00,26100.0,1,53.6,53.6,LONDON,11,Wednesday,PERIOD_H4,W1,PLUS_1R_FIRST,60.0
W1_202,W1_76,2026-06-10 14:45:00,LOW,BUY,4161.25,4154.6,2026-06-10 08:00:00,24300.0,1,66.5,66.5,NY,14,Wednesday,PERIOD_H4,W1,PLUS_1R_FIRST,360.0
W1_209,W1_78,2026-06-10 18:00:00,LOW,BUY,4130.5,4125.52,2026-06-10 12:00:00,21600.0,1,49.8,49.8,NY,18,Wednesday,PERIOD_H4,W1,PLUS_1R_FIRST,60.0
W1_215,W1_80,2026-06-10 20:45:00,LOW,BUY,4106.72,4102.7,2026-06-10 16:00:00,17100.0,1,40.2,40.2,NY,20,Wednesday,PERIOD_H4,W1,PLUS_1R_FIRST,60.0
W1_221,W1_82,2026-06-11 01:15:00,LOW,BUY,4067.02,4056.84,2026-06-10 20:00:00,18900.0,1,101.8,101.8,ASIA,1,Thursday,PERIOD_H4,W1,MINUS_1R_FIRST,60.0
W1_227,W1_83,2026-06-11 04:15:00,HIGH,SELL,4077.88,4086.53,2026-06-11 00:00:00,15300.0,1,86.5,86.5,ASIA,4,Thursday,PERIOD_H4,W1,MINUS_1R_FIRST,60.0
W1_242,W1_89,2026-06-11 19:15:00,HIGH,SELL,4096.24,4102.46,2026-06-11 12:00:00,26100.0,1,62.2,62.2,NY,19,Thursday,PERIOD_H4,W1,MINUS_1R_FIRST,60.0
W1_248,W1_91,2026-06-11 20:45:00,HIGH,SELL,4107.46,4166.31,2026-06-11 16:00:00,17100.0,1,588.5,588.5,NY,20,Thursday,PERIOD_H4,W1,PLUS_1R_FIRST,60.0
W1_254,W1_93,2026-06-12 01:45:00,HIGH,SELL,4219.99,4225.61,2026-06-11 20:00:00,20700.0,1,56.2,56.2,ASIA,1,Friday,PERIOD_H4,W1,MINUS_1R_FIRST,60.0
W1_260,W1_96,2026-06-12 04:15:00,LOW,BUY,4200.53,4187.48,2026-06-12 00:00:00,15300.0,1,130.5,130.5,ASIA,4,Friday,PERIOD_H4,W1,PLUS_1R_FIRST,60.0
W1_266,W1_97,2026-06-12 11:45:00,HIGH,SELL,4210.84,4218.14,2026-06-12 04:00:00,27900.0,1,73.0,73.0,LONDON,11,Friday,PERIOD_H4,W1,PLUS_1R_FIRST,180.0
W1_276,W1_102,2026-06-12 17:45:00,LOW,BUY,4188.36,4184.62,2026-06-12 12:00:00,20700.0,1,37.4,37.4,NY,17,Friday,PERIOD_H4,W1,MINUS_1R_FIRST,60.0
W1_286,W1_105,2026-06-15 01:00:00,HIGH,SELL,4235.27,4273.27,2026-06-12 20:00:00,190800.0,1,380.0,380.0,ASIA,1,Monday,PERIOD_H4,W1,AMBIGUOUS_SAME_BAR,60.0
W1_292,W1_107,2026-06-15 04:45:00,HIGH,SELL,4308.81,4317.58,2026-06-15 00:00:00,17100.0,1,87.7,87.7,ASIA,4,Monday,PERIOD_H4,W1,PLUS_1R_FIRST,60.0
W1_298,W1_109,2026-06-15 11:45:00,HIGH,SELL,4335.24,4340.87,2026-06-15 04:00:00,27900.0,1,56.3,56.3,LONDON,11,Monday,PERIOD_H4,W1,PLUS_1R_FIRST,240.0
W1_306,W1_111,2026-06-15 16:00:00,HIGH,SELL,4345.27,4348.87,2026-06-15 08:00:00,28800.0,1,36.0,36.0,NY,16,Monday,PERIOD_H4,W1,PLUS_1R_FIRST,60.0
W1_312,W1_115,2026-06-15 20:30:00,LOW,BUY,4334.42,4330.12,2026-06-15 16:00:00,16200.0,1,43.0,43.0,NY,20,Monday,PERIOD_H4,W1,MINUS_1R_FIRST,240.0
W1_318,W1_116,2026-06-16 06:45:00,HIGH,SELL,4320.56,4331.65,2026-06-16 00:00:00,24300.0,1,110.9,110.9,ASIA,6,Tuesday,PERIOD_H4,W1,PLUS_1R_FIRST,480.0
W1_324,W1_118,2026-06-16 11:15:00,HIGH,SELL,4332.95,4337.79,2026-06-16 04:00:00,26100.0,1,48.4,48.4,LONDON,11,Tuesday,PERIOD_H4,W1,MINUS_1R_FIRST,60.0
W1_331,W1_121,2026-06-16 17:30:00,LOW,BUY,4334.95,4319.98,2026-06-16 12:00:00,19800.0,1,149.7,149.7,NY,17,Tuesday,PERIOD_H4,W1,MINUS_1R_FIRST,60.0
W1_350,W1_129,2026-06-17 16:45:00,HIGH,SELL,4335.46,4341.44,2026-06-17 12:00:00,17100.0,1,59.8,59.8,NY,16,Wednesday,PERIOD_H4,W1,MINUS_1R_FIRST,180.0
W1_356,W1_131,2026-06-17 20:45:00,HIGH,SELL,4366.28,4376.35,2026-06-17 16:00:00,17100.0,1,100.7,100.7,NY,20,Wednesday,PERIOD_H4,W1,MINUS_1R_FIRST,480.0
W1_359,W1_132,2026-06-17 21:15:00,LOW,BUY,4323.92,4284.74,2026-06-17 16:00:00,18900.0,1,391.8,391.8,NY,21,Wednesday,PERIOD_H4,W1,PLUS_1R_FIRST,60.0
W1_368,W1_135,2026-06-18 04:15:00,HIGH,SELL,4315.17,4322.85,2026-06-18 00:00:00,15300.0,1,76.8,76.8,ASIA,4,Thursday,PERIOD_H4,W1,PLUS_1R_FIRST,60.0
W1_374,W1_138,2026-06-18 09:15:00,LOW,BUY,4306.74,4299.28,2026-06-18 04:00:00,18900.0,1,74.6,74.6,LONDON,9,Thursday,PERIOD_H4,W1,MINUS_1R_FIRST,60.0
W1_382,W1_141,2026-06-18 18:30:00,LOW,BUY,4239.68,4235.92,2026-06-18 12:00:00,23400.0,1,37.6,37.6,NY,18,Thursday,PERIOD_H4,W1,MINUS_1R_FIRST,60.0
W1_388,W1_143,2026-06-18 22:15:00,LOW,BUY,4213.8,4207.82,2026-06-18 16:00:00,22500.0,1,59.8,59.8,LATE,22,Thursday,PERIOD_H4,W1,MINUS_1R_FIRST,60.0
W1_394,W1_145,2026-06-19 02:15:00,LOW,BUY,4201.28,4196.25,2026-06-18 20:00:00,22500.0,1,50.3,50.3,ASIA,2,Friday,PERIOD_H4,W1,MINUS_1R_FIRST,600.0
W1_400,W1_147,2026-06-19 05:15:00,LOW,BUY,4184.01,4180.15,2026-06-19 00:00:00,18900.0,1,38.6,38.6,ASIA,5,Friday,PERIOD_H4,W1,MINUS_1R_FIRST,60.0
W1_418,W1_152,2026-06-22 04:00:00,HIGH,SELL,4182.72,4200.83,2026-06-19 16:00:00,216000.0,1,181.1,181.1,ASIA,4,Monday,PERIOD_H4,W1,MINUS_1R_FIRST,60.0
W1_428,W1_157,2026-06-22 13:15:00,HIGH,SELL,4207.14,4212.72,2026-06-22 08:00:00,18900.0,1,55.8,55.8,NY,13,Monday,PERIOD_H4,W1,PLUS_1R_FIRST,240.0
W1_441,W1_163,2026-06-23 04:45:00,LOW,BUY,4178.2,4154.34,2026-06-23 00:00:00,17100.0,1,238.6,238.6,ASIA,4,Tuesday,PERIOD_H4,W1,MINUS_1R_FIRST,60.0
W1_447,W1_165,2026-06-23 10:45:00,LOW,BUY,4114.66,4105.25,2026-06-23 04:00:00,24300.0,1,94.1,94.1,LONDON,10,Tuesday,PERIOD_H4,W1,PLUS_1R_FIRST,120.0
W1_455,W1_168,2026-06-23 17:15:00,HIGH,SELL,4133.12,4137.52,2026-06-23 12:00:00,18900.0,1,44.0,44.0,NY,17,Tuesday,PERIOD_H4,W1,PLUS_1R_FIRST,60.0
W1_465,W1_172,2026-06-24 02:45:00,LOW,BUY,4107.25,4086.62,2026-06-23 20:00:00,24300.0,1,206.3,206.3,ASIA,2,Wednesday,PERIOD_H4,W1,PLUS_1R_FIRST,60.0
W1_471,W1_174,2026-06-24 05:30:00,LOW,BUY,4080.62,4073.76,2026-06-24 00:00:00,19800.0,1,68.6,68.6,ASIA,5,Wednesday,PERIOD_H4,W1,MINUS_1R_FIRST,60.0
W1_481,W1_178,2026-06-24 14:00:00,LOW,BUY,4060.59,4055.95,2026-06-24 08:00:00,21600.0,1,46.4,46.4,NY,14,Wednesday,PERIOD_H4,W1,MINUS_1R_FIRST,240.0
W1_498,W1_185,2026-06-25 05:15:00,LOW,BUY,3978.33,3968.25,2026-06-25 00:00:00,18900.0,1,100.8,100.8,ASIA,5,Thursday,PERIOD_H4,W1,PLUS_1R_FIRST,60.0
W1_508,W1_188,2026-06-25 15:45:00,HIGH,SELL,4001.86,4005.36,2026-06-25 08:00:00,27900.0,1,35.0,35.0,NY,15,Thursday,PERIOD_H4,W1,MINUS_1R_FIRST,60.0
W1_514,W1_190,2026-06-25 16:15:00,HIGH,SELL,4018.87,4030.72,2026-06-25 12:00:00,15300.0,1,118.5,118.5,NY,16,Thursday,PERIOD_H4,W1,PLUS_1R_FIRST,60.0
W1_525,W1_195,2026-06-26 03:00:00,LOW,BUY,4021.67,4014.78,2026-06-25 20:00:00,25200.0,1,68.9,68.9,ASIA,3,Friday,PERIOD_H4,W1,PLUS_1R_FIRST,60.0
W1_531,W1_197,2026-06-26 05:45:00,LOW,BUY,4011.16,3992.61,2026-06-26 00:00:00,20700.0,1,185.5,185.5,ASIA,5,Friday,PERIOD_H4,W1,PLUS_1R_FIRST,300.0
W1_537,W1_198,2026-06-26 10:30:00,HIGH,SELL,4029.26,4037.7,2026-06-26 04:00:00,23400.0,1,84.4,84.4,LONDON,10,Friday,PERIOD_H4,W1,PLUS_1R_FIRST,360.0
W1_543,W1_200,2026-06-26 12:30:00,HIGH,SELL,4039.54,4048.05,2026-06-26 08:00:00,16200.0,1,85.1,85.1,LONDON,12,Friday,PERIOD_H4,W1,PLUS_1R_FIRST,60.0
W1_547,W1_202,2026-06-26 17:00:00,HIGH,SELL,4061.32,4073.09,2026-06-26 12:00:00,18000.0,1,117.7,117.7,NY,17,Friday,PERIOD_H4,W1,PLUS_1R_FIRST,60.0
W1_555,W1_205,2026-06-29 01:30:00,LOW,BUY,4064.29,4056.73,2026-06-26 20:00:00,192600.0,1,75.6,75.6,ASIA,1,Monday,PERIOD_H4,W1,PLUS_1R_FIRST,60.0
W1_567,W1_210,2026-06-29 13:00:00,LOW,BUY,4039.18,4031.75,2026-06-29 08:00:00,18000.0,1,74.3,74.3,NY,13,Monday,PERIOD_H4,W1,MINUS_1R_FIRST,180.0
W1_573,W1_212,2026-06-29 17:15:00,LOW,BUY,4024.34,4008.82,2026-06-29 12:00:00,18900.0,1,155.2,155.2,NY,17,Monday,PERIOD_H4,W1,MINUS_1R_FIRST,60.0
W1_583,W1_216,2026-06-30 03:45:00,LOW,BUY,4005.09,3992.12,2026-06-29 20:00:00,27900.0,1,129.7,129.7,ASIA,3,Tuesday,PERIOD_H4,W1,MINUS_1R_FIRST,600.0
W1_589,W1_218,2026-06-30 04:15:00,LOW,BUY,3979.35,3958.37,2026-06-30 00:00:00,15300.0,1,209.8,209.8,ASIA,4,Tuesday,PERIOD_H4,W1,MINUS_1R_FIRST,60.0
W1_595,W1_219,2026-06-30 09:30:00,HIGH,SELL,3997.87,4011.79,2026-06-30 04:00:00,19800.0,1,139.2,139.2,LONDON,9,Tuesday,PERIOD_H4,W1,MINUS_1R_FIRST,60.0
W1_603,W1_223,2026-06-30 17:15:00,HIGH,SELL,4037.18,4043.31,2026-06-30 12:00:00,18900.0,1,61.3,61.3,NY,17,Tuesday,PERIOD_H4,W1,MINUS_1R_FIRST,60.0
W2_6,W2_3,2026-07-01 04:15:00,LOW,BUY,3992.94,3984.9,2026-07-01 00:00:00,15300.0,1,80.4,80.4,ASIA,4,Wednesday,PERIOD_H4,W2,MINUS_1R_FIRST,60.0
W2_12,W2_5,2026-07-01 09:15:00,LOW,BUY,3969.95,3965.5,2026-07-01 04:00:00,18900.0,1,44.5,44.5,LONDON,9,Wednesday,PERIOD_H4,W2,MINUS_1R_FIRST,120.0
W2_18,W2_6,2026-07-01 14:00:00,HIGH,SELL,3984.22,3998.2,2026-07-01 08:00:00,21600.0,1,139.8,139.8,NY,14,Wednesday,PERIOD_H4,W2,MINUS_1R_FIRST,60.0
W2_24,W2_8,2026-07-01 16:30:00,HIGH,SELL,4035.28,4046.73,2026-07-01 12:00:00,16200.0,1,114.5,114.5,NY,16,Wednesday,PERIOD_H4,W2,MINUS_1R_FIRST,60.0
W2_45,W2_17,2026-07-02 15:45:00,HIGH,SELL,4079.85,4132.27,2026-07-02 08:00:00,27900.0,1,524.2,524.2,NY,15,Thursday,PERIOD_H4,W2,PLUS_1R_FIRST,60.0
W2_63,W2_25,2026-07-03 04:15:00,HIGH,SELL,4150.86,4176.01,2026-07-03 00:00:00,15300.0,1,251.5,251.5,ASIA,4,Friday,PERIOD_H4,W2,MINUS_1R_FIRST,180.0
W2_75,W2_31,2026-07-03 17:15:00,LOW,BUY,4168.27,4162.54,2026-07-03 12:00:00,18900.0,1,57.3,57.3,NY,17,Friday,PERIOD_H4,W2,PLUS_1R_FIRST,120.0
W2_81,W2_32,2026-07-06 02:30:00,HIGH,SELL,4179.13,4200.23,2026-07-03 16:00:00,210600.0,1,211.0,211.0,ASIA,2,Monday,PERIOD_H4,W2,PLUS_1R_FIRST,60.0
W2_87,W2_35,2026-07-06 06:30:00,LOW,BUY,4170.14,4166.11,2026-07-06 00:00:00,23400.0,1,40.3,40.3,ASIA,6,Monday,PERIOD_H4,W2,PLUS_1R_FIRST,360.0
W2_93,W2_37,2026-07-06 08:15:00,LOW,BUY,4157.25,4152.46,2026-07-06 04:00:00,15300.0,1,47.9,47.9,LONDON,8,Monday,PERIOD_H4,W2,MINUS_1R_FIRST,900.0
W2_99,W2_39,2026-07-06 12:45:00,LOW,BUY,4144.69,4139.45,2026-07-06 08:00:00,17100.0,1,52.4,52.4,LONDON,12,Monday,PERIOD_H4,W2,PLUS_1R_FIRST,300.0
W2_108,W2_40,2026-07-06 21:45:00,HIGH,SELL,4159.34,4163.92,2026-07-06 12:00:00,35100.0,1,45.8,45.8,NY,21,Monday,PERIOD_H4,W2,PLUS_1R_FIRST,1200.0
W2_121,W2_46,2026-07-07 14:30:00,HIGH,SELL,4139.2,4142.96,2026-07-07 08:00:00,23400.0,1,37.6,37.6,NY,14,Tuesday,PERIOD_H4,W2,PLUS_1R_FIRST,60.0
W2_132,W2_51,2026-07-07 22:00:00,LOW,BUY,4135.73,4126.96,2026-07-07 16:00:00,21600.0,1,87.7,87.7,LATE,22,Tuesday,PERIOD_H4,W2,MINUS_1R_FIRST,60.0
W2_148,W2_57,2026-07-08 11:30:00,LOW,BUY,4096.23,4089.21,2026-07-08 04:00:00,27000.0,1,70.2,70.2,LONDON,11,Wednesday,PERIOD_H4,W2,MINUS_1R_FIRST,60.0
W2_154,W2_59,2026-07-08 13:00:00,LOW,BUY,4052.12,4043.66,2026-07-08 08:00:00,18000.0,1,84.6,84.6,NY,13,Wednesday,PERIOD_H4,W2,PLUS_1R_FIRST,60.0
W2_160,W2_61,2026-07-08 17:45:00,LOW,BUY,4040.27,4036.65,2026-07-08 12:00:00,20700.0,1,36.2,36.2,NY,17,Wednesday,PERIOD_H4,W2,PLUS_1R_FIRST,60.0
W2_166,W2_62,2026-07-08 22:15:00,HIGH,SELL,4082.77,4087.39,2026-07-08 16:00:00,22500.0,1,46.2,46.2,LATE,22,Wednesday,PERIOD_H4,W2,PLUS_1R_FIRST,60.0
W2_176,W2_67,2026-07-09 06:00:00,LOW,BUY,4070.12,4065.28,2026-07-09 00:00:00,21600.0,1,48.4,48.4,ASIA,6,Thursday,PERIOD_H4,W2,MINUS_1R_FIRST,420.0
W2_182,W2_68,2026-07-09 09:15:00,HIGH,SELL,4082.41,4091.85,2026-07-09 04:00:00,18900.0,1,94.4,94.4,LONDON,9,Thursday,PERIOD_H4,W2,MINUS_1R_FIRST,120.0
W2_190,W2_71,2026-07-09 16:30:00,HIGH,SELL,4122.47,4126.11,2026-07-09 12:00:00,16200.0,1,36.4,36.4,NY,16,Thursday,PERIOD_H4,W2,PLUS_1R_FIRST,60.0
W2_212,W2_81,2026-07-10 16:30:00,LOW,BUY,4094.34,4087.86,2026-07-10 12:00:00,16200.0,1,64.8,64.8,NY,16,Friday,PERIOD_H4,W2,PLUS_1R_FIRST,60.0
W2_220,W2_84,2026-07-13 01:30:00,LOW,BUY,4097.67,4084.4,2026-07-10 20:00:00,192600.0,1,132.7,132.7,ASIA,1,Monday,PERIOD_H4,W2,MINUS_1R_FIRST,420.0
W2_226,W2_86,2026-07-13 07:15:00,LOW,BUY,4060.91,4054.79,2026-07-13 00:00:00,26100.0,1,61.2,61.2,ASIA,7,Monday,PERIOD_H4,W2,MINUS_1R_FIRST,60.0
W2_240,W2_92,2026-07-13 17:15:00,LOW,BUY,4046.6,4036.07,2026-07-13 12:00:00,18900.0,1,105.3,105.3,NY,17,Monday,PERIOD_H4,W2,MINUS_1R_FIRST,60.0
W2_252,W2_96,2026-07-14 05:15:00,HIGH,SELL,4007.05,4016.65,2026-07-14 00:00:00,18900.0,1,96.0,96.0,ASIA,5,Tuesday,PERIOD_H4,W2,PLUS_1R_FIRST,540.0
W2_263,W2_100,2026-07-14 15:45:00,HIGH,SELL,4033.9,4092.92,2026-07-14 08:00:00,27900.0,1,590.2,590.2,NY,15,Tuesday,PERIOD_H4,W2,PLUS_1R_FIRST,60.0
W2_273,W2_105,2026-07-14 21:45:00,LOW,BUY,4057.52,4047.05,2026-07-14 16:00:00,20700.0,1,104.7,104.7,NY,21,Tuesday,PERIOD_H4,W2,PLUS_1R_FIRST,180.0
W2_279,W2_107,2026-07-15 05:15:00,LOW,BUY,4046.54,4037.03,2026-07-15 00:00:00,18900.0,1,95.1,95.1,ASIA,5,Wednesday,PERIOD_H4,W2,MINUS_1R_FIRST,60.0
W2_285,W2_109,2026-07-15 10:30:00,LOW,BUY,4027.91,4024.36,2026-07-15 04:00:00,23400.0,1,35.5,35.5,LONDON,10,Wednesday,PERIOD_H4,W2,MINUS_1R_FIRST,360.0
W2_291,W2_110,2026-07-15 15:45:00,HIGH,SELL,4036.58,4062.86,2026-07-15 08:00:00,27900.0,1,262.8,262.8,NY,15,Wednesday,PERIOD_H4,W2,MINUS_1R_FIRST,300.0
W2_312,W2_120,2026-07-16 15:45:00,LOW,BUY,4022.76,4002.85,2026-07-16 08:00:00,27900.0,1,199.1,199.1,NY,15,Thursday,PERIOD_H4,W2,PLUS_1R_FIRST,60.0
W2_318,W2_122,2026-07-16 16:45:00,LOW,BUY,3990.11,3986.43,2026-07-16 12:00:00,17100.0,1,36.8,36.8,NY,16,Thursday,PERIOD_H4,W2,PLUS_1R_FIRST,60.0
W2_334,W2_129,2026-07-17 15:45:00,LOW,BUY,3974.85,3969.98,2026-07-17 08:00:00,27900.0,1,48.7,48.7,NY,15,Friday,PERIOD_H4,W2,MINUS_1R_FIRST,60.0
W2_340,W2_130,2026-07-17 18:15:00,HIGH,SELL,4002.22,4005.74,2026-07-17 12:00:00,22500.0,1,35.2,35.2,NY,18,Friday,PERIOD_H4,W2,MINUS_1R_FIRST,300.0
W2_350,W2_135,2026-07-20 03:15:00,LOW,BUY,4002.13,3996.37,2026-07-17 20:00:00,198900.0,1,57.6,57.6,ASIA,3,Monday,PERIOD_H4,W2,PLUS_1R_FIRST,120.0
W2_356,W2_136,2026-07-20 05:45:00,HIGH,SELL,4009.92,4014.72,2026-07-20 00:00:00,20700.0,1,48.0,48.0,ASIA,5,Monday,PERIOD_H4,W2,MINUS_1R_FIRST,60.0
W2_371,W2_143,2026-07-20 17:15:00,LOW,BUY,4006.38,3999.14,2026-07-20 12:00:00,18900.0,1,72.4,72.4,NY,17,Monday,PERIOD_H4,W2,PLUS_1R_FIRST,180.0
W2_381,W2_146,2026-07-21 05:45:00,HIGH,SELL,4026.99,4035.48,2026-07-21 00:00:00,20700.0,1,84.9,84.9,ASIA,5,Tuesday,PERIOD_H4,W2,PLUS_1R_FIRST,360.0
W2_387,W2_148,2026-07-21 08:45:00,HIGH,SELL,4051.56,4066.08,2026-07-21 04:00:00,17100.0,1,145.2,145.2,LONDON,8,Tuesday,PERIOD_H4,W2,PLUS_1R_FIRST,360.0
W2_400,W2_152,2026-07-21 18:30:00,HIGH,SELL,4069.99,4076.63,2026-07-21 12:00:00,23400.0,1,66.4,66.4,NY,18,Tuesday,PERIOD_H4,W2,MINUS_1R_FIRST,120.0
W2_397,W2_153,2026-07-21 16:45:00,LOW,BUY,4050.82,4046.78,2026-07-21 12:00:00,17100.0,1,40.4,40.4,NY,16,Tuesday,PERIOD_H4,W2,PLUS_1R_FIRST,240.0
W2_409,W2_156,2026-07-22 04:15:00,HIGH,SELL,4102.45,4121.05,2026-07-22 00:00:00,15300.0,1,186.0,186.0,ASIA,4,Wednesday,PERIOD_H4,W2,PLUS_1R_FIRST,60.0
W2_421,W2_161,2026-07-22 16:45:00,HIGH,SELL,4134.26,4142.58,2026-07-22 12:00:00,17100.0,1,83.2,83.2,NY,16,Wednesday,PERIOD_H4,W2,MINUS_1R_FIRST,60.0
W2_430,W2_164,2026-07-23 04:45:00,LOW,BUY,4128.15,4121.97,2026-07-22 20:00:00,31500.0,1,61.8,61.8,ASIA,4,Thursday,PERIOD_H4,W2,MINUS_1R_FIRST,180.0
W2_436,W2_167,2026-07-23 10:15:00,LOW,BUY,4111.86,4107.0,2026-07-23 04:00:00,22500.0,1,48.6,48.6,LONDON,10,Thursday,PERIOD_H4,W2,PLUS_1R_FIRST,60.0
W2_442,W2_169,2026-07-23 14:45:00,LOW,BUY,4086.82,4078.98,2026-07-23 08:00:00,24300.0,1,78.4,78.4,NY,14,Thursday,PERIOD_H4,W2,PLUS_1R_FIRST,240.0
W2_452,W2_173,2026-07-24 06:00:00,LOW,BUY,4041.07,4025.08,2026-07-24 00:00:00,21600.0,1,159.9,159.9,ASIA,6,Friday,PERIOD_H4,W2,PLUS_1R_FIRST,300.0
W2_462,W2_176,2026-07-24 18:15:00,HIGH,SELL,4063.68,4074.56,2026-07-24 12:00:00,22500.0,1,108.8,108.8,NY,18,Friday,PERIOD_H4,W2,MINUS_1R_FIRST,60.0
W2_472,W2_180,2026-07-27 02:15:00,HIGH,SELL,4069.65,4084.72,2026-07-24 20:00:00,195300.0,1,150.7,150.7,ASIA,2,Monday,PERIOD_H4,W2,MINUS_1R_FIRST,1260.0
W2_490,W2_189,2026-07-27 16:30:00,LOW,BUY,4081.54,4076.58,2026-07-27 12:00:00,16200.0,1,49.6,49.6,NY,16,Monday,PERIOD_H4,W2,PLUS_1R_FIRST,60.0
W2_498,W2_191,2026-07-28 05:45:00,LOW,BUY,4065.17,4044.58,2026-07-27 16:00:00,49500.0,1,205.9,205.9,ASIA,5,Tuesday,PERIOD_H4,W2,MINUS_1R_FIRST,600.0
W2_504,W2_194,2026-07-28 13:00:00,LOW,BUY,4034.75,4023.55,2026-07-28 08:00:00,18000.0,1,112.0,112.0,NY,13,Tuesday,PERIOD_H4,W2,PLUS_1R_FIRST,420.0
W2_517,W2_198,2026-07-29 05:45:00,HIGH,SELL,4030.33,4034.75,2026-07-29 00:00:00,20700.0,1,44.2,44.2,ASIA,5,Wednesday,PERIOD_H4,W2,PLUS_1R_FIRST,180.0
W2_523,W2_200,2026-07-29 10:45:00,HIGH,SELL,4037.67,4045.82,2026-07-29 04:00:00,24300.0,1,81.5,81.5,LONDON,10,Wednesday,PERIOD_H4,W2,PLUS_1R_FIRST,480.0
W2_529,W2_203,2026-07-29 17:15:00,LOW,BUY,4008.98,3999.37,2026-07-29 12:00:00,18900.0,1,96.1,96.1,NY,17,Wednesday,PERIOD_H4,W2,PLUS_1R_FIRST,60.0
W2_535,W2_204,2026-07-29 20:15:00,HIGH,SELL,4032.73,4041.93,2026-07-29 16:00:00,15300.0,1,92.0,92.0,NY,20,Wednesday,PERIOD_H4,W2,MINUS_1R_FIRST,60.0
W2_545,W2_209,2026-07-30 08:45:00,LOW,BUY,4044.27,4033.66,2026-07-30 04:00:00,17100.0,1,106.1,106.1,LONDON,8,Thursday,PERIOD_H4,W2,PLUS_1R_FIRST,60.0
W2_551,W2_210,2026-07-30 13:30:00,HIGH,SELL,4072.73,4076.33,2026-07-30 08:00:00,19800.0,1,36.0,36.0,NY,13,Thursday,PERIOD_H4,W2,MINUS_1R_FIRST,60.0
W2_555,W2_212,2026-07-30 17:00:00,HIGH,SELL,4086.56,4112.17,2026-07-30 12:00:00,18000.0,1,256.1,256.1,NY,17,Thursday,PERIOD_H4,W2,AMBIGUOUS_SAME_BAR,60.0
W3_4,W3_2,2026-07-31 05:15:00,LOW,BUY,4090.29,4085.95,2026-07-31 00:00:00,18900.0,1,43.4,43.4,ASIA,5,Friday,PERIOD_H4,W3,MINUS_1R_FIRST,60.0
W3_10,W3_4,2026-07-31 11:15:00,LOW,BUY,4071.79,4062.38,2026-07-31 04:00:00,26100.0,1,94.1,94.1,LONDON,11,Friday,PERIOD_H4,W3,PLUS_1R_FIRST,240.0
W3_16,W3_6,2026-07-31 15:30:00,LOW,BUY,4053.99,4047.47,2026-07-31 08:00:00,27000.0,1,65.2,65.2,NY,15,Friday,PERIOD_H4,W3,PLUS_1R_FIRST,60.0
W3_29,W3_10,2026-08-03 01:30:00,HIGH,SELL,4055.47,4065.91,2026-07-31 20:00:00,192600.0,1,104.4,104.4,ASIA,1,Monday,PERIOD_H4,W3,PLUS_1R_FIRST,1740.0
W3_39,W3_15,2026-08-03 15:45:00,LOW,BUY,4051.87,4045.26,2026-08-03 08:00:00,27900.0,1,66.1,66.1,NY,15,Monday,PERIOD_H4,W3,PLUS_1R_FIRST,660.0
W3_45,W3_17,2026-08-03 16:30:00,LOW,BUY,4041.99,4034.32,2026-08-03 12:00:00,16200.0,1,76.7,76.7,NY,16,Monday,PERIOD_H4,W3,MINUS_1R_FIRST,60.0
W3_60,W3_23,2026-08-04 15:45:00,HIGH,SELL,4072.75,4077.88,2026-08-04 08:00:00,27900.0,1,51.3,51.3,NY,15,Tuesday,PERIOD_H4,W3,PLUS_1R_FIRST,240.0
W3_66,W3_24,2026-08-04 17:15:00,HIGH,SELL,4084.19,4089.89,2026-08-04 12:00:00,18900.0,1,57.0,57.0,NY,17,Tuesday,PERIOD_H4,W3,PLUS_1R_FIRST,60.0
W3_74,W3_28,2026-08-05 02:45:00,LOW,BUY,4074.44,4069.41,2026-08-04 20:00:00,24300.0,1,50.3,50.3,ASIA,2,Wednesday,PERIOD_H4,W3,PLUS_1R_FIRST,420.0
W3_80,W3_29,2026-08-05 04:45:00,HIGH,SELL,4085.66,4092.85,2026-08-05 00:00:00,17100.0,1,71.9,71.9,ASIA,4,Wednesday,PERIOD_H4,W3,MINUS_1R_FIRST,480.0
W3_86,W3_31,2026-08-05 08:45:00,HIGH,SELL,4141.26,4156.82,2026-08-05 04:00:00,17100.0,1,155.6,155.6,LONDON,8,Wednesday,PERIOD_H4,W3,MINUS_1R_FIRST,60.0
W3_90,W3_33,2026-08-05 14:45:00,HIGH,SELL,4179.34,4184.6,2026-08-05 08:00:00,24300.0,1,52.6,52.6,NY,14,Wednesday,PERIOD_H4,W3,MINUS_1R_FIRST,300.0
W3_96,W3_34,2026-08-05 17:15:00,HIGH,SELL,4213.25,4229.51,2026-08-05 12:00:00,18900.0,1,162.6,162.6,NY,17,Wednesday,PERIOD_H4,W3,PLUS_1R_FIRST,120.0
W3_104,W3_37,2026-08-06 02:45:00,HIGH,SELL,4267.43,4280.29,2026-08-05 20:00:00,24300.0,1,128.6,128.6,ASIA,2,Thursday,PERIOD_H4,W3,PLUS_1R_FIRST,60.0
W3_118,W3_43,2026-08-06 16:15:00,LOW,BUY,4246.94,4238.57,2026-08-06 08:00:00,29700.0,1,83.7,83.7,NY,16,Thursday,PERIOD_H4,W3,MINUS_1R_FIRST,120.0
W3_132,W3_49,2026-08-07 04:45:00,HIGH,SELL,4252.98,4256.52,2026-08-07 00:00:00,17100.0,1,35.4,35.4,ASIA,4,Friday,PERIOD_H4,W3,PLUS_1R_FIRST,120.0
W3_136,W3_51,2026-08-07 09:00:00,HIGH,SELL,4268.87,4278.47,2026-08-07 04:00:00,18000.0,1,96.0,96.0,LONDON,9,Friday,PERIOD_H4,W3,MINUS_1R_FIRST,240.0
W3_142,W3_52,2026-08-07 14:15:00,HIGH,SELL,4316.55,4320.19,2026-08-07 08:00:00,22500.0,1,36.4,36.4,NY,14,Friday,PERIOD_H4,W3,PLUS_1R_FIRST,180.0
W3_156,W3_57,2026-08-10 04:15:00,LOW,BUY,4327.28,4323.64,2026-08-07 16:00:00,216900.0,1,36.4,36.4,ASIA,4,Monday,PERIOD_H4,W3,PLUS_1R_FIRST,60.0
W3_160,W3_59,2026-08-10 09:45:00,HIGH,SELL,4350.85,4354.97,2026-08-10 00:00:00,35100.0,1,41.2,41.2,LONDON,9,Monday,PERIOD_H4,W3,MINUS_1R_FIRST,120.0
W3_173,W3_63,2026-08-10 19:00:00,HIGH,SELL,4349.85,4358.48,2026-08-10 12:00:00,25200.0,1,86.3,86.3,NY,19,Monday,PERIOD_H4,W3,MINUS_1R_FIRST,120.0
W3_170,W3_64,2026-08-10 17:00:00,LOW,BUY,4323.97,4318.27,2026-08-10 12:00:00,18000.0,1,57.0,57.0,NY,17,Monday,PERIOD_H4,W3,PLUS_1R_FIRST,60.0
W3_178,W3_65,2026-08-10 21:45:00,HIGH,SELL,4364.63,4379.57,2026-08-10 16:00:00,20700.0,1,149.4,149.4,NY,21,Monday,PERIOD_H4,W3,PLUS_1R_FIRST,60.0
W3_188,W3_69,2026-08-11 05:00:00,HIGH,SELL,4419.13,4429.45,2026-08-11 00:00:00,18000.0,1,103.2,103.2,ASIA,5,Tuesday,PERIOD_H4,W3,PLUS_1R_FIRST,60.0
W3_194,W3_72,2026-08-11 08:45:00,LOW,BUY,4393.57,4377.53,2026-08-11 04:00:00,17100.0,1,160.4,160.4,LONDON,8,Tuesday,PERIOD_H4,W3,MINUS_1R_FIRST,60.0
W3_206,W3_77,2026-08-11 21:15:00,LOW,BUY,4368.98,4364.03,2026-08-11 16:00:00,18900.0,1,49.5,49.5,NY,21,Tuesday,PERIOD_H4,W3,PLUS_1R_FIRST,240.0
W3_216,W3_80,2026-08-12 04:15:00,HIGH,SELL,4383.5,4390.17,2026-08-12 00:00:00,15300.0,1,66.7,66.7,ASIA,4,Wednesday,PERIOD_H4,W3,MINUS_1R_FIRST,300.0
W3_226,W3_84,2026-08-12 13:00:00,HIGH,SELL,4410.25,4415.66,2026-08-12 08:00:00,18000.0,1,54.1,54.1,NY,13,Wednesday,PERIOD_H4,W3,MINUS_1R_FIRST,540.0
W3_238,W3_89,2026-08-13 03:45:00,HIGH,SELL,4418.13,4440.03,2026-08-12 20:00:00,27900.0,1,219.0,219.0,ASIA,3,Thursday,PERIOD_H4,W3,PLUS_1R_FIRST,120.0
W3_249,W3_94,2026-08-13 09:00:00,LOW,BUY,4391.43,4383.15,2026-08-13 04:00:00,18000.0,1,82.8,82.8,LONDON,9,Thursday,PERIOD_H4,W3,MINUS_1R_FIRST,240.0
W3_257,W3_97,2026-08-13 17:30:00,LOW,BUY,4372.22,4367.85,2026-08-13 12:00:00,19800.0,1,43.7,43.7,NY,17,Thursday,PERIOD_H4,W3,AMBIGUOUS_SAME_BAR,60.0
W3_261,W3_98,2026-08-13 22:15:00,LOW,BUY,4351.04,4347.05,2026-08-13 16:00:00,22500.0,1,39.9,39.9,LATE,22,Thursday,PERIOD_H4,W3,PLUS_1R_FIRST,660.0
W3_267,W3_100,2026-08-14 03:30:00,LOW,BUY,4343.58,4339.78,2026-08-13 20:00:00,27000.0,1,38.0,38.0,ASIA,3,Friday,PERIOD_H4,W3,PLUS_1R_FIRST,120.0
W3_279,W3_101,2026-08-14 15:45:00,HIGH,SELL,4363.95,4372.6,2026-08-14 00:00:00,56700.0,1,86.5,86.5,NY,15,Friday,PERIOD_H4,W3,MINUS_1R_FIRST,180.0
W3_273,W3_102,2026-08-14 04:15:00,LOW,BUY,4329.12,4324.52,2026-08-14 00:00:00,15300.0,1,46.0,46.0,ASIA,4,Friday,PERIOD_H4,W3,MINUS_1R_FIRST,60.0
W3_285,W3_105,2026-08-14 16:45:00,HIGH,SELL,4386.77,4393.71,2026-08-14 12:00:00,17100.0,1,69.4,69.4,NY,16,Friday,PERIOD_H4,W3,PLUS_1R_FIRST,60.0
W3_295,W3_107,2026-08-17 04:00:00,HIGH,SELL,4396.91,4400.69,2026-08-14 16:00:00,216000.0,1,37.8,37.8,ASIA,4,Monday,PERIOD_H4,W3,MINUS_1R_FIRST,60.0
W3_305,W3_114,2026-08-17 15:45:00,LOW,BUY,4386.8,4378.64,2026-08-17 08:00:00,27900.0,1,81.6,81.6,NY,15,Monday,PERIOD_H4,W3,PLUS_1R_FIRST,360.0
W3_311,W3_115,2026-08-17 17:15:00,HIGH,SELL,4405.67,4412.26,2026-08-17 12:00:00,18900.0,1,65.9,65.9,NY,17,Monday,PERIOD_H4,W3,MINUS_1R_FIRST,60.0
W3_319,W3_119,2026-08-18 05:15:00,LOW,BUY,4409.64,4401.37,2026-08-18 00:00:00,18900.0,1,82.7,82.7,ASIA,5,Tuesday,PERIOD_H4,W3,PLUS_1R_FIRST,120.0
W3_328,W3_122,2026-08-18 17:45:00,LOW,BUY,4386.8,4379.98,2026-08-18 12:00:00,20700.0,1,68.2,68.2,NY,17,Tuesday,PERIOD_H4,W3,PLUS_1R_FIRST,60.0
W3_334,W3_124,2026-08-18 23:45:00,LOW,BUY,4351.32,4332.48,2026-08-18 16:00:00,27900.0,1,188.4,188.4,LATE,23,Tuesday,PERIOD_H4,W3,MINUS_1R_FIRST,120.0
W3_344,W3_127,2026-08-19 04:45:00,HIGH,SELL,4347.06,4355.3,2026-08-19 00:00:00,17100.0,1,82.4,82.4,ASIA,4,Wednesday,PERIOD_H4,W3,PLUS_1R_FIRST,60.0
W3_355,W3_131,2026-08-19 15:45:00,HIGH,SELL,4362.99,4417.48,2026-08-19 08:00:00,27900.0,1,544.9,544.9,NY,15,Wednesday,PERIOD_H4,W3,AMBIGUOUS_SAME_BAR,60.0
W3_361,W3_133,2026-08-19 16:15:00,HIGH,SELL,4442.32,4456.05,2026-08-19 12:00:00,15300.0,1,137.3,137.3,NY,16,Wednesday,PERIOD_H4,W3,MINUS_1R_FIRST,60.0
W3_367,W3_135,2026-08-19 22:15:00,HIGH,SELL,4499.03,4503.1,2026-08-19 16:00:00,22500.0,1,40.7,40.7,LATE,22,Wednesday,PERIOD_H4,W3,MINUS_1R_FIRST,120.0
W3_381,W3_142,2026-08-20 15:00:00,LOW,BUY,4477.67,4467.27,2026-08-20 08:00:00,25200.0,1,104.0,104.0,NY,15,Thursday,PERIOD_H4,W3,MINUS_1R_FIRST,60.0
W3_387,W3_143,2026-08-20 17:45:00,HIGH,SELL,4494.53,4499.13,2026-08-20 12:00:00,20700.0,1,46.0,46.0,NY,17,Thursday,PERIOD_H4,W3,MINUS_1R_FIRST,60.0
W3_399,W3_149,2026-08-21 05:45:00,HIGH,SELL,4532.67,4537.85,2026-08-21 00:00:00,20700.0,1,51.8,51.8,ASIA,5,Friday,PERIOD_H4,W3,PLUS_1R_FIRST,360.0
W3_405,W3_150,2026-08-21 09:00:00,HIGH,SELL,4547.71,4553.54,2026-08-21 04:00:00,18000.0,1,58.3,58.3,LONDON,9,Friday,PERIOD_H4,W3,PLUS_1R_FIRST,120.0
W3_413,W3_153,2026-08-21 18:45:00,HIGH,SELL,4604.31,4609.38,2026-08-21 12:00:00,24300.0,1,50.7,50.7,NY,18,Friday,PERIOD_H4,W3,PLUS_1R_FIRST,240.0
W3_421,W3_156,2026-08-24 03:15:00,HIGH,SELL,4632.07,4637.23,2026-08-21 20:00:00,198900.0,1,51.6,51.6,ASIA,3,Monday,PERIOD_H4,W3,AMBIGUOUS_SAME_BAR,60.0
W3_427,W3_158,2026-08-24 05:15:00,HIGH,SELL,4640.67,4650.28,2026-08-24 00:00:00,18900.0,1,96.1,96.1,ASIA,5,Monday,PERIOD_H4,W3,MINUS_1R_FIRST,120.0
W3_442,W3_164,2026-08-24 16:15:00,HIGH,SELL,4669.92,4677.01,2026-08-24 12:00:00,15300.0,1,70.9,70.9,NY,16,Monday,PERIOD_H4,W3,PLUS_1R_FIRST,120.0
W3_448,W3_167,2026-08-24 21:15:00,LOW,BUY,4639.72,4632.36,2026-08-24 16:00:00,18900.0,1,73.6,73.6,NY,21,Monday,PERIOD_H4,W3,MINUS_1R_FIRST,180.0
W3_454,W3_168,2026-08-25 01:45:00,HIGH,SELL,4655.79,4661.29,2026-08-24 20:00:00,20700.0,1,55.0,55.0,ASIA,1,Tuesday,PERIOD_H4,W3,MINUS_1R_FIRST,360.0
W3_460,W3_171,2026-08-25 05:15:00,LOW,BUY,4651.85,4642.22,2026-08-25 00:00:00,18900.0,1,96.3,96.3,ASIA,5,Tuesday,PERIOD_H4,W3,PLUS_1R_FIRST,60.0
W3_477,W3_176,2026-08-25 18:45:00,HIGH,SELL,4647.24,4656.02,2026-08-25 12:00:00,24300.0,1,87.8,87.8,NY,18,Tuesday,PERIOD_H4,W3,PLUS_1R_FIRST,120.0
W3_474,W3_177,2026-08-25 16:30:00,LOW,BUY,4623.91,4609.92,2026-08-25 12:00:00,16200.0,1,139.9,139.9,NY,16,Tuesday,PERIOD_H4,W3,PLUS_1R_FIRST,60.0
W3_482,W3_178,2026-08-25 23:00:00,HIGH,SELL,4659.41,4666.74,2026-08-25 16:00:00,25200.0,1,73.3,73.3,LATE,23,Tuesday,PERIOD_H4,W3,PLUS_1R_FIRST,360.0
