event_id,level_id,timestamp,side,direction,level_price,entry_ref,created_time,level_age_seconds,touch_count_before_sweep,penetration_pips,sweep_depth_pips,hour,day_of_week,source_tf,window_id,outcome,time_to_outcome_seconds
EXP3_2026-01-02_2026-03-20_4,EXP3_2026-01-02_2026-03-20_1,2026-01-02 08:00:00,HIGH,SELL,4353.14,4380.64,2025-12-31 16:00:00,144000.0,1,275.0,275.0,8,Friday,PERIOD_H4,EXP3_2026-01-02_2026-03-20,PLUS_1R_FIRST,60.0
EXP3_2026-01-02_2026-03-20_15,EXP3_2026-01-02_2026-03-20_6,2026-01-02 16:45:00,LOW,BUY,4361.88,4356.82,2026-01-02 12:00:00,17100.0,1,50.6,50.6,16,Friday,PERIOD_H4,EXP3_2026-01-02_2026-03-20,MINUS_1R_FIRST,60.0
EXP3_2026-01-02_2026-03-20_26,EXP3_2026-01-02_2026-03-20_9,2026-01-05 01:00:00,HIGH,SELL,4333.16,4350.7,2026-01-02 20:00:00,190800.0,1,175.4,175.4,1,Monday,PERIOD_H4,EXP3_2026-01-02_2026-03-20,MINUS_1R_FIRST,60.0
EXP3_2026-01-02_2026-03-20_36,EXP3_2026-01-02_2026-03-20_13,2026-01-05 08:15:00,HIGH,SELL,4414.24,4418.19,2026-01-05 04:00:00,15300.0,1,39.5,39.5,8,Monday,PERIOD_H4,EXP3_2026-01-02_2026-03-20,MINUS_1R_FIRST,600.0
EXP3_2026-01-02_2026-03-20_44,EXP3_2026-01-02_2026-03-20_16,2026-01-05 17:15:00,HIGH,SELL,4439.81,4449.12,2026-01-05 12:00:00,18900.0,1,93.1,93.1,17,Monday,PERIOD_H4,EXP3_2026-01-02_2026-03-20,MINUS_1R_FIRST,420.0
EXP3_2026-01-02_2026-03-20_54,EXP3_2026-01-02_2026-03-20_20,2026-01-06 05:45:00,HIGH,SELL,4459.95,4465.89,2026-01-06 00:00:00,20700.0,1,59.4,59.4,5,Tuesday,PERIOD_H4,EXP3_2026-01-02_2026-03-20,MINUS_1R_FIRST,1620.0
EXP3_2026-01-02_2026-03-20_68,EXP3_2026-01-02_2026-03-20_26,2026-01-06 16:45:00,HIGH,SELL,4470.22,4479.41,2026-01-06 12:00:00,17100.0,1,91.9,91.9,16,Tuesday,PERIOD_H4,EXP3_2026-01-02_2026-03-20,MINUS_1R_FIRST,60.0
EXP3_2026-01-02_2026-03-20_74,EXP3_2026-01-02_2026-03-20_28,2026-01-06 23:45:00,HIGH,SELL,4491.41,4496.11,2026-01-06 16:00:00,27900.0,1,47.0,47.0,23,Tuesday,PERIOD_H4,EXP3_2026-01-02_2026-03-20,MINUS_1R_FIRST,4740.0
EXP3_2026-01-02_2026-03-20_80,EXP3_2026-01-02_2026-03-20_31,2026-01-07 03:15:00,LOW,BUY,4477.13,4471.38,2026-01-06 20:00:00,26100.0,1,57.5,57.5,3,Wednesday,PERIOD_H4,EXP3_2026-01-02_2026-03-20,PLUS_1R_FIRST,60.0
EXP3_2026-01-02_2026-03-20_86,EXP3_2026-01-02_2026-03-20_33,2026-01-07 07:45:00,LOW,BUY,4460.98,4452.7,2026-01-07 00:00:00,27900.0,1,82.8,82.8,7,Wednesday,PERIOD_H4,EXP3_2026-01-02_2026-03-20,MINUS_1R_FIRST,60.0
EXP3_2026-01-02_2026-03-20_96,EXP3_2026-01-02_2026-03-20_37,2026-01-07 15:15:00,LOW,BUY,4441.3,4433.85,2026-01-07 08:00:00,26100.0,1,74.5,74.5,15,Wednesday,PERIOD_H4,EXP3_2026-01-02_2026-03-20,PLUS_1R_FIRST,60.0
EXP3_2026-01-02_2026-03-20_115,EXP3_2026-01-02_2026-03-20_45,2026-01-08 06:30:00,LOW,BUY,4441.65,4436.89,2026-01-08 00:00:00,23400.0,1,47.6,47.6,6,Thursday,PERIOD_H4,EXP3_2026-01-02_2026-03-20,MINUS_1R_FIRST,360.0
EXP3_2026-01-02_2026-03-20_128,EXP3_2026-01-02_2026-03-20_49,2026-01-08 17:15:00,HIGH,SELL,4435.86,4447.69,2026-01-08 12:00:00,18900.0,1,118.3,118.3,17,Thursday,PERIOD_H4,EXP3_2026-01-02_2026-03-20,MINUS_1R_FIRST,60.0
EXP3_2026-01-02_2026-03-20_134,EXP3_2026-01-02_2026-03-20_51,2026-01-08 22:30:00,HIGH,SELL,4465.37,4469.8,2026-01-08 16:00:00,23400.0,1,44.3,44.3,22,Thursday,PERIOD_H4,EXP3_2026-01-02_2026-03-20,MINUS_1R_FIRST,60.0
EXP3_2026-01-02_2026-03-20_153,EXP3_2026-01-02_2026-03-20_59,2026-01-09 15:45:00,HIGH,SELL,4477.38,4486.69,2026-01-09 08:00:00,27900.0,1,93.1,93.1,15,Friday,PERIOD_H4,EXP3_2026-01-02_2026-03-20,PLUS_1R_FIRST,120.0
EXP3_2026-01-02_2026-03-20_159,EXP3_2026-01-02_2026-03-20_61,2026-01-09 17:15:00,HIGH,SELL,4491.67,4496.41,2026-01-09 12:00:00,18900.0,1,47.4,47.4,17,Friday,PERIOD_H4,EXP3_2026-01-02_2026-03-20,PLUS_1R_FIRST,60.0
EXP3_2026-01-02_2026-03-20_167,EXP3_2026-01-02_2026-03-20_65,2026-01-12 01:15:00,HIGH,SELL,4511.28,4529.82,2026-01-09 20:00:00,191700.0,1,185.4,185.4,1,Monday,PERIOD_H4,EXP3_2026-01-02_2026-03-20,MINUS_1R_FIRST,240.0
EXP3_2026-01-02_2026-03-20_175,EXP3_2026-01-02_2026-03-20_67,2026-01-12 11:00:00,HIGH,SELL,4584.82,4596.62,2026-01-12 04:00:00,25200.0,1,118.0,118.0,11,Monday,PERIOD_H4,EXP3_2026-01-02_2026-03-20,PLUS_1R_FIRST,60.0
EXP3_2026-01-02_2026-03-20_181,EXP3_2026-01-02_2026-03-20_69,2026-01-12 15:15:00,HIGH,SELL,4599.21,4606.54,2026-01-12 08:00:00,26100.0,1,73.3,73.3,15,Monday,PERIOD_H4,EXP3_2026-01-02_2026-03-20,MINUS_1R_FIRST,60.0
EXP3_2026-01-02_2026-03-20_187,EXP3_2026-01-02_2026-03-20_71,2026-01-12 18:15:00,HIGH,SELL,4620.14,4628.96,2026-01-12 12:00:00,22500.0,1,88.2,88.2,18,Monday,PERIOD_H4,EXP3_2026-01-02_2026-03-20,PLUS_1R_FIRST,480.0
EXP3_2026-01-02_2026-03-20_197,EXP3_2026-01-02_2026-03-20_76,2026-01-13 01:15:00,LOW,BUY,4589.19,4578.9,2026-01-12 20:00:00,18900.0,1,102.9,102.9,1,Tuesday,PERIOD_H4,EXP3_2026-01-02_2026-03-20,PLUS_1R_FIRST,60.0
EXP3_2026-01-02_2026-03-20_209,EXP3_2026-01-02_2026-03-20_80,2026-01-13 15:15:00,HIGH,SELL,4597.11,4602.58,2026-01-13 08:00:00,26100.0,1,54.7,54.7,15,Tuesday,PERIOD_H4,EXP3_2026-01-02_2026-03-20,MINUS_1R_FIRST,60.0
EXP3_2026-01-02_2026-03-20_215,EXP3_2026-01-02_2026-03-20_82,2026-01-13 16:45:00,HIGH,SELL,4620.72,4625.62,2026-01-13 12:00:00,17100.0,1,49.0,49.0,16,Tuesday,PERIOD_H4,EXP3_2026-01-02_2026-03-20,MINUS_1R_FIRST,60.0
EXP3_2026-01-02_2026-03-20_226,EXP3_2026-01-02_2026-03-20_86,2026-01-14 02:30:00,HIGH,SELL,4601.79,4609.56,2026-01-13 20:00:00,23400.0,1,77.7,77.7,2,Wednesday,PERIOD_H4,EXP3_2026-01-02_2026-03-20,PLUS_1R_FIRST,300.0
EXP3_2026-01-02_2026-03-20_238,EXP3_2026-01-02_2026-03-20_92,2026-01-14 16:45:00,LOW,BUY,4624.27,4618.97,2026-01-14 12:00:00,17100.0,1,53.0,53.0,16,Wednesday,PERIOD_H4,EXP3_2026-01-02_2026-03-20,MINUS_1R_FIRST,60.0
EXP3_2026-01-02_2026-03-20_257,EXP3_2026-01-02_2026-03-20_98,2026-01-15 13:00:00,HIGH,SELL,4614.5,4619.77,2026-01-15 04:00:00,32400.0,1,52.7,52.7,13,Thursday,PERIOD_H4,EXP3_2026-01-02_2026-03-20,MINUS_1R_FIRST,2100.0
EXP3_2026-01-02_2026-03-20_282,EXP3_2026-01-02_2026-03-20_111,2026-01-16 15:30:00,LOW,BUY,4594.02,4587.51,2026-01-16 08:00:00,27000.0,1,65.1,65.1,15,Friday,PERIOD_H4,EXP3_2026-01-02_2026-03-20,PLUS_1R_FIRST,60.0
EXP3_2026-01-02_2026-03-20_288,EXP3_2026-01-02_2026-03-20_113,2026-01-16 17:30:00,LOW,BUY,4582.25,4565.08,2026-01-16 12:00:00,19800.0,1,171.7,171.7,17,Friday,PERIOD_H4,EXP3_2026-01-02_2026-03-20,AMBIGUOUS_SAME_BAR,60.0
EXP3_2026-01-02_2026-03-20_296,EXP3_2026-01-02_2026-03-20_116,2026-01-19 01:00:00,HIGH,SELL,4598.2,4628.59,2026-01-16 20:00:00,190800.0,1,303.9,303.9,1,Monday,PERIOD_H4,EXP3_2026-01-02_2026-03-20,MINUS_1R_FIRST,60.0
EXP3_2026-01-02_2026-03-20_325,EXP3_2026-01-02_2026-03-20_127,2026-01-20 06:15:00,HIGH,SELL,4676.78,4680.29,2026-01-20 00:00:00,22500.0,1,35.1,35.1,6,Tuesday,PERIOD_H4,EXP3_2026-01-02_2026-03-20,MINUS_1R_FIRST,180.0
EXP3_2026-01-02_2026-03-20_331,EXP3_2026-01-02_2026-03-20_129,2026-01-20 10:15:00,HIGH,SELL,4716.52,4724.33,2026-01-20 04:00:00,22500.0,1,78.1,78.1,10,Tuesday,PERIOD_H4,EXP3_2026-01-02_2026-03-20,PLUS_1R_FIRST,240.0
EXP3_2026-01-02_2026-03-20_339,EXP3_2026-01-02_2026-03-20_131,2026-01-20 16:15:00,HIGH,SELL,4737.28,4740.8,2026-01-20 08:00:00,29700.0,1,35.2,35.2,16,Tuesday,PERIOD_H4,EXP3_2026-01-02_2026-03-20,MINUS_1R_FIRST,120.0
EXP3_2026-01-02_2026-03-20_350,EXP3_2026-01-02_2026-03-20_136,2026-01-21 01:45:00,HIGH,SELL,4766.28,4773.77,2026-01-20 20:00:00,20700.0,1,74.9,74.9,1,Wednesday,PERIOD_H4,EXP3_2026-01-02_2026-03-20,MINUS_1R_FIRST,60.0
EXP3_2026-01-02_2026-03-20_356,EXP3_2026-01-02_2026-03-20_138,2026-01-21 06:30:00,HIGH,SELL,4844.17,4849.59,2026-01-21 00:00:00,23400.0,1,54.2,54.2,6,Wednesday,PERIOD_H4,EXP3_2026-01-02_2026-03-20,MINUS_1R_FIRST,60.0
EXP3_2026-01-02_2026-03-20_362,EXP3_2026-01-02_2026-03-20_140,2026-01-21 08:30:00,HIGH,SELL,4878.11,4883.66,2026-01-21 04:00:00,16200.0,1,55.5,55.5,8,Wednesday,PERIOD_H4,EXP3_2026-01-02_2026-03-20,MINUS_1R_FIRST,60.0
EXP3_2026-01-02_2026-03-20_370,EXP3_2026-01-02_2026-03-20_144,2026-01-21 16:15:00,LOW,BUY,4855.09,4844.97,2026-01-21 12:00:00,15300.0,1,101.2,101.2,16,Wednesday,PERIOD_H4,EXP3_2026-01-02_2026-03-20,PLUS_1R_FIRST,60.0
EXP3_2026-01-02_2026-03-20_376,EXP3_2026-01-02_2026-03-20_146,2026-01-21 21:45:00,LOW,BUY,4802.4,4766.19,2026-01-21 16:00:00,20700.0,1,362.1,362.1,21,Wednesday,PERIOD_H4,EXP3_2026-01-02_2026-03-20,AMBIGUOUS_SAME_BAR,60.0
EXP3_2026-01-02_2026-03-20_394,EXP3_2026-01-02_2026-03-20_153,2026-01-22 16:45:00,HIGH,SELL,4836.12,4845.58,2026-01-22 12:00:00,17100.0,1,94.6,94.6,16,Thursday,PERIOD_H4,EXP3_2026-01-02_2026-03-20,PLUS_1R_FIRST,60.0
EXP3_2026-01-02_2026-03-20_400,EXP3_2026-01-02_2026-03-20_155,2026-01-22 20:30:00,HIGH,SELL,4906.09,4910.1,2026-01-22 16:00:00,16200.0,1,40.1,40.1,20,Thursday,PERIOD_H4,EXP3_2026-01-02_2026-03-20,PLUS_1R_FIRST,60.0
EXP3_2026-01-02_2026-03-20_406,EXP3_2026-01-02_2026-03-20_157,2026-01-23 02:00:00,HIGH,SELL,4940.51,4958.98,2026-01-22 20:00:00,21600.0,1,184.7,184.7,2,Friday,PERIOD_H4,EXP3_2026-01-02_2026-03-20,MINUS_1R_FIRST,120.0
EXP3_2026-01-02_2026-03-20_416,EXP3_2026-01-02_2026-03-20_162,2026-01-23 10:30:00,LOW,BUY,4938.08,4913.74,2026-01-23 04:00:00,23400.0,1,243.4,243.4,10,Friday,PERIOD_H4,EXP3_2026-01-02_2026-03-20,MINUS_1R_FIRST,60.0
EXP3_2026-01-02_2026-03-20_426,EXP3_2026-01-02_2026-03-20_165,2026-01-23 17:15:00,HIGH,SELL,4947.85,4952.56,2026-01-23 12:00:00,18900.0,1,47.1,47.1,17,Friday,PERIOD_H4,EXP3_2026-01-02_2026-03-20,PLUS_1R_FIRST,60.0
EXP3_2026-01-02_2026-03-20_436,EXP3_2026-01-02_2026-03-20_169,2026-01-26 01:00:00,HIGH,SELL,4989.78,5009.67,2026-01-23 20:00:00,190800.0,1,198.9,198.9,1,Monday,PERIOD_H4,EXP3_2026-01-02_2026-03-20,AMBIGUOUS_SAME_BAR,60.0
EXP3_2026-01-02_2026-03-20_447,EXP3_2026-01-02_2026-03-20_173,2026-01-26 10:30:00,HIGH,SELL,5092.85,5096.43,2026-01-26 04:00:00,23400.0,1,35.8,35.8,10,Monday,PERIOD_H4,EXP3_2026-01-02_2026-03-20,PLUS_1R_FIRST,660.0
EXP3_2026-01-02_2026-03-20_457,EXP3_2026-01-02_2026-03-20_177,2026-01-26 18:15:00,HIGH,SELL,5096.83,5101.41,2026-01-26 12:00:00,22500.0,1,45.8,45.8,18,Monday,PERIOD_H4,EXP3_2026-01-02_2026-03-20,MINUS_1R_FIRST,60.0
EXP3_2026-01-02_2026-03-20_463,EXP3_2026-01-02_2026-03-20_180,2026-01-26 21:30:00,LOW,BUY,5058.35,5027.86,2026-01-26 16:00:00,19800.0,1,304.9,304.9,21,Monday,PERIOD_H4,EXP3_2026-01-02_2026-03-20,PLUS_1R_FIRST,60.0
EXP3_2026-01-02_2026-03-20_476,EXP3_2026-01-02_2026-03-20_184,2026-01-27 09:45:00,HIGH,SELL,5085.24,5092.78,2026-01-27 04:00:00,20700.0,1,75.4,75.4,9,Tuesday,PERIOD_H4,EXP3_2026-01-02_2026-03-20,PLUS_1R_FIRST,360.0
EXP3_2026-01-02_2026-03-20_484,EXP3_2026-01-02_2026-03-20_188,2026-01-27 16:15:00,LOW,BUY,5066.92,5060.52,2026-01-27 12:00:00,15300.0,1,64.0,64.0,16,Tuesday,PERIOD_H4,EXP3_2026-01-02_2026-03-20,MINUS_1R_FIRST,60.0
EXP3_2026-01-02_2026-03-20_490,EXP3_2026-01-02_2026-03-20_189,2026-01-27 22:15:00,HIGH,SELL,5103.07,5141.25,2026-01-27 16:00:00,22500.0,1,381.8,381.8,22,Tuesday,PERIOD_H4,EXP3_2026-01-02_2026-03-20,PLUS_1R_FIRST,60.0
EXP3_2026-01-02_2026-03-20_496,EXP3_2026-01-02_2026-03-20_191,2026-01-28 03:45:00,HIGH,SELL,5190.36,5215.45,2026-01-27 20:00:00,27900.0,1,250.9,250.9,3,Wednesday,PERIOD_H4,EXP3_2026-01-02_2026-03-20,MINUS_1R_FIRST,60.0
EXP3_2026-01-02_2026-03-20_502,EXP3_2026-01-02_2026-03-20_193,2026-01-28 05:00:00,HIGH,SELL,5224.96,5231.66,2026-01-28 00:00:00,18000.0,1,67.0,67.0,5,Wednesday,PERIOD_H4,EXP3_2026-01-02_2026-03-20,MINUS_1R_FIRST,60.0
EXP3_2026-01-02_2026-03-20_508,EXP3_2026-01-02_2026-03-20_195,2026-01-28 09:00:00,HIGH,SELL,5266.11,5269.77,2026-01-28 04:00:00,18000.0,1,36.6,36.6,9,Wednesday,PERIOD_H4,EXP3_2026-01-02_2026-03-20,PLUS_1R_FIRST,60.0
EXP3_2026-01-02_2026-03-20_518,EXP3_2026-01-02_2026-03-20_199,2026-01-28 19:00:00,HIGH,SELL,5289.39,5299.47,2026-01-28 12:00:00,25200.0,1,100.8,100.8,19,Wednesday,PERIOD_H4,EXP3_2026-01-02_2026-03-20,MINUS_1R_FIRST,60.0
EXP3_2026-01-02_2026-03-20_524,EXP3_2026-01-02_2026-03-20_201,2026-01-28 21:45:00,HIGH,SELL,5306.83,5310.61,2026-01-28 16:00:00,20700.0,1,37.8,37.8,21,Wednesday,PERIOD_H4,EXP3_2026-01-02_2026-03-20,PLUS_1R_FIRST,60.0
EXP3_2026-01-02_2026-03-20_534,EXP3_2026-01-02_2026-03-20_205,2026-01-29 08:15:00,HIGH,SELL,5564.35,5583.92,2026-01-29 04:00:00,15300.0,1,195.7,195.7,8,Thursday,PERIOD_H4,EXP3_2026-01-02_2026-03-20,PLUS_1R_FIRST,60.0
EXP3_2026-01-02_2026-03-20_537,EXP3_2026-01-02_2026-03-20_206,2026-01-29 10:45:00,LOW,BUY,5504.05,5483.39,2026-01-29 04:00:00,24300.0,1,206.6,206.6,10,Thursday,PERIOD_H4,EXP3_2026-01-02_2026-03-20,AMBIGUOUS_SAME_BAR,60.0
EXP3_2026-01-02_2026-03-20_547,EXP3_2026-01-02_2026-03-20_210,2026-01-29 17:15:00,LOW,BUY,5470.75,5384.59,2026-01-29 12:00:00,18900.0,1,861.6,861.6,17,Thursday,PERIOD_H4,EXP3_2026-01-02_2026-03-20,MINUS_1R_FIRST,60.0
EXP3_2026-01-02_2026-03-20_557,EXP3_2026-01-02_2026-03-20_213,2026-01-30 01:45:00,HIGH,SELL,5425.54,5438.44,2026-01-29 20:00:00,20700.0,1,129.0,129.0,1,Friday,PERIOD_H4,EXP3_2026-01-02_2026-03-20,MINUS_1R_FIRST,180.0
EXP3_2026-01-02_2026-03-20_563,EXP3_2026-01-02_2026-03-20_216,2026-01-30 04:15:00,LOW,BUY,5290.34,5211.96,2026-01-30 00:00:00,15300.0,1,783.8,783.8,4,Friday,PERIOD_H4,EXP3_2026-01-02_2026-03-20,MINUS_1R_FIRST,60.0
EXP3_2026-01-02_2026-03-20_569,EXP3_2026-01-02_2026-03-20_218,2026-01-30 10:45:00,LOW,BUY,5112.07,5097.08,2026-01-30 04:00:00,24300.0,1,149.9,149.9,10,Friday,PERIOD_H4,EXP3_2026-01-02_2026-03-20,PLUS_1R_FIRST,60.0
EXP3_2026-01-02_2026-03-20_579,EXP3_2026-01-02_2026-03-20_222,2026-01-30 19:00:00,LOW,BUY,4992.04,4985.52,2026-01-30 12:00:00,25200.0,1,65.2,65.2,19,Friday,PERIOD_H4,EXP3_2026-01-02_2026-03-20,MINUS_1R_FIRST,60.0
EXP3_2026-01-02_2026-03-20_585,EXP3_2026-01-02_2026-03-20_224,2026-01-30 20:30:00,LOW,BUY,4800.78,4741.38,2026-01-30 16:00:00,16200.0,1,594.0,594.0,20,Friday,PERIOD_H4,EXP3_2026-01-02_2026-03-20,AMBIGUOUS_SAME_BAR,60.0
EXP3_2026-01-02_2026-03-20_591,EXP3_2026-01-02_2026-03-20_226,2026-02-02 03:15:00,LOW,BUY,4684.92,4643.68,2026-01-30 20:00:00,198900.0,1,412.4,412.4,3,Monday,PERIOD_H4,EXP3_2026-01-02_2026-03-20,PLUS_1R_FIRST,60.0
EXP3_2026-01-02_2026-03-20_597,EXP3_2026-01-02_2026-03-20_228,2026-02-02 07:45:00,LOW,BUY,4583.67,4576.5,2026-02-02 00:00:00,27900.0,1,71.7,71.7,7,Monday,PERIOD_H4,EXP3_2026-01-02_2026-03-20,MINUS_1R_FIRST,60.0
EXP3_2026-01-02_2026-03-20_603,EXP3_2026-01-02_2026-03-20_230,2026-02-02 08:30:00,LOW,BUY,4499.06,4486.71,2026-02-02 04:00:00,16200.0,1,123.5,123.5,8,Monday,PERIOD_H4,EXP3_2026-01-02_2026-03-20,AMBIGUOUS_SAME_BAR,60.0
EXP3_2026-01-02_2026-03-20_609,EXP3_2026-01-02_2026-03-20_231,2026-02-02 13:15:00,HIGH,SELL,4731.63,4749.03,2026-02-02 08:00:00,18900.0,1,174.0,174.0,13,Monday,PERIOD_H4,EXP3_2026-01-02_2026-03-20,PLUS_1R_FIRST,60.0
EXP3_2026-01-02_2026-03-20_615,EXP3_2026-01-02_2026-03-20_234,2026-02-02 18:00:00,LOW,BUY,4657.2,4620.47,2026-02-02 12:00:00,21600.0,1,367.3,367.3,18,Monday,PERIOD_H4,EXP3_2026-01-02_2026-03-20,MINUS_1R_FIRST,60.0
EXP3_2026-01-02_2026-03-20_625,EXP3_2026-01-02_2026-03-20_237,2026-02-03 01:15:00,HIGH,SELL,4712.57,4718.11,2026-02-02 20:00:00,18900.0,1,55.4,55.4,1,Tuesday,PERIOD_H4,EXP3_2026-01-02_2026-03-20,MINUS_1R_FIRST,60.0
EXP3_2026-01-02_2026-03-20_633,EXP3_2026-01-02_2026-03-20_239,2026-02-03 08:30:00,HIGH,SELL,4855.93,4871.53,2026-02-03 00:00:00,30600.0,1,156.0,156.0,8,Tuesday,PERIOD_H4,EXP3_2026-01-02_2026-03-20,MINUS_1R_FIRST,60.0
EXP3_2026-01-02_2026-03-20_643,EXP3_2026-01-02_2026-03-20_244,2026-02-03 18:30:00,HIGH,SELL,4950.83,4973.02,2026-02-03 12:00:00,23400.0,1,221.9,221.9,18,Tuesday,PERIOD_H4,EXP3_2026-01-02_2026-03-20,PLUS_1R_FIRST,60.0
EXP3_2026-01-02_2026-03-20_653,EXP3_2026-01-02_2026-03-20_248,2026-02-04 02:15:00,HIGH,SELL,4963.99,4987.1,2026-02-03 20:00:00,22500.0,1,231.1,231.1,2,Wednesday,PERIOD_H4,EXP3_2026-01-02_2026-03-20,AMBIGUOUS_SAME_BAR,60.0
EXP3_2026-01-02_2026-03-20_659,EXP3_2026-01-02_2026-03-20_250,2026-02-04 04:15:00,HIGH,SELL,5053.4,5059.96,2026-02-04 00:00:00,15300.0,1,65.6,65.6,4,Wednesday,PERIOD_H4,EXP3_2026-01-02_2026-03-20,PLUS_1R_FIRST,60.0
EXP3_2026-01-02_2026-03-20_669,EXP3_2026-01-02_2026-03-20_255,2026-02-04 13:30:00,LOW,BUY,5042.98,5024.1,2026-02-04 08:00:00,19800.0,1,188.8,188.8,13,Wednesday,PERIOD_H4,EXP3_2026-01-02_2026-03-20,PLUS_1R_FIRST,60.0
EXP3_2026-01-02_2026-03-20_675,EXP3_2026-01-02_2026-03-20_257,2026-02-04 16:45:00,LOW,BUY,5013.28,4996.31,2026-02-04 12:00:00,17100.0,1,169.7,169.7,16,Wednesday,PERIOD_H4,EXP3_2026-01-02_2026-03-20,MINUS_1R_FIRST,60.0
EXP3_2026-01-02_2026-03-20_685,EXP3_2026-01-02_2026-03-20_260,2026-02-05 01:00:00,HIGH,SELL,4970.72,4977.44,2026-02-04 20:00:00,18000.0,1,67.2,67.2,1,Thursday,PERIOD_H4,EXP3_2026-01-02_2026-03-20,AMBIGUOUS_SAME_BAR,60.0
EXP3_2026-01-02_2026-03-20_691,EXP3_2026-01-02_2026-03-20_263,2026-02-05 04:15:00,LOW,BUY,4935.79,4915.67,2026-02-05 00:00:00,15300.0,1,201.2,201.2,4,Thursday,PERIOD_H4,EXP3_2026-01-02_2026-03-20,MINUS_1R_FIRST,60.0
EXP3_2026-01-02_2026-03-20_701,EXP3_2026-01-02_2026-03-20_267,2026-02-05 14:15:00,LOW,BUY,4849.62,4840.19,2026-02-05 08:00:00,22500.0,1,94.3,94.3,14,Thursday,PERIOD_H4,EXP3_2026-01-02_2026-03-20,AMBIGUOUS_SAME_BAR,60.0
EXP3_2026-01-02_2026-03-20_711,EXP3_2026-01-02_2026-03-20_271,2026-02-05 23:45:00,LOW,BUY,4800.45,4764.28,2026-02-05 16:00:00,27900.0,1,361.7,361.7,23,Thursday,PERIOD_H4,EXP3_2026-01-02_2026-03-20,PLUS_1R_FIRST,60.0
EXP3_2026-01-02_2026-03-20_717,EXP3_2026-01-02_2026-03-20_273,2026-02-06 01:30:00,LOW,BUY,4760.05,4752.14,2026-02-05 20:00:00,19800.0,1,79.1,79.1,1,Friday,PERIOD_H4,EXP3_2026-01-02_2026-03-20,MINUS_1R_FIRST,60.0
EXP3_2026-01-02_2026-03-20_723,EXP3_2026-01-02_2026-03-20_274,2026-02-06 04:30:00,HIGH,SELL,4796.0,4820.47,2026-02-06 00:00:00,16200.0,1,244.7,244.7,4,Friday,PERIOD_H4,EXP3_2026-01-02_2026-03-20,MINUS_1R_FIRST,60.0
EXP3_2026-01-02_2026-03-20_731,EXP3_2026-01-02_2026-03-20_277,2026-02-06 15:15:00,HIGH,SELL,4903.13,4909.35,2026-02-06 08:00:00,26100.0,1,62.2,62.2,15,Friday,PERIOD_H4,EXP3_2026-01-02_2026-03-20,MINUS_1R_FIRST,60.0
EXP3_2026-01-02_2026-03-20_737,EXP3_2026-01-02_2026-03-20_279,2026-02-06 17:00:00,HIGH,SELL,4938.11,4947.24,2026-02-06 12:00:00,18000.0,1,91.3,91.3,17,Friday,PERIOD_H4,EXP3_2026-01-02_2026-03-20,AMBIGUOUS_SAME_BAR,60.0
EXP3_2026-01-02_2026-03-20_747,EXP3_2026-01-02_2026-03-20_283,2026-02-09 01:00:00,HIGH,SELL,4971.09,4981.28,2026-02-06 20:00:00,190800.0,1,101.9,101.9,1,Monday,PERIOD_H4,EXP3_2026-01-02_2026-03-20,AMBIGUOUS_SAME_BAR,60.0
EXP3_2026-01-02_2026-03-20_761,EXP3_2026-01-02_2026-03-20_290,2026-02-09 12:30:00,LOW,BUY,4997.01,4991.37,2026-02-09 08:00:00,16200.0,1,56.4,56.4,12,Monday,PERIOD_H4,EXP3_2026-01-02_2026-03-20,MINUS_1R_FIRST,60.0
EXP3_2026-01-02_2026-03-20_767,EXP3_2026-01-02_2026-03-20_291,2026-02-09 16:45:00,HIGH,SELL,5024.52,5036.38,2026-02-09 12:00:00,17100.0,1,118.6,118.6,16,Monday,PERIOD_H4,EXP3_2026-01-02_2026-03-20,AMBIGUOUS_SAME_BAR,60.0
EXP3_2026-01-02_2026-03-20_777,EXP3_2026-01-02_2026-03-20_296,2026-02-10 01:15:00,LOW,BUY,5044.21,5013.43,2026-02-09 20:00:00,18900.0,1,307.8,307.8,1,Tuesday,PERIOD_H4,EXP3_2026-01-02_2026-03-20,PLUS_1R_FIRST,60.0
EXP3_2026-01-02_2026-03-20_795,EXP3_2026-01-02_2026-03-20_303,2026-02-10 16:30:00,HIGH,SELL,5058.41,5070.17,2026-02-10 12:00:00,16200.0,1,117.6,117.6,16,Tuesday,PERIOD_H4,EXP3_2026-01-02_2026-03-20,MINUS_1R_FIRST,60.0
EXP3_2026-01-02_2026-03-20_798,EXP3_2026-01-02_2026-03-20_304,2026-02-10 17:45:00,LOW,BUY,5019.68,5014.43,2026-02-10 12:00:00,20700.0,1,52.5,52.5,17,Tuesday,PERIOD_H4,EXP3_2026-01-02_2026-03-20,PLUS_1R_FIRST,60.0
EXP3_2026-01-02_2026-03-20_810,EXP3_2026-01-02_2026-03-20_309,2026-02-11 05:45:00,HIGH,SELL,5054.6,5058.33,2026-02-11 00:00:00,20700.0,1,37.3,37.3,5,Wednesday,PERIOD_H4,EXP3_2026-01-02_2026-03-20,PLUS_1R_FIRST,420.0
EXP3_2026-01-02_2026-03-20_821,EXP3_2026-01-02_2026-03-20_312,2026-02-11 12:45:00,HIGH,SELL,5071.85,5099.53,2026-02-11 08:00:00,17100.0,1,276.8,276.8,12,Wednesday,PERIOD_H4,EXP3_2026-01-02_2026-03-20,PLUS_1R_FIRST,60.0
EXP3_2026-01-02_2026-03-20_835,EXP3_2026-01-02_2026-03-20_319,2026-02-12 02:00:00,LOW,BUY,5066.62,5061.35,2026-02-11 20:00:00,21600.0,1,52.7,52.7,2,Thursday,PERIOD_H4,EXP3_2026-01-02_2026-03-20,MINUS_1R_FIRST,60.0
EXP3_2026-01-02_2026-03-20_853,EXP3_2026-01-02_2026-03-20_327,2026-02-12 17:00:00,LOW,BUY,5048.63,5044.45,2026-02-12 12:00:00,18000.0,1,41.8,41.8,17,Thursday,PERIOD_H4,EXP3_2026-01-02_2026-03-20,AMBIGUOUS_SAME_BAR,60.0
EXP3_2026-01-02_2026-03-20_863,EXP3_2026-01-02_2026-03-20_330,2026-02-13 03:15:00,HIGH,SELL,4957.9,4965.12,2026-02-12 20:00:00,26100.0,1,72.2,72.2,3,Friday,PERIOD_H4,EXP3_2026-01-02_2026-03-20,AMBIGUOUS_SAME_BAR,60.0
EXP3_2026-01-02_2026-03-20_877,EXP3_2026-01-02_2026-03-20_336,2026-02-13 17:15:00,HIGH,SELL,4999.45,5003.12,2026-02-13 12:00:00,18900.0,1,36.7,36.7,17,Friday,PERIOD_H4,EXP3_2026-01-02_2026-03-20,PLUS_1R_FIRST,60.0
EXP3_2026-01-02_2026-03-20_883,EXP3_2026-01-02_2026-03-20_338,2026-02-13 21:15:00,HIGH,SELL,5033.74,5039.27,2026-02-13 16:00:00,18900.0,1,55.3,55.3,21,Friday,PERIOD_H4,EXP3_2026-01-02_2026-03-20,PLUS_1R_FIRST,120.0
EXP3_2026-01-02_2026-03-20_894,EXP3_2026-01-02_2026-03-20_343,2026-02-16 05:00:00,LOW,BUY,4999.95,4994.92,2026-02-16 00:00:00,18000.0,1,50.3,50.3,5,Monday,PERIOD_H4,EXP3_2026-01-02_2026-03-20,MINUS_1R_FIRST,60.0
EXP3_2026-01-02_2026-03-20_908,EXP3_2026-01-02_2026-03-20_349,2026-02-16 17:15:00,LOW,BUY,4989.54,4976.73,2026-02-16 12:00:00,18900.0,1,128.1,128.1,17,Monday,PERIOD_H4,EXP3_2026-01-02_2026-03-20,PLUS_1R_FIRST,420.0
EXP3_2026-01-02_2026-03-20_918,EXP3_2026-01-02_2026-03-20_353,2026-02-17 02:15:00,LOW,BUY,4988.59,4979.72,2026-02-16 20:00:00,22500.0,1,88.7,88.7,2,Tuesday,PERIOD_H4,EXP3_2026-01-02_2026-03-20,MINUS_1R_FIRST,300.0
EXP3_2026-01-02_2026-03-20_924,EXP3_2026-01-02_2026-03-20_355,2026-02-17 07:30:00,LOW,BUY,4922.82,4901.03,2026-02-17 00:00:00,27000.0,1,217.9,217.9,7,Tuesday,PERIOD_H4,EXP3_2026-01-02_2026-03-20,MINUS_1R_FIRST,60.0
EXP3_2026-01-02_2026-03-20_934,EXP3_2026-01-02_2026-03-20_358,2026-02-17 12:15:00,HIGH,SELL,4932.45,4936.26,2026-02-17 08:00:00,15300.0,1,38.1,38.1,12,Tuesday,PERIOD_H4,EXP3_2026-01-02_2026-03-20,PLUS_1R_FIRST,60.0
EXP3_2026-01-02_2026-03-20_938,EXP3_2026-01-02_2026-03-20_359,2026-02-17 16:00:00,LOW,BUY,4886.39,4870.84,2026-02-17 08:00:00,28800.0,1,155.5,155.5,16,Tuesday,PERIOD_H4,EXP3_2026-01-02_2026-03-20,MINUS_1R_FIRST,60.0
EXP3_2026-01-02_2026-03-20_953,EXP3_2026-01-02_2026-03-20_365,2026-02-18 04:15:00,HIGH,SELL,4892.9,4898.43,2026-02-18 00:00:00,15300.0,1,55.3,55.3,4,Wednesday,PERIOD_H4,EXP3_2026-01-02_2026-03-20,PLUS_1R_FIRST,300.0
EXP3_2026-01-02_2026-03-20_964,EXP3_2026-01-02_2026-03-20_369,2026-02-18 15:15:00,HIGH,SELL,4942.09,4957.62,2026-02-18 08:00:00,26100.0,1,155.3,155.3,15,Wednesday,PERIOD_H4,EXP3_2026-01-02_2026-03-20,PLUS_1R_FIRST,300.0
EXP3_2026-01-02_2026-03-20_970,EXP3_2026-01-02_2026-03-20_371,2026-02-18 16:45:00,HIGH,SELL,4969.03,4981.64,2026-02-18 12:00:00,17100.0,1,126.1,126.1,16,Wednesday,PERIOD_H4,EXP3_2026-01-02_2026-03-20,MINUS_1R_FIRST,60.0
EXP3_2026-01-02_2026-03-20_980,EXP3_2026-01-02_2026-03-20_376,2026-02-19 02:15:00,LOW,BUY,4972.83,4968.21,2026-02-18 20:00:00,22500.0,1,46.2,46.2,2,Thursday,PERIOD_H4,EXP3_2026-01-02_2026-03-20,PLUS_1R_FIRST,180.0
EXP3_2026-01-02_2026-03-20_986,EXP3_2026-01-02_2026-03-20_377,2026-02-19 07:45:00,HIGH,SELL,4988.67,4995.87,2026-02-19 00:00:00,27900.0,1,72.0,72.0,7,Thursday,PERIOD_H4,EXP3_2026-01-02_2026-03-20,MINUS_1R_FIRST,180.0
EXP3_2026-01-02_2026-03-20_992,EXP3_2026-01-02_2026-03-20_379,2026-02-19 08:45:00,HIGH,SELL,4998.46,5009.06,2026-02-19 04:00:00,17100.0,1,106.0,106.0,8,Thursday,PERIOD_H4,EXP3_2026-01-02_2026-03-20,MINUS_1R_FIRST,60.0
EXP3_2026-01-02_2026-03-20_998,EXP3_2026-01-02_2026-03-20_382,2026-02-19 12:30:00,LOW,BUY,4993.03,4987.08,2026-02-19 08:00:00,16200.0,1,59.5,59.5,12,Thursday,PERIOD_H4,EXP3_2026-01-02_2026-03-20,MINUS_1R_FIRST,60.0
EXP3_2026-01-02_2026-03-20_1011,EXP3_2026-01-02_2026-03-20_386,2026-02-20 03:15:00,HIGH,SELL,5004.01,5013.27,2026-02-19 20:00:00,26100.0,1,92.6,92.6,3,Friday,PERIOD_H4,EXP3_2026-01-02_2026-03-20,PLUS_1R_FIRST,60.0
EXP3_2026-01-02_2026-03-20_1019,EXP3_2026-01-02_2026-03-20_388,2026-02-20 08:30:00,HIGH,SELL,5014.63,5022.02,2026-02-20 00:00:00,30600.0,1,73.9,73.9,8,Friday,PERIOD_H4,EXP3_2026-01-02_2026-03-20,MINUS_1R_FIRST,60.0
EXP3_2026-01-02_2026-03-20_1029,EXP3_2026-01-02_2026-03-20_393,2026-02-20 16:45:00,HIGH,SELL,5048.78,5052.79,2026-02-20 12:00:00,17100.0,1,40.1,40.1,16,Friday,PERIOD_H4,EXP3_2026-01-02_2026-03-20,MINUS_1R_FIRST,60.0
EXP3_2026-01-02_2026-03-20_1035,EXP3_2026-01-02_2026-03-20_395,2026-02-20 22:30:00,HIGH,SELL,5076.19,5084.57,2026-02-20 16:00:00,23400.0,1,83.8,83.8,22,Friday,PERIOD_H4,EXP3_2026-01-02_2026-03-20,MINUS_1R_FIRST,60.0
EXP3_2026-01-02_2026-03-20_1041,EXP3_2026-01-02_2026-03-20_397,2026-02-23 01:15:00,HIGH,SELL,5107.3,5145.81,2026-02-20 20:00:00,191700.0,1,385.1,385.1,1,Monday,PERIOD_H4,EXP3_2026-01-02_2026-03-20,MINUS_1R_FIRST,60.0
EXP3_2026-01-02_2026-03-20_1052,EXP3_2026-01-02_2026-03-20_402,2026-02-23 09:00:00,LOW,BUY,5151.81,5146.37,2026-02-23 04:00:00,18000.0,1,54.4,54.4,9,Monday,PERIOD_H4,EXP3_2026-01-02_2026-03-20,PLUS_1R_FIRST,60.0
EXP3_2026-01-02_2026-03-20_1063,EXP3_2026-01-02_2026-03-20_405,2026-02-23 16:45:00,HIGH,SELL,5165.31,5190.69,2026-02-23 12:00:00,17100.0,1,253.8,253.8,16,Monday,PERIOD_H4,EXP3_2026-01-02_2026-03-20,MINUS_1R_FIRST,60.0
EXP3_2026-01-02_2026-03-20_1069,EXP3_2026-01-02_2026-03-20_407,2026-02-23 22:15:00,HIGH,SELL,5219.05,5223.01,2026-02-23 16:00:00,22500.0,1,39.6,39.6,22,Monday,PERIOD_H4,EXP3_2026-01-02_2026-03-20,MINUS_1R_FIRST,600.0
EXP3_2026-01-02_2026-03-20_1075,EXP3_2026-01-02_2026-03-20_409,2026-02-24 01:15:00,HIGH,SELL,5237.7,5244.35,2026-02-23 20:00:00,18900.0,1,66.5,66.5,1,Tuesday,PERIOD_H4,EXP3_2026-01-02_2026-03-20,MINUS_1R_FIRST,60.0
EXP3_2026-01-02_2026-03-20_1078,EXP3_2026-01-02_2026-03-20_410,2026-02-24 03:15:00,LOW,BUY,5200.9,5185.92,2026-02-23 20:00:00,26100.0,1,149.8,149.8,3,Tuesday,PERIOD_H4,EXP3_2026-01-02_2026-03-20,MINUS_1R_FIRST,60.0
EXP3_2026-01-02_2026-03-20_1091,EXP3_2026-01-02_2026-03-20_416,2026-02-24 15:00:00,LOW,BUY,5156.37,5151.01,2026-02-24 08:00:00,25200.0,1,53.6,53.6,15,Tuesday,PERIOD_H4,EXP3_2026-01-02_2026-03-20,PLUS_1R_FIRST,60.0
EXP3_2026-01-02_2026-03-20_1097,EXP3_2026-01-02_2026-03-20_418,2026-02-24 16:15:00,LOW,BUY,5110.96,5105.2,2026-02-24 12:00:00,15300.0,1,57.6,57.6,16,Tuesday,PERIOD_H4,EXP3_2026-01-02_2026-03-20,AMBIGUOUS_SAME_BAR,60.0
EXP3_2026-01-02_2026-03-20_1108,EXP3_2026-01-02_2026-03-20_420,2026-02-25 03:30:00,HIGH,SELL,5173.1,5185.26,2026-02-24 20:00:00,27000.0,1,121.6,121.6,3,Wednesday,PERIOD_H4,EXP3_2026-01-02_2026-03-20,PLUS_1R_FIRST,60.0
EXP3_2026-01-02_2026-03-20_1105,EXP3_2026-01-02_2026-03-20_421,2026-02-25 01:15:00,LOW,BUY,5140.12,5136.05,2026-02-24 20:00:00,18900.0,1,40.7,40.7,1,Wednesday,PERIOD_H4,EXP3_2026-01-02_2026-03-20,MINUS_1R_FIRST,120.0
EXP3_2026-01-02_2026-03-20_1113,EXP3_2026-01-02_2026-03-20_422,2026-02-25 07:30:00,HIGH,SELL,5189.81,5195.28,2026-02-25 00:00:00,27000.0,1,54.7,54.7,7,Wednesday,PERIOD_H4,EXP3_2026-01-02_2026-03-20,MINUS_1R_FIRST,60.0
EXP3_2026-01-02_2026-03-20_1121,EXP3_2026-01-02_2026-03-20_426,2026-02-25 13:15:00,LOW,BUY,5176.42,5164.05,2026-02-25 08:00:00,18900.0,1,123.7,123.7,13,Wednesday,PERIOD_H4,EXP3_2026-01-02_2026-03-20,MINUS_1R_FIRST,60.0
EXP3_2026-01-02_2026-03-20_1127,EXP3_2026-01-02_2026-03-20_427,2026-02-25 18:30:00,HIGH,SELL,5195.13,5202.83,2026-02-25 12:00:00,23400.0,1,77.0,77.0,18,Wednesday,PERIOD_H4,EXP3_2026-01-02_2026-03-20,PLUS_1R_FIRST,120.0
EXP3_2026-01-02_2026-03-20_1133,EXP3_2026-01-02_2026-03-20_430,2026-02-25 23:00:00,LOW,BUY,5158.75,5152.49,2026-02-25 16:00:00,25200.0,1,62.6,62.6,23,Wednesday,PERIOD_H4,EXP3_2026-01-02_2026-03-20,PLUS_1R_FIRST,60.0
EXP3_2026-01-02_2026-03-20_1155,EXP3_2026-01-02_2026-03-20_439,2026-02-26 17:30:00,LOW,BUY,5157.64,5141.76,2026-02-26 12:00:00,19800.0,1,158.8,158.8,17,Thursday,PERIOD_H4,EXP3_2026-01-02_2026-03-20,PLUS_1R_FIRST,60.0
EXP3_2026-01-02_2026-03-20_1161,EXP3_2026-01-02_2026-03-20_440,2026-02-26 22:15:00,HIGH,SELL,5192.66,5196.7,2026-02-26 16:00:00,22500.0,1,40.4,40.4,22,Thursday,PERIOD_H4,EXP3_2026-01-02_2026-03-20,PLUS_1R_FIRST,120.0
EXP3_2026-01-02_2026-03-20_1175,EXP3_2026-01-02_2026-03-20_445,2026-02-27 15:15:00,HIGH,SELL,5200.35,5212.82,2026-02-27 04:00:00,40500.0,1,124.7,124.7,15,Friday,PERIOD_H4,EXP3_2026-01-02_2026-03-20,MINUS_1R_FIRST,60.0
EXP3_2026-01-02_2026-03-20_1181,EXP3_2026-01-02_2026-03-20_448,2026-02-27 18:15:00,HIGH,SELL,5240.47,5253.64,2026-02-27 12:00:00,22500.0,1,131.7,131.7,18,Friday,PERIOD_H4,EXP3_2026-01-02_2026-03-20,MINUS_1R_FIRST,60.0
EXP3_2026-01-02_2026-03-20_1187,EXP3_2026-01-02_2026-03-20_450,2026-02-27 23:00:00,HIGH,SELL,5257.65,5263.14,2026-02-27 16:00:00,25200.0,1,54.9,54.9,23,Friday,PERIOD_H4,EXP3_2026-01-02_2026-03-20,PLUS_1R_FIRST,60.0
EXP3_2026-01-02_2026-03-20_1193,EXP3_2026-01-02_2026-03-20_452,2026-03-02 01:00:00,HIGH,SELL,5280.63,5300.13,2026-02-27 20:00:00,190800.0,1,195.0,195.0,1,Monday,PERIOD_H4,EXP3_2026-01-02_2026-03-20,MINUS_1R_FIRST,60.0
EXP3_2026-01-02_2026-03-20_1199,EXP3_2026-01-02_2026-03-20_454,2026-03-02 09:15:00,HIGH,SELL,5393.28,5406.25,2026-03-02 00:00:00,33300.0,1,129.7,129.7,9,Monday,PERIOD_H4,EXP3_2026-01-02_2026-03-20,MINUS_1R_FIRST,60.0
EXP3_2026-01-02_2026-03-20_1209,EXP3_2026-01-02_2026-03-20_459,2026-03-02 16:30:00,LOW,BUY,5375.1,5333.93,2026-03-02 12:00:00,16200.0,1,411.7,411.7,16,Monday,PERIOD_H4,EXP3_2026-01-02_2026-03-20,MINUS_1R_FIRST,60.0
EXP3_2026-01-02_2026-03-20_1217,EXP3_2026-01-02_2026-03-20_461,2026-03-03 02:30:00,HIGH,SELL,5346.31,5358.04,2026-03-02 20:00:00,23400.0,1,117.3,117.3,2,Tuesday,PERIOD_H4,EXP3_2026-01-02_2026-03-20,MINUS_1R_FIRST,60.0
EXP3_2026-01-02_2026-03-20_1225,EXP3_2026-01-02_2026-03-20_465,2026-03-03 08:15:00,LOW,BUY,5305.08,5290.22,2026-03-03 04:00:00,15300.0,1,148.6,148.6,8,Tuesday,PERIOD_H4,EXP3_2026-01-02_2026-03-20,PLUS_1R_FIRST,60.0
EXP3_2026-01-02_2026-03-20_1231,EXP3_2026-01-02_2026-03-20_467,2026-03-03 13:15:00,LOW,BUY,5226.16,5198.41,2026-03-03 08:00:00,18900.0,1,277.5,277.5,13,Tuesday,PERIOD_H4,EXP3_2026-01-02_2026-03-20,MINUS_1R_FIRST,60.0
EXP3_2026-01-02_2026-03-20_1237,EXP3_2026-01-02_2026-03-20_469,2026-03-03 17:00:00,LOW,BUY,5074.44,5039.2,2026-03-03 12:00:00,18000.0,1,352.4,352.4,17,Tuesday,PERIOD_H4,EXP3_2026-01-02_2026-03-20,PLUS_1R_FIRST,60.0
EXP3_2026-01-02_2026-03-20_1245,EXP3_2026-01-02_2026-03-20_472,2026-03-04 03:15:00,HIGH,SELL,5148.79,5159.5,2026-03-03 20:00:00,26100.0,1,107.1,107.1,3,Wednesday,PERIOD_H4,EXP3_2026-01-02_2026-03-20,PLUS_1R_FIRST,60.0
EXP3_2026-01-02_2026-03-20_1251,EXP3_2026-01-02_2026-03-20_473,2026-03-04 04:15:00,HIGH,SELL,5178.27,5189.81,2026-03-04 00:00:00,15300.0,1,115.4,115.4,4,Wednesday,PERIOD_H4,EXP3_2026-01-02_2026-03-20,PLUS_1R_FIRST,60.0
EXP3_2026-01-02_2026-03-20_1257,EXP3_2026-01-02_2026-03-20_476,2026-03-04 08:30:00,LOW,BUY,5141.14,5134.5,2026-03-04 04:00:00,16200.0,1,66.4,66.4,8,Wednesday,PERIOD_H4,EXP3_2026-01-02_2026-03-20,PLUS_1R_FIRST,60.0
EXP3_2026-01-02_2026-03-20_1263,EXP3_2026-01-02_2026-03-20_477,2026-03-04 12:15:00,HIGH,SELL,5184.89,5198.28,2026-03-04 08:00:00,15300.0,1,133.9,133.9,12,Wednesday,PERIOD_H4,EXP3_2026-01-02_2026-03-20,PLUS_1R_FIRST,60.0
EXP3_2026-01-02_2026-03-20_1269,EXP3_2026-01-02_2026-03-20_480,2026-03-04 17:00:00,LOW,BUY,5156.21,5145.14,2026-03-04 12:00:00,18000.0,1,110.7,110.7,17,Wednesday,PERIOD_H4,EXP3_2026-01-02_2026-03-20,PLUS_1R_FIRST,60.0
EXP3_2026-01-02_2026-03-20_1279,EXP3_2026-01-02_2026-03-20_483,2026-03-05 01:30:00,HIGH,SELL,5146.56,5154.38,2026-03-04 20:00:00,19800.0,1,78.2,78.2,1,Thursday,PERIOD_H4,EXP3_2026-01-02_2026-03-20,PLUS_1R_FIRST,300.0
EXP3_2026-01-02_2026-03-20_1285,EXP3_2026-01-02_2026-03-20_485,2026-03-05 05:00:00,HIGH,SELL,5186.16,5191.87,2026-03-05 00:00:00,18000.0,1,57.1,57.1,5,Thursday,PERIOD_H4,EXP3_2026-01-02_2026-03-20,MINUS_1R_FIRST,300.0
EXP3_2026-01-02_2026-03-20_1289,EXP3_2026-01-02_2026-03-20_486,2026-03-05 08:15:00,LOW,BUY,5144.51,5133.02,2026-03-05 00:00:00,29700.0,1,114.9,114.9,8,Thursday,PERIOD_H4,EXP3_2026-01-02_2026-03-20,MINUS_1R_FIRST,60.0
EXP3_2026-01-02_2026-03-20_1299,EXP3_2026-01-02_2026-03-20_491,2026-03-05 18:30:00,LOW,BUY,5083.72,5064.21,2026-03-05 12:00:00,23400.0,1,195.1,195.1,18,Thursday,PERIOD_H4,EXP3_2026-01-02_2026-03-20,MINUS_1R_FIRST,60.0
EXP3_2026-01-02_2026-03-20_1309,EXP3_2026-01-02_2026-03-20_494,2026-03-06 01:45:00,HIGH,SELL,5094.51,5100.9,2026-03-05 20:00:00,20700.0,1,63.9,63.9,1,Friday,PERIOD_H4,EXP3_2026-01-02_2026-03-20,PLUS_1R_FIRST,60.0
EXP3_2026-01-02_2026-03-20_1319,EXP3_2026-01-02_2026-03-20_499,2026-03-06 10:30:00,LOW,BUY,5113.91,5100.91,2026-03-06 04:00:00,23400.0,1,130.0,130.0,10,Friday,PERIOD_H4,EXP3_2026-01-02_2026-03-20,MINUS_1R_FIRST,60.0
EXP3_2026-01-02_2026-03-20_1325,EXP3_2026-01-02_2026-03-20_501,2026-03-06 14:00:00,LOW,BUY,5083.3,5077.12,2026-03-06 08:00:00,21600.0,1,61.8,61.8,14,Friday,PERIOD_H4,EXP3_2026-01-02_2026-03-20,PLUS_1R_FIRST,60.0
EXP3_2026-01-02_2026-03-20_1331,EXP3_2026-01-02_2026-03-20_502,2026-03-06 17:15:00,HIGH,SELL,5130.61,5149.01,2026-03-06 12:00:00,18900.0,1,184.0,184.0,17,Friday,PERIOD_H4,EXP3_2026-01-02_2026-03-20,PLUS_1R_FIRST,60.0
EXP3_2026-01-02_2026-03-20_1341,EXP3_2026-01-02_2026-03-20_506,2026-03-09 00:00:00,HIGH,SELL,5175.57,5179.08,2026-03-06 20:00:00,187200.0,1,35.1,35.1,0,Monday,PERIOD_H4,EXP3_2026-01-02_2026-03-20,MINUS_1R_FIRST,60.0
EXP3_2026-01-02_2026-03-20_1344,EXP3_2026-01-02_2026-03-20_507,2026-03-09 00:45:00,LOW,BUY,5138.52,5125.78,2026-03-06 20:00:00,189900.0,1,127.4,127.4,0,Monday,PERIOD_H4,EXP3_2026-01-02_2026-03-20,PLUS_1R_FIRST,60.0
EXP3_2026-01-02_2026-03-20_1357,EXP3_2026-01-02_2026-03-20_513,2026-03-09 15:45:00,LOW,BUY,5086.82,5076.08,2026-03-09 08:00:00,27900.0,1,107.4,107.4,15,Monday,PERIOD_H4,EXP3_2026-01-02_2026-03-20,AMBIGUOUS_SAME_BAR,60.0
EXP3_2026-01-02_2026-03-20_1368,EXP3_2026-01-02_2026-03-20_516,2026-03-09 21:00:00,HIGH,SELL,5115.92,5123.16,2026-03-09 16:00:00,18000.0,1,72.4,72.4,21,Monday,PERIOD_H4,EXP3_2026-01-02_2026-03-20,MINUS_1R_FIRST,60.0
EXP3_2026-01-02_2026-03-20_1374,EXP3_2026-01-02_2026-03-20_518,2026-03-10 01:00:00,HIGH,SELL,5147.89,5152.88,2026-03-09 20:00:00,18000.0,1,49.9,49.9,1,Tuesday,PERIOD_H4,EXP3_2026-01-02_2026-03-20,PLUS_1R_FIRST,60.0
EXP3_2026-01-02_2026-03-20_1389,EXP3_2026-01-02_2026-03-20_524,2026-03-10 15:15:00,HIGH,SELL,5195.02,5200.56,2026-03-10 08:00:00,26100.0,1,55.4,55.4,15,Tuesday,PERIOD_H4,EXP3_2026-01-02_2026-03-20,MINUS_1R_FIRST,60.0
EXP3_2026-01-02_2026-03-20_1395,EXP3_2026-01-02_2026-03-20_526,2026-03-10 17:45:00,HIGH,SELL,5228.55,5235.65,2026-03-10 12:00:00,20700.0,1,71.0,71.0,17,Tuesday,PERIOD_H4,EXP3_2026-01-02_2026-03-20,PLUS_1R_FIRST,120.0
EXP3_2026-01-02_2026-03-20_1411,EXP3_2026-01-02_2026-03-20_534,2026-03-11 10:30:00,LOW,BUY,5190.4,5185.31,2026-03-11 04:00:00,23400.0,1,50.9,50.9,10,Wednesday,PERIOD_H4,EXP3_2026-01-02_2026-03-20,MINUS_1R_FIRST,60.0
EXP3_2026-01-02_2026-03-20_1417,EXP3_2026-01-02_2026-03-20_536,2026-03-11 15:00:00,LOW,BUY,5175.44,5167.73,2026-03-11 08:00:00,25200.0,1,77.1,77.1,15,Wednesday,PERIOD_H4,EXP3_2026-01-02_2026-03-20,MINUS_1R_FIRST,60.0
EXP3_2026-01-02_2026-03-20_1429,EXP3_2026-01-02_2026-03-20_540,2026-03-12 01:00:00,LOW,BUY,5154.69,5138.8,2026-03-11 16:00:00,32400.0,1,158.9,158.9,1,Thursday,PERIOD_H4,EXP3_2026-01-02_2026-03-20,PLUS_1R_FIRST,60.0
EXP3_2026-01-02_2026-03-20_1439,EXP3_2026-01-02_2026-03-20_544,2026-03-12 09:45:00,HIGH,SELL,5175.0,5178.72,2026-03-12 04:00:00,20700.0,1,37.2,37.2,9,Thursday,PERIOD_H4,EXP3_2026-01-02_2026-03-20,MINUS_1R_FIRST,60.0
EXP3_2026-01-02_2026-03-20_1449,EXP3_2026-01-02_2026-03-20_549,2026-03-12 17:15:00,LOW,BUY,5145.95,5124.89,2026-03-12 12:00:00,18900.0,1,210.6,210.6,17,Thursday,PERIOD_H4,EXP3_2026-01-02_2026-03-20,MINUS_1R_FIRST,60.0
EXP3_2026-01-02_2026-03-20_1455,EXP3_2026-01-02_2026-03-20_551,2026-03-12 21:00:00,LOW,BUY,5102.39,5094.7,2026-03-12 16:00:00,18000.0,1,76.9,76.9,21,Thursday,PERIOD_H4,EXP3_2026-01-02_2026-03-20,MINUS_1R_FIRST,60.0
EXP3_2026-01-02_2026-03-20_1461,EXP3_2026-01-02_2026-03-20_552,2026-03-13 03:15:00,HIGH,SELL,5112.41,5119.41,2026-03-12 20:00:00,26100.0,1,70.0,70.0,3,Friday,PERIOD_H4,EXP3_2026-01-02_2026-03-20,PLUS_1R_FIRST,60.0
EXP3_2026-01-02_2026-03-20_1469,EXP3_2026-01-02_2026-03-20_556,2026-03-13 08:45:00,LOW,BUY,5098.24,5092.1,2026-03-13 04:00:00,17100.0,1,61.4,61.4,8,Friday,PERIOD_H4,EXP3_2026-01-02_2026-03-20,PLUS_1R_FIRST,120.0
EXP3_2026-01-02_2026-03-20_1475,EXP3_2026-01-02_2026-03-20_557,2026-03-13 14:30:00,HIGH,SELL,5107.6,5113.5,2026-03-13 08:00:00,23400.0,1,59.0,59.0,14,Friday,PERIOD_H4,EXP3_2026-01-02_2026-03-20,MINUS_1R_FIRST,60.0
EXP3_2026-01-02_2026-03-20_1481,EXP3_2026-01-02_2026-03-20_560,2026-03-13 17:00:00,LOW,BUY,5079.84,5042.08,2026-03-13 12:00:00,18000.0,1,377.6,377.6,17,Friday,PERIOD_H4,EXP3_2026-01-02_2026-03-20,PLUS_1R_FIRST,60.0
EXP3_2026-01-02_2026-03-20_1487,EXP3_2026-01-02_2026-03-20_562,2026-03-13 22:30:00,LOW,BUY,5018.86,5014.39,2026-03-13 16:00:00,23400.0,1,44.7,44.7,22,Friday,PERIOD_H4,EXP3_2026-01-02_2026-03-20,PLUS_1R_FIRST,120.0
EXP3_2026-01-02_2026-03-20_1493,EXP3_2026-01-02_2026-03-20_564,2026-03-16 01:30:00,LOW,BUY,5009.49,4990.2,2026-03-13 20:00:00,192600.0,1,192.9,192.9,1,Monday,PERIOD_H4,EXP3_2026-01-02_2026-03-20,MINUS_1R_FIRST,120.0
EXP3_2026-01-02_2026-03-20_1504,EXP3_2026-01-02_2026-03-20_568,2026-03-16 09:45:00,LOW,BUY,4997.66,4993.04,2026-03-16 04:00:00,20700.0,1,46.2,46.2,9,Monday,PERIOD_H4,EXP3_2026-01-02_2026-03-20,PLUS_1R_FIRST,60.0
EXP3_2026-01-02_2026-03-20_1522,EXP3_2026-01-02_2026-03-20_575,2026-03-17 04:00:00,HIGH,SELL,5021.43,5027.61,2026-03-16 20:00:00,28800.0,1,61.8,61.8,4,Tuesday,PERIOD_H4,EXP3_2026-01-02_2026-03-20,PLUS_1R_FIRST,180.0
EXP3_2026-01-02_2026-03-20_1530,EXP3_2026-01-02_2026-03-20_579,2026-03-17 12:45:00,LOW,BUY,5005.04,4999.57,2026-03-17 08:00:00,17100.0,1,54.7,54.7,12,Tuesday,PERIOD_H4,EXP3_2026-01-02_2026-03-20,PLUS_1R_FIRST,420.0
EXP3_2026-01-02_2026-03-20_1536,EXP3_2026-01-02_2026-03-20_581,2026-03-17 17:45:00,LOW,BUY,4991.71,4984.81,2026-03-17 12:00:00,20700.0,1,69.0,69.0,17,Tuesday,PERIOD_H4,EXP3_2026-01-02_2026-03-20,PLUS_1R_FIRST,60.0
EXP3_2026-01-02_2026-03-20_1551,EXP3_2026-01-02_2026-03-20_587,2026-03-18 06:45:00,LOW,BUY,4991.18,4984.66,2026-03-18 00:00:00,24300.0,1,65.2,65.2,6,Wednesday,PERIOD_H4,EXP3_2026-01-02_2026-03-20,PLUS_1R_FIRST,900.0
EXP3_2026-01-02_2026-03-20_1557,EXP3_2026-01-02_2026-03-20_588,2026-03-18 08:45:00,HIGH,SELL,5006.82,5011.17,2026-03-18 04:00:00,17100.0,1,43.5,43.5,8,Wednesday,PERIOD_H4,EXP3_2026-01-02_2026-03-20,MINUS_1R_FIRST,240.0
EXP3_2026-01-02_2026-03-20_1563,EXP3_2026-01-02_2026-03-20_591,2026-03-18 13:00:00,LOW,BUY,4977.13,4968.22,2026-03-18 08:00:00,18000.0,1,89.1,89.1,13,Wednesday,PERIOD_H4,EXP3_2026-01-02_2026-03-20,MINUS_1R_FIRST,60.0
EXP3_2026-01-02_2026-03-20_1571,EXP3_2026-01-02_2026-03-20_594,2026-03-18 21:30:00,LOW,BUY,4856.43,4849.18,2026-03-18 16:00:00,19800.0,1,72.5,72.5,21,Wednesday,PERIOD_H4,EXP3_2026-01-02_2026-03-20,PLUS_1R_FIRST,120.0
EXP3_2026-01-02_2026-03-20_1583,EXP3_2026-01-02_2026-03-20_598,2026-03-19 08:45:00,LOW,BUY,4804.1,4786.43,2026-03-19 00:00:00,31500.0,1,176.7,176.7,8,Thursday,PERIOD_H4,EXP3_2026-01-02_2026-03-20,MINUS_1R_FIRST,60.0
EXP3_2026-01-02_2026-03-20_1589,EXP3_2026-01-02_2026-03-20_601,2026-03-19 13:00:00,LOW,BUY,4686.63,4679.27,2026-03-19 08:00:00,18000.0,1,73.6,73.6,13,Thursday,PERIOD_H4,EXP3_2026-01-02_2026-03-20,PLUS_1R_FIRST,60.0
EXP3_2026-01-02_2026-03-20_1599,EXP3_2026-01-02_2026-03-20_604,2026-03-19 21:15:00,HIGH,SELL,4649.06,4656.94,2026-03-19 16:00:00,18900.0,1,78.8,78.8,21,Thursday,PERIOD_H4,EXP3_2026-01-02_2026-03-20,PLUS_1R_FIRST,60.0
EXP3_2026-01-02_2026-03-20_1605,EXP3_2026-01-02_2026-03-20_606,2026-03-20 00:15:00,HIGH,SELL,4663.24,4670.77,2026-03-19 20:00:00,15300.0,1,75.3,75.3,0,Friday,PERIOD_H4,EXP3_2026-01-02_2026-03-20,MINUS_1R_FIRST,60.0
EXP3_2026-01-02_2026-03-20_1611,EXP3_2026-01-02_2026-03-20_608,2026-03-20 05:15:00,HIGH,SELL,4699.21,4717.19,2026-03-20 00:00:00,18900.0,1,179.8,179.8,5,Friday,PERIOD_H4,EXP3_2026-01-02_2026-03-20,MINUS_1R_FIRST,120.0
EXP3_2026-01-02_2026-03-20_1617,EXP3_2026-01-02_2026-03-20_611,2026-03-20 08:45:00,LOW,BUY,4670.17,4666.14,2026-03-20 04:00:00,17100.0,1,40.3,40.3,8,Friday,PERIOD_H4,EXP3_2026-01-02_2026-03-20,PLUS_1R_FIRST,60.0
EXP3_2026-01-02_2026-03-20_1623,EXP3_2026-01-02_2026-03-20_613,2026-03-20 13:00:00,LOW,BUY,4659.8,4645.73,2026-03-20 08:00:00,18000.0,1,140.7,140.7,13,Friday,PERIOD_H4,EXP3_2026-01-02_2026-03-20,MINUS_1R_FIRST,60.0
EXP3_2026-01-02_2026-03-20_1629,EXP3_2026-01-02_2026-03-20_615,2026-03-20 16:15:00,LOW,BUY,4612.64,4587.43,2026-03-20 12:00:00,15300.0,1,252.1,252.1,16,Friday,PERIOD_H4,EXP3_2026-01-02_2026-03-20,MINUS_1R_FIRST,60.0
